name,family,subtype,stim_side,rate_hz,n_neurons_stim,n_annotated,total_spikes_all,ignition,dm_n_responsive,dm_spikes_total,dm_spikes_left,dm_spikes_right,dm_spikes_center,dm_n_resp_left,dm_n_resp_right,dm_n_resp_center,DNa01_left,DNa01_right,DNa02_left,DNa02_right,DNa_other_left,DNa_other_right,DNp09_left,DNp09_right,DNp_other_left,DNp_other_right,DAN_n_responsive,DAN_spikes_total,ipsi_spikes,contra_spikes,ipsi_n_responsive,contra_n_responsive,LI,wall_s_wave
ORN_DA1_L,ORN,ORN_DA1,left,50.0,60,60,132392.0,True,152,1329.0,639.0,661.0,29.0,75,73,4,8.0,1.0,13.0,0.0,25.0,18.0,0.0,0.0,201.0,206.0,155,2480.0,639.0,661.0,75,73,-0.016923076923076923,7.52545690536499
ORN_DA1_L,ORN,ORN_DA1,left,150.0,60,60,136740.0,True,159,1381.0,683.0,670.0,28.0,81,73,5,9.0,1.0,15.0,0.0,32.0,18.0,0.0,0.0,200.0,208.0,155,2519.0,683.0,670.0,81,73,0.009608277900960829,7.52545690536499
ORN_DA1_R,ORN,ORN_DA1,right,50.0,66,66,127692.0,True,162,1349.0,664.0,656.0,29.0,79,78,5,5.0,2.0,15.0,0.0,32.0,18.0,0.0,0.0,204.0,206.0,151,2360.0,656.0,664.0,78,79,-0.006060606060606061,7.52545690536499
ORN_DA1_R,ORN,ORN_DA1,right,150.0,66,66,135595.0,True,161,1358.0,671.0,658.0,29.0,79,77,5,6.0,3.0,18.0,0.0,32.0,18.0,0.0,0.0,197.0,194.0,155,2477.0,658.0,671.0,77,79,-0.009781790820165538,7.52545690536499
ORN_DA2_R,ORN,ORN_DA2,right,50.0,22,22,325.0,False,0,0.0,0.0,0.0,0.0,0,0,0,0.0,0.0,0.0,0.0,0.0,0.0,0.0,0.0,0.0,0.0,0,0.0,0.0,0.0,0,0,nan,7.52545690536499
ORN_DA2_R,ORN,ORN_DA2,right,150.0,22,22,1117.0,False,0,0.0,0.0,0.0,0.0,0,0,0,0.0,0.0,0.0,0.0,0.0,0.0,0.0,0.0,0.0,0.0,0,0.0,0.0,0.0,0,0,nan,7.52545690536499
ORN_DA4m_L,ORN,ORN_DA4m,left,50.0,20,20,372.0,False,0,0.0,0.0,0.0,0.0,0,0,0,0.0,0.0,0.0,0.0,0.0,0.0,0.0,0.0,0.0,0.0,0,0.0,0.0,0.0,0,0,nan,7.52545690536499
ORN_DA4m_L,ORN,ORN_DA4m,left,150.0,20,20,119921.0,True,149,1175.0,572.0,581.0,22.0,73,72,4,5.0,1.0,18.0,0.0,25.0,15.0,0.0,0.0,175.0,187.0,155,2250.0,572.0,581.0,73,72,-0.007805724197745013,7.52545690536499
ORN_DC1_L,ORN,ORN_DC1,left,50.0,21,21,126681.0,True,154,1249.0,610.0,612.0,27.0,73,76,5,5.0,3.0,11.0,0.0,22.0,14.0,0.0,0.0,195.0,195.0,155,2364.0,610.0,612.0,73,76,-0.0016366612111292963,7.52545690536499
ORN_DC1_L,ORN,ORN_DC1,left,150.0,21,21,130644.0,True,157,1367.0,649.0,691.0,27.0,77,76,4,5.0,2.0,13.0,0.0,27.0,14.0,0.0,0.0,205.0,220.0,150,2433.0,649.0,691.0,77,76,-0.03134328358208955,7.52545690536499
ORN_DL1_L,ORN,ORN_DL1,left,50.0,34,34,128540.0,True,157,1321.0,641.0,656.0,24.0,78,75,4,7.0,3.0,14.0,0.0,27.0,14.0,0.0,0.0,203.0,209.0,159,2406.0,641.0,656.0,78,75,-0.01156515034695451,7.52545690536499
ORN_DL1_L,ORN,ORN_DL1,left,150.0,34,34,133500.0,True,144,1336.0,650.0,657.0,29.0,72,67,5,7.0,3.0,16.0,0.0,25.0,16.0,0.0,0.0,205.0,203.0,156,2479.0,650.0,657.0,72,67,-0.005355776587605203,7.52545690536499
ORN_DL1_R,ORN,ORN_DL1,right,50.0,34,34,133261.0,True,162,1319.0,641.0,651.0,27.0,81,76,5,6.0,3.0,13.0,0.0,23.0,16.0,0.0,0.0,203.0,213.0,161,2511.0,651.0,641.0,76,81,0.007739938080495356,7.52545690536499
ORN_DL1_R,ORN,ORN_DL1,right,150.0,34,34,130744.0,True,152,1286.0,611.0,648.0,27.0,77,70,5,5.0,2.0,12.0,0.0,24.0,16.0,0.0,0.0,190.0,209.0,153,2421.0,648.0,611.0,70,77,0.02938840349483717,7.52545690536499
ORN_DL3_L,ORN,ORN_DL3,left,50.0,36,36,559.0,False,0,0.0,0.0,0.0,0.0,0,0,0,0.0,0.0,0.0,0.0,0.0,0.0,0.0,0.0,0.0,0.0,0,0.0,0.0,0.0,0,0,nan,7.52545690536499
ORN_DL3_L,ORN,ORN_DL3,left,150.0,36,36,122676.0,True,157,1257.0,610.0,625.0,22.0,78,76,3,8.0,2.0,17.0,1.0,30.0,21.0,0.0,0.0,176.0,199.0,153,2245.0,610.0,625.0,78,76,-0.012145748987854251,7.52545690536499
ORN_DL3_R,ORN,ORN_DL3,right,50.0,42,42,108724.0,True,146,1135.0,561.0,551.0,23.0,73,68,5,5.0,1.0,13.0,0.0,22.0,13.0,0.0,0.0,167.0,171.0,152,2009.0,551.0,561.0,68,73,-0.008992805755395683,7.52545690536499
ORN_DL3_R,ORN,ORN_DL3,right,150.0,42,42,128575.0,True,158,1297.0,636.0,636.0,25.0,81,73,4,7.0,1.0,18.0,0.0,29.0,13.0,0.0,0.0,196.0,206.0,157,2401.0,636.0,636.0,73,81,0.0,7.52545690536499
ORN_DL4_L,ORN,ORN_DL4,left,50.0,27,27,508.0,False,0,0.0,0.0,0.0,0.0,0,0,0,0.0,0.0,0.0,0.0,0.0,0.0,0.0,0.0,0.0,0.0,0,0.0,0.0,0.0,0,0,nan,7.52545690536499
ORN_DL4_L,ORN,ORN_DL4,left,150.0,27,27,120994.0,True,162,1253.0,589.0,639.0,25.0,75,83,4,4.0,3.0,12.0,1.0,22.0,15.0,0.0,0.0,192.0,205.0,153,2238.0,589.0,639.0,75,83,-0.04071661237785016,7.52545690536499
ORN_DL4_R,ORN,ORN_DL4,right,50.0,25,25,89570.0,True,156,951.0,472.0,461.0,18.0,80,73,3,4.0,2.0,10.0,0.0,20.0,9.0,0.0,0.0,146.0,147.0,151,1634.0,461.0,472.0,73,80,-0.011789924973204717,7.52545690536499
ORN_DL4_R,ORN,ORN_DL4,right,150.0,25,25,124937.0,True,166,1283.0,647.0,611.0,25.0,82,80,4,8.0,3.0,15.0,0.0,32.0,17.0,0.0,0.0,192.0,196.0,155,2325.0,611.0,647.0,80,82,-0.028616852146263912,7.52545690536499
ORN_DL5_R,ORN,ORN_DL5,right,50.0,24,24,130344.0,True,164,1352.0,660.0,666.0,26.0,82,77,5,8.0,3.0,15.0,0.0,29.0,14.0,0.0,0.0,203.0,212.0,156,2459.0,666.0,660.0,77,82,0.004524886877828055,7.52545690536499
ORN_DL5_R,ORN,ORN_DL5,right,150.0,24,24,132827.0,True,146,1312.0,622.0,666.0,24.0,72,69,5,8.0,2.0,12.0,1.0,25.0,16.0,0.0,0.0,192.0,208.0,152,2502.0,666.0,622.0,69,72,0.034161490683229816,7.52545690536499
ORN_DM1_L,ORN,ORN_DM1,left,50.0,35,35,131932.0,True,155,1323.0,608.0,685.0,30.0,75,75,5,6.0,4.0,9.0,0.0,23.0,17.0,0.0,0.0,191.0,215.0,155,2511.0,608.0,685.0,75,75,-0.05955143078112916,7.52545690536499
ORN_DM1_L,ORN,ORN_DM1,left,150.0,35,35,135271.0,True,154,1384.0,692.0,664.0,28.0,76,73,5,6.0,1.0,15.0,0.0,28.0,14.0,0.0,0.0,225.0,218.0,151,2500.0,692.0,664.0,76,73,0.02064896755162242,7.52545690536499
ORN_DM1_R,ORN,ORN_DM1,right,50.0,33,33,131559.0,True,148,1355.0,667.0,660.0,28.0,73,70,5,6.0,3.0,12.0,0.0,27.0,13.0,0.0,0.0,207.0,211.0,153,2481.0,660.0,667.0,70,73,-0.0052750565184626974,7.52545690536499
ORN_DM1_R,ORN,ORN_DM1,right,150.0,33,33,133839.0,True,147,1352.0,640.0,686.0,26.0,71,72,4,5.0,4.0,12.0,0.0,24.0,18.0,0.0,0.0,200.0,219.0,153,2499.0,686.0,640.0,72,71,0.03469079939668175,7.52545690536499
ORN_DM2_L,ORN,ORN_DM2,left,50.0,29,29,130027.0,True,148,1320.0,641.0,650.0,29.0,72,71,5,7.0,2.0,14.0,1.0,23.0,16.0,0.0,0.0,202.0,209.0,157,2424.0,641.0,650.0,72,71,-0.006971340046475601,7.52545690536499
ORN_DM2_L,ORN,ORN_DM2,left,150.0,29,29,129790.0,True,153,1311.0,651.0,631.0,29.0,77,71,5,6.0,0.0,12.0,0.0,21.0,11.0,0.0,0.0,196.0,202.0,154,2431.0,651.0,631.0,77,71,0.015600624024960999,7.52545690536499
ORN_DM2_R,ORN,ORN_DM2,right,50.0,25,25,128470.0,True,150,1281.0,631.0,627.0,23.0,73,73,4,5.0,3.0,13.0,0.0,25.0,14.0,0.0,0.0,196.0,198.0,158,2403.0,627.0,631.0,73,73,-0.003179650238473768,7.52545690536499
ORN_DM2_R,ORN,ORN_DM2,right,150.0,25,25,129876.0,True,152,1327.0,656.0,645.0,26.0,78,70,4,5.0,2.0,14.0,0.0,33.0,15.0,0.0,0.0,208.0,198.0,154,2429.0,645.0,656.0,70,78,-0.008455034588777863,7.52545690536499
ORN_DM3_L,ORN,ORN_DM3,left,50.0,32,32,124040.0,True,153,1266.0,596.0,644.0,26.0,77,72,4,6.0,3.0,10.0,0.0,22.0,15.0,0.0,0.0,190.0,197.0,155,2320.0,596.0,644.0,77,72,-0.03870967741935484,7.720031023025513
ORN_DM3_L,ORN,ORN_DM3,left,150.0,32,32,130639.0,True,150,1284.0,635.0,624.0,25.0,76,70,4,5.0,1.0,16.0,0.0,26.0,12.0,0.0,0.0,200.0,205.0,152,2459.0,635.0,624.0,76,70,0.008737092930897538,7.720031023025513
ORN_DM3_R,ORN,ORN_DM3,right,50.0,29,29,122574.0,True,154,1232.0,583.0,622.0,27.0,75,75,4,5.0,2.0,10.0,1.0,23.0,14.0,0.0,0.0,182.0,195.0,158,2299.0,622.0,583.0,75,75,0.03236514522821577,7.720031023025513
ORN_DM3_R,ORN,ORN_DM3,right,150.0,29,29,127523.0,True,143,1306.0,602.0,677.0,27.0,69,70,4,6.0,0.0,13.0,0.0,23.0,20.0,0.0,0.0,190.0,216.0,154,2382.0,677.0,602.0,70,69,0.058639562157935886,7.720031023025513
ORN_DM4_L,ORN,ORN_DM4,left,50.0,20,21,130548.0,True,145,1331.0,638.0,664.0,29.0,71,70,4,6.0,2.0,14.0,0.0,27.0,19.0,0.0,0.0,195.0,208.0,153,2462.0,638.0,664.0,71,70,-0.019969278033794162,7.720031023025513
ORN_DM4_L,ORN,ORN_DM4,left,150.0,20,21,132083.0,True,154,1366.0,661.0,679.0,26.0,79,71,4,7.0,2.0,14.0,0.0,29.0,14.0,0.0,0.0,197.0,216.0,152,2470.0,661.0,679.0,79,71,-0.013432835820895522,7.720031023025513
ORN_DM4_R,ORN,ORN_DM4,right,50.0,20,20,128975.0,True,155,1316.0,630.0,662.0,24.0,77,73,5,8.0,1.0,15.0,0.0,24.0,14.0,0.0,0.0,199.0,204.0,151,2431.0,662.0,630.0,73,77,0.02476780185758514,7.720031023025513
ORN_DM4_R,ORN,ORN_DM4,right,150.0,20,20,132691.0,True,155,1400.0,682.0,691.0,27.0,78,73,4,8.0,1.0,15.0,1.0,25.0,19.0,0.0,0.0,219.0,220.0,152,2487.0,691.0,682.0,73,78,0.0065549890750182084,7.720031023025513
ORN_DM5_L,ORN,ORN_DM5,left,50.0,21,21,329.0,False,0,0.0,0.0,0.0,0.0,0,0,0,0.0,0.0,0.0,0.0,0.0,0.0,0.0,0.0,0.0,0.0,0,0.0,0.0,0.0,0,0,nan,7.720031023025513
ORN_DM5_L,ORN,ORN_DM5,left,150.0,21,21,106263.0,True,145,1076.0,504.0,551.0,21.0,67,73,5,8.0,1.0,12.0,0.0,19.0,10.0,0.0,0.0,151.0,185.0,152,1955.0,504.0,551.0,67,73,-0.04454976303317536,7.720031023025513
ORN_DM5_R,ORN,ORN_DM5,right,50.0,21,21,343.0,False,0,0.0,0.0,0.0,0.0,0,0,0,0.0,0.0,0.0,0.0,0.0,0.0,0.0,0.0,0.0,0.0,0,0.0,0.0,0.0,0,0,nan,7.720031023025513
ORN_DM5_R,ORN,ORN_DM5,right,150.0,21,21,120450.0,True,152,1229.0,593.0,610.0,26.0,76,71,5,5.0,3.0,13.0,0.0,23.0,15.0,0.0,0.0,182.0,184.0,150,2234.0,610.0,593.0,71,76,0.014131338320864505,7.720031023025513
ORN_DM6_L,ORN,ORN_DM6,left,50.0,27,27,106090.0,True,152,1087.0,542.0,524.0,21.0,79,68,5,8.0,0.0,16.0,0.0,22.0,12.0,0.0,0.0,167.0,166.0,151,1969.0,542.0,524.0,79,68,0.016885553470919325,7.720031023025513
ORN_DM6_L,ORN,ORN_DM6,left,150.0,27,27,127811.0,True,157,1257.0,629.0,602.0,26.0,78,75,4,6.0,1.0,11.0,0.0,25.0,11.0,0.0,0.0,192.0,191.0,154,2386.0,629.0,602.0,78,75,0.021933387489845652,7.720031023025513
ORN_DM6_R,ORN,ORN_DM6,right,50.0,25,25,111285.0,True,146,1178.0,586.0,569.0,23.0,73,69,4,6.0,3.0,14.0,0.0,23.0,14.0,0.0,0.0,181.0,180.0,153,2066.0,569.0,586.0,69,73,-0.01471861471861472,7.720031023025513
ORN_DM6_R,ORN,ORN_DM6,right,150.0,25,25,130495.0,True,145,1302.0,638.0,643.0,21.0,73,69,3,8.0,0.0,11.0,0.0,23.0,14.0,0.0,0.0,198.0,202.0,155,2444.0,643.0,638.0,69,73,0.0039032006245121,7.720031023025513
ORN_V_L,ORN,ORN_V,left,50.0,34,34,93452.0,True,152,987.0,470.0,496.0,21.0,77,70,5,5.0,1.0,11.0,0.0,23.0,12.0,0.0,0.0,143.0,158.0,154,1714.0,470.0,496.0,77,70,-0.026915113871635612,7.720031023025513
ORN_V_L,ORN,ORN_V,left,150.0,34,34,130772.0,True,151,1293.0,624.0,639.0,30.0,76,70,5,6.0,3.0,11.0,0.0,21.0,14.0,0.0,0.0,190.0,203.0,155,2447.0,624.0,639.0,76,70,-0.011876484560570071,7.720031023025513
ORN_V_R,ORN,ORN_V,right,50.0,33,33,113528.0,True,158,1137.0,545.0,571.0,21.0,78,76,4,5.0,1.0,13.0,0.0,27.0,16.0,0.0,0.0,168.0,182.0,157,2124.0,571.0,545.0,76,78,0.023297491039426525,7.720031023025513
ORN_V_R,ORN,ORN_V,right,150.0,33,33,130984.0,True,158,1315.0,667.0,622.0,26.0,78,75,5,7.0,1.0,16.0,0.0,31.0,13.0,0.0,0.0,198.0,194.0,156,2439.0,622.0,667.0,75,78,-0.03491078355314197,7.720031023025513
ORN_VA1d_L,ORN,ORN_VA1d,left,50.0,48,48,118876.0,True,150,1189.0,577.0,586.0,26.0,76,69,5,9.0,0.0,10.0,0.0,27.0,18.0,0.0,0.0,172.0,183.0,153,2195.0,577.0,586.0,76,69,-0.007738607050730868,7.720031023025513
ORN_VA1d_L,ORN,ORN_VA1d,left,150.0,48,48,127975.0,True,164,1312.0,645.0,644.0,23.0,85,75,4,7.0,1.0,14.0,0.0,30.0,14.0,0.0,0.0,194.0,215.0,151,2341.0,645.0,644.0,85,75,0.0007757951900698216,7.720031023025513
ORN_VA1d_R,ORN,ORN_VA1d,right,50.0,45,45,115590.0,True,155,1191.0,586.0,581.0,24.0,76,74,5,4.0,1.0,16.0,0.0,29.0,13.0,0.0,0.0,175.0,185.0,152,2129.0,581.0,586.0,74,76,-0.004284490145672665,7.720031023025513
ORN_VA1d_R,ORN,ORN_VA1d,right,150.0,45,45,127749.0,True,160,1324.0,647.0,649.0,28.0,79,76,5,6.0,2.0,11.0,0.0,22.0,16.0,0.0,0.0,198.0,211.0,149,2356.0,649.0,647.0,76,79,0.0015432098765432098,7.720031023025513
ORN_VA1v_L,ORN,ORN_VA1v,left,50.0,46,46,114310.0,True,159,1191.0,566.0,602.0,23.0,76,78,5,3.0,5.0,13.0,0.0,27.0,15.0,0.0,0.0,181.0,192.0,153,2112.0,566.0,602.0,76,78,-0.030821917808219176,7.720031023025513
ORN_VA1v_L,ORN,ORN_VA1v,left,150.0,46,46,128502.0,True,150,1250.0,606.0,624.0,20.0,74,72,4,7.0,0.0,13.0,0.0,27.0,14.0,0.0,0.0,180.0,204.0,150,2367.0,606.0,624.0,74,72,-0.014634146341463415,7.720031023025513
ORN_VA1v_R,ORN,ORN_VA1v,right,50.0,38,38,116480.0,True,153,1181.0,586.0,571.0,24.0,76,73,4,4.0,2.0,11.0,0.0,26.0,11.0,0.0,0.0,182.0,183.0,154,2172.0,571.0,586.0,73,76,-0.01296456352636128,7.720031023025513
ORN_VA1v_R,ORN,ORN_VA1v,right,150.0,38,38,130353.0,True,155,1316.0,636.0,651.0,29.0,76,75,4,6.0,2.0,15.0,0.0,27.0,18.0,0.0,0.0,200.0,197.0,153,2410.0,651.0,636.0,75,76,0.011655011655011656,7.720031023025513
ORN_VA2_L,ORN,ORN_VA2,left,50.0,34,34,128023.0,True,157,1324.0,657.0,644.0,23.0,78,76,3,6.0,4.0,18.0,0.0,31.0,16.0,0.0,0.0,197.0,200.0,153,2387.0,657.0,644.0,78,76,0.009992313604919293,7.720031023025513
ORN_VA2_L,ORN,ORN_VA2,left,150.0,34,34,135875.0,True,167,1370.0,671.0,671.0,28.0,83,79,5,5.0,1.0,18.0,0.0,36.0,15.0,0.0,0.0,212.0,212.0,158,2546.0,671.0,671.0,83,79,0.0,7.720031023025513
ORN_VA2_R,ORN,ORN_VA2,right,50.0,33,33,128184.0,True,146,1299.0,653.0,620.0,26.0,71,70,5,6.0,2.0,16.0,0.0,28.0,15.0,0.0,0.0,202.0,191.0,152,2374.0,620.0,653.0,70,71,-0.025923016496465043,7.720031023025513
ORN_VA2_R,ORN,ORN_VA2,right,150.0,33,33,132454.0,True,150,1350.0,658.0,667.0,25.0,75,70,5,7.0,3.0,17.0,0.0,26.0,13.0,0.0,0.0,207.0,216.0,152,2474.0,667.0,658.0,70,75,0.006792452830188679,7.720031023025513
ORN_VA6_L,ORN,ORN_VA6,left,50.0,32,32,126660.0,True,159,1302.0,629.0,647.0,26.0,78,76,5,6.0,3.0,18.0,0.0,27.0,14.0,0.0,0.0,197.0,211.0,154,2376.0,629.0,647.0,78,76,-0.014106583072100314,7.3914079666137695
ORN_VA6_L,ORN,ORN_VA6,left,150.0,32,32,132599.0,True,163,1353.0,655.0,674.0,24.0,84,75,4,8.0,1.0,17.0,0.0,30.0,16.0,0.0,0.0,199.0,210.0,153,2456.0,655.0,674.0,84,75,-0.014296463506395787,7.3914079666137695
ORN_VA6_R,ORN,ORN_VA6,right,50.0,28,28,127778.0,True,170,1336.0,635.0,676.0,25.0,83,83,4,5.0,2.0,12.0,1.0,24.0,17.0,0.0,0.0,189.0,208.0,157,2400.0,676.0,635.0,83,83,0.031273836765827616,7.3914079666137695
ORN_VA6_R,ORN,ORN_VA6,right,150.0,28,28,134738.0,True,157,1408.0,691.0,689.0,28.0,80,72,5,6.0,3.0,14.0,0.0,31.0,17.0,0.0,0.0,207.0,218.0,154,2514.0,689.0,691.0,72,80,-0.0014492753623188406,7.3914079666137695
ORN_VL1_L,ORN,ORN_VL1,left,50.0,39,39,106051.0,True,150,1063.0,517.0,522.0,24.0,75,70,5,5.0,0.0,8.0,0.0,19.0,13.0,0.0,0.0,162.0,170.0,153,1962.0,517.0,522.0,75,70,-0.004812319538017324,7.3914079666137695
ORN_VL1_L,ORN,ORN_VL1,left,150.0,39,39,127125.0,True,161,1254.0,602.0,626.0,26.0,75,81,5,7.0,1.0,10.0,1.0,22.0,15.0,0.0,0.0,191.0,201.0,162,2352.0,602.0,626.0,75,81,-0.019543973941368076,7.3914079666137695
ORN_VL1_R,ORN,ORN_VL1,right,50.0,39,39,41805.0,True,125,410.0,187.0,217.0,6.0,62,61,2,3.0,1.0,4.0,0.0,6.0,4.0,0.0,0.0,55.0,67.0,149,702.0,217.0,187.0,61,62,0.07425742574257425,7.3914079666137695
ORN_VL1_R,ORN,ORN_VL1,right,150.0,39,39,124795.0,True,167,1226.0,581.0,618.0,27.0,81,81,5,9.0,1.0,12.0,0.0,20.0,18.0,0.0,0.0,175.0,197.0,162,2320.0,618.0,581.0,81,81,0.030859049207673062,7.3914079666137695
ORN_VL2a_L,ORN,ORN_VL2a,left,50.0,33,33,131403.0,True,160,1292.0,636.0,632.0,24.0,81,74,5,9.0,0.0,15.0,0.0,29.0,15.0,0.0,0.0,199.0,201.0,164,2491.0,636.0,632.0,81,74,0.0031545741324921135,7.3914079666137695
ORN_VL2a_L,ORN,ORN_VL2a,left,150.0,33,33,138386.0,True,162,1373.0,648.0,697.0,28.0,76,81,5,7.0,3.0,12.0,1.0,24.0,17.0,0.0,0.0,198.0,222.0,162,2580.0,648.0,697.0,76,81,-0.036431226765799254,7.3914079666137695
ORN_VL2a_R,ORN,ORN_VL2a,right,50.0,38,38,135730.0,True,160,1361.0,654.0,679.0,28.0,76,79,5,11.0,4.0,17.0,1.0,26.0,17.0,0.0,0.0,202.0,230.0,162,2540.0,679.0,654.0,79,76,0.018754688672168042,7.3914079666137695
ORN_VL2a_R,ORN,ORN_VL2a,right,150.0,38,38,136676.0,True,153,1368.0,669.0,667.0,32.0,75,73,5,10.0,0.0,15.0,0.0,29.0,15.0,0.0,0.0,209.0,224.0,158,2561.0,667.0,669.0,73,75,-0.0014970059880239522,7.3914079666137695
ORN_VM4_L,ORN,ORN_VM4,left,50.0,35,35,123256.0,True,160,1313.0,674.0,615.0,24.0,79,77,4,5.0,2.0,16.0,1.0,33.0,13.0,0.0,0.0,211.0,185.0,155,2313.0,674.0,615.0,79,77,0.045771916214119475,7.3914079666137695
ORN_VM4_L,ORN,ORN_VM4,left,150.0,35,35,135411.0,True,155,1338.0,657.0,651.0,30.0,76,74,5,7.0,1.0,17.0,0.0,31.0,16.0,0.0,0.0,200.0,200.0,156,2532.0,657.0,651.0,76,74,0.0045871559633027525,7.3914079666137695
ORN_VM4_R,ORN,ORN_VM4,right,50.0,40,40,128282.0,True,160,1301.0,640.0,635.0,26.0,79,76,5,7.0,3.0,14.0,0.0,31.0,14.0,0.0,0.0,190.0,204.0,156,2405.0,635.0,640.0,76,79,-0.00392156862745098,7.3914079666137695
ORN_VM4_R,ORN,ORN_VM4,right,150.0,40,40,137637.0,True,158,1384.0,672.0,687.0,25.0,78,75,5,6.0,3.0,16.0,0.0,30.0,16.0,0.0,0.0,205.0,218.0,158,2573.0,687.0,672.0,75,78,0.011037527593818985,7.3914079666137695
ORN_VM5d_L,ORN,ORN_VM5d,left,50.0,36,36,123263.0,True,157,1270.0,626.0,617.0,27.0,78,74,5,6.0,2.0,17.0,0.0,29.0,16.0,0.0,0.0,192.0,198.0,154,2297.0,626.0,617.0,78,74,0.007240547063555913,7.3914079666137695
ORN_VM5d_L,ORN,ORN_VM5d,left,150.0,36,36,132722.0,True,158,1318.0,667.0,619.0,32.0,85,68,5,4.0,0.0,17.0,0.0,32.0,13.0,0.0,0.0,196.0,205.0,165,2507.0,667.0,619.0,85,68,0.03732503888024884,7.3914079666137695
ORN_VM5d_R,ORN,ORN_VM5d,right,50.0,31,31,94443.0,True,151,966.0,468.0,479.0,19.0,75,71,5,6.0,1.0,8.0,0.0,18.0,12.0,0.0,0.0,140.0,159.0,155,1747.0,479.0,468.0,71,75,0.011615628299894404,7.3914079666137695
ORN_VM5d_R,ORN,ORN_VM5d,right,150.0,31,31,128416.0,True,157,1276.0,604.0,647.0,25.0,80,73,4,6.0,2.0,10.0,0.0,23.0,16.0,0.0,0.0,182.0,209.0,163,2422.0,647.0,604.0,73,80,0.03437250199840128,7.3914079666137695
ALPN_D_L,ALPN,D,left,50.0,3,3,108576.0,True,149,1123.0,555.0,545.0,23.0,76,68,5,5.0,2.0,9.0,0.0,22.0,14.0,0.0,0.0,171.0,170.0,160,2034.0,555.0,545.0,76,68,0.00909090909090909,7.3914079666137695
ALPN_D_L,ALPN,D,left,150.0,3,3,127185.0,True,156,1322.0,662.0,635.0,25.0,81,70,5,5.0,5.0,14.0,0.0,29.0,16.0,0.0,0.0,201.0,201.0,156,2406.0,662.0,635.0,81,70,0.02081727062451812,7.3914079666137695
ALPN_D_R,ALPN,D,right,50.0,3,3,97906.0,True,146,1021.0,492.0,505.0,24.0,73,68,5,6.0,1.0,11.0,0.0,21.0,11.0,0.0,0.0,150.0,165.0,153,1819.0,505.0,492.0,68,73,0.013039117352056168,7.3914079666137695
ALPN_D_R,ALPN,D,right,150.0,3,3,126233.0,True,147,1275.0,604.0,649.0,22.0,70,74,3,7.0,2.0,13.0,2.0,24.0,18.0,0.0,0.0,182.0,204.0,156,2389.0,649.0,604.0,74,70,0.035913806863527534,7.3914079666137695
ALPN_DA1_L,ALPN,DA1,left,50.0,9,9,129932.0,True,161,1354.0,667.0,657.0,30.0,80,76,5,5.0,2.0,18.0,1.0,34.0,18.0,0.0,0.0,197.0,204.0,154,2467.0,667.0,657.0,80,76,0.0075528700906344415,7.3914079666137695
ALPN_DA1_L,ALPN,DA1,left,150.0,9,9,136062.0,True,158,1375.0,666.0,677.0,32.0,78,75,5,5.0,3.0,14.0,0.0,30.0,18.0,0.0,0.0,211.0,212.0,158,2593.0,666.0,677.0,78,75,-0.008190618019359643,7.3914079666137695
ALPN_DA1_R,ALPN,DA1,right,50.0,8,8,130966.0,True,150,1346.0,631.0,686.0,29.0,73,72,5,6.0,1.0,13.0,1.0,27.0,18.0,0.0,0.0,192.0,218.0,158,2491.0,686.0,631.0,72,73,0.04176157934700076,7.3914079666137695
ALPN_DA1_R,ALPN,DA1,right,150.0,8,8,136404.0,True,152,1339.0,621.0,693.0,25.0,75,73,4,6.0,2.0,11.0,0.0,21.0,17.0,0.0,0.0,188.0,221.0,162,2577.0,693.0,621.0,73,75,0.0547945205479452,7.3914079666137695
ALPN_DA2_L,ALPN,DA2,left,50.0,5,5,102.0,False,0,0.0,0.0,0.0,0.0,0,0,0,0.0,0.0,0.0,0.0,0.0,0.0,0.0,0.0,0.0,0.0,0,0.0,0.0,0.0,0,0,nan,7.3914079666137695
ALPN_DA2_L,ALPN,DA2,left,150.0,5,5,441.0,False,1,4.0,4.0,0.0,0.0,1,0,0,0.0,0.0,0.0,0.0,0.0,0.0,0.0,0.0,0.0,0.0,0,0.0,4.0,0.0,1,0,1.0,7.3914079666137695
ALPN_DA2_R,ALPN,DA2,right,50.0,6,6,123.0,False,0,0.0,0.0,0.0,0.0,0,0,0,0.0,0.0,0.0,0.0,0.0,0.0,0.0,0.0,0.0,0.0,0,0.0,0.0,0.0,0,0,nan,7.3914079666137695
ALPN_DA2_R,ALPN,DA2,right,150.0,6,6,625.0,False,1,5.0,5.0,0.0,0.0,1,0,0,0.0,0.0,0.0,0.0,0.0,0.0,0.0,0.0,0.0,0.0,1,5.0,0.0,5.0,0,1,-1.0,7.3914079666137695
ALPN_DC3_L,ALPN,DC3,left,50.0,3,3,120827.0,True,151,1228.0,599.0,603.0,26.0,74,73,4,4.0,3.0,12.0,0.0,24.0,14.0,0.0,0.0,187.0,190.0,156,2280.0,599.0,603.0,74,73,-0.0033277870216306157,7.398258924484253
ALPN_DC3_L,ALPN,DC3,left,150.0,3,3,135336.0,True,162,1353.0,658.0,665.0,30.0,84,74,4,6.0,1.0,15.0,0.0,26.0,19.0,0.0,0.0,201.0,210.0,161,2573.0,658.0,665.0,84,74,-0.005291005291005291,7.398258924484253
ALPN_DC4_L,ALPN,DC4,left,50.0,3,3,37575.0,False,123,381.0,200.0,175.0,6.0,66,54,3,1.0,1.0,5.0,0.0,9.0,4.0,0.0,0.0,60.0,51.0,144,633.0,200.0,175.0,66,54,0.06666666666666667,7.398258924484253
ALPN_DC4_L,ALPN,DC4,left,150.0,3,3,130534.0,True,154,1265.0,618.0,625.0,22.0,75,75,4,4.0,3.0,12.0,0.0,27.0,14.0,0.0,0.0,192.0,192.0,160,2475.0,618.0,625.0,75,75,-0.0056315366049879325,7.398258924484253
ALPN_DC4_R,ALPN,DC4,right,50.0,3,3,1501.0,False,55,105.0,46.0,59.0,0.0,25,30,0,2.0,0.0,3.0,1.0,4.0,3.0,0.0,0.0,1.0,2.0,12,32.0,59.0,46.0,30,25,0.12380952380952381,7.398258924484253
ALPN_DC4_R,ALPN,DC4,right,150.0,3,3,124952.0,True,151,1220.0,595.0,601.0,24.0,75,72,4,4.0,2.0,17.0,0.0,25.0,14.0,0.0,0.0,177.0,192.0,159,2385.0,601.0,595.0,72,75,0.005016722408026756,7.398258924484253
ALPN_DL2d_L,ALPN,DL2d,left,50.0,7,7,100622.0,True,148,1026.0,502.0,506.0,18.0,74,70,4,4.0,2.0,8.0,0.0,19.0,13.0,0.0,0.0,155.0,155.0,155,1876.0,502.0,506.0,74,70,-0.003968253968253968,7.398258924484253
ALPN_DL2d_L,ALPN,DL2d,left,150.0,7,7,135918.0,True,156,1330.0,651.0,647.0,32.0,76,75,5,6.0,5.0,15.0,0.0,32.0,15.0,0.0,0.0,192.0,197.0,164,2590.0,651.0,647.0,76,75,0.0030816640986132513,7.398258924484253
ALPN_DL2d_R,ALPN,DL2d,right,50.0,7,7,120338.0,True,149,1220.0,584.0,612.0,24.0,74,71,4,6.0,2.0,12.0,0.0,25.0,15.0,0.0,0.0,180.0,196.0,158,2264.0,612.0,584.0,71,74,0.023411371237458192,7.398258924484253
ALPN_DL2d_R,ALPN,DL2d,right,150.0,7,7,127942.0,True,146,1296.0,623.0,648.0,25.0,71,71,4,6.0,1.0,12.0,0.0,28.0,16.0,0.0,0.0,197.0,211.0,156,2410.0,648.0,623.0,71,71,0.01966955153422502,7.398258924484253
ALPN_DL2v_L,ALPN,DL2v,left,50.0,4,4,71500.0,True,134,705.0,360.0,330.0,15.0,69,61,4,3.0,3.0,8.0,0.0,16.0,8.0,0.0,0.0,111.0,98.0,154,1321.0,360.0,330.0,69,61,0.043478260869565216,7.398258924484253
ALPN_DL2v_L,ALPN,DL2v,left,150.0,4,4,133519.0,True,147,1309.0,638.0,641.0,30.0,72,70,5,6.0,5.0,15.0,0.0,27.0,18.0,0.0,0.0,202.0,203.0,162,2574.0,638.0,641.0,72,70,-0.0023455824863174357,7.398258924484253
ALPN_DL2v_R,ALPN,DL2v,right,50.0,4,4,68371.0,True,133,679.0,299.0,369.0,11.0,66,64,3,4.0,0.0,4.0,0.0,10.0,9.0,0.0,0.0,86.0,123.0,153,1236.0,369.0,299.0,64,66,0.10479041916167664,7.398258924484253
ALPN_DL2v_R,ALPN,DL2v,right,150.0,4,4,133844.0,True,160,1383.0,663.0,692.0,28.0,78,77,5,10.0,1.0,14.0,0.0,26.0,18.0,0.0,0.0,200.0,223.0,158,2540.0,692.0,663.0,77,78,0.021402214022140223,7.398258924484253
ALPN_DL3_L,ALPN,DL3,left,50.0,5,5,106595.0,True,147,1112.0,558.0,530.0,24.0,76,67,4,7.0,4.0,13.0,0.0,25.0,13.0,0.0,0.0,169.0,166.0,156,2005.0,558.0,530.0,76,67,0.025735294117647058,7.398258924484253
ALPN_DL3_L,ALPN,DL3,left,150.0,5,5,130347.0,True,149,1299.0,635.0,638.0,26.0,76,69,4,5.0,2.0,16.0,1.0,27.0,17.0,0.0,0.0,189.0,192.0,159,2491.0,635.0,638.0,76,69,-0.002356637863315004,7.398258924484253
ALPN_DL3_R,ALPN,DL3,right,50.0,5,5,25502.0,False,112,246.0,111.0,131.0,4.0,53,57,2,3.0,0.0,3.0,2.0,4.0,4.0,0.0,0.0,38.0,40.0,133,390.0,131.0,111.0,57,53,0.08264462809917356,7.398258924484253
ALPN_DL3_R,ALPN,DL3,right,150.0,5,5,134181.0,True,161,1298.0,624.0,645.0,29.0,84,73,4,6.0,3.0,13.0,0.0,27.0,17.0,0.0,0.0,192.0,198.0,162,2544.0,645.0,624.0,73,84,0.016548463356973995,7.398258924484253
ALPN_DM5_L,ALPN,DM5,left,50.0,3,3,66789.0,True,136,670.0,338.0,319.0,13.0,71,62,3,4.0,3.0,7.0,0.0,14.0,10.0,0.0,0.0,106.0,100.0,156,1220.0,338.0,319.0,71,62,0.0289193302891933,7.398258924484253
ALPN_DM5_L,ALPN,DM5,left,150.0,3,3,122695.0,True,153,1231.0,619.0,586.0,26.0,79,69,5,4.0,2.0,10.0,0.0,29.0,14.0,0.0,0.0,189.0,185.0,158,2346.0,619.0,586.0,79,69,0.027385892116182572,7.398258924484253
ALPN_DM6_L,ALPN,DM6,left,50.0,3,3,117488.0,True,153,1222.0,605.0,592.0,25.0,76,73,4,3.0,4.0,17.0,0.0,29.0,17.0,0.0,0.0,185.0,185.0,156,2235.0,605.0,592.0,76,73,0.01086048454469507,7.398258924484253
ALPN_DM6_L,ALPN,DM6,left,150.0,3,3,128855.0,True,146,1245.0,609.0,613.0,23.0,76,66,4,5.0,2.0,11.0,0.0,29.0,16.0,0.0,0.0,183.0,186.0,159,2457.0,609.0,613.0,76,66,-0.0032733224222585926,7.398258924484253
ALPN_DM6_R,ALPN,DM6,right,50.0,3,3,11329.0,False,80,121.0,49.0,71.0,1.0,34,45,1,1.0,0.0,1.0,0.0,0.0,1.0,0.0,0.0,15.0,25.0,82,108.0,71.0,49.0,45,34,0.18333333333333332,7.398258924484253
ALPN_DM6_R,ALPN,DM6,right,150.0,3,3,129556.0,True,147,1245.0,602.0,618.0,25.0,72,70,5,8.0,1.0,15.0,1.0,24.0,15.0,0.0,0.0,181.0,194.0,157,2465.0,618.0,602.0,70,72,0.013114754098360656,7.398258924484253
ALPN_VA1d_L,ALPN,VA1d,left,50.0,3,3,90866.0,True,144,917.0,466.0,432.0,19.0,72,67,5,4.0,2.0,12.0,0.0,22.0,12.0,0.0,0.0,137.0,131.0,156,1697.0,466.0,432.0,72,67,0.0378619153674833,7.398258924484253
ALPN_VA1d_L,ALPN,VA1d,left,150.0,3,3,133190.0,True,152,1330.0,658.0,647.0,25.0,79,68,5,5.0,4.0,15.0,0.0,27.0,14.0,0.0,0.0,197.0,200.0,154,2529.0,658.0,647.0,79,68,0.00842911877394636,7.398258924484253
ALPN_VA1d_R,ALPN,VA1d,right,50.0,5,5,124806.0,True,154,1268.0,610.0,634.0,24.0,78,72,4,6.0,3.0,13.0,0.0,27.0,16.0,0.0,0.0,187.0,202.0,157,2369.0,634.0,610.0,72,78,0.01929260450160772,7.398258924484253
ALPN_VA1d_R,ALPN,VA1d,right,150.0,5,5,136602.0,True,155,1373.0,640.0,704.0,29.0,75,75,5,7.0,0.0,16.0,0.0,28.0,20.0,0.0,0.0,194.0,231.0,166,2623.0,704.0,640.0,75,75,0.047619047619047616,7.398258924484253
ALPN_VA1v_L,ALPN,VA1v,left,50.0,6,6,117754.0,True,151,1206.0,587.0,592.0,27.0,78,68,5,7.0,1.0,11.0,0.0,26.0,16.0,0.0,0.0,181.0,190.0,155,2216.0,587.0,592.0,78,68,-0.004240882103477523,7.398258924484253
ALPN_VA1v_L,ALPN,VA1v,left,150.0,6,6,132137.0,True,153,1263.0,619.0,621.0,23.0,77,72,4,4.0,2.0,13.0,0.0,23.0,13.0,0.0,0.0,197.0,194.0,156,2498.0,619.0,621.0,77,72,-0.0016129032258064516,7.398258924484253
ALPN_VA1v_R,ALPN,VA1v,right,50.0,7,7,112656.0,True,156,1105.0,537.0,544.0,24.0,76,75,5,6.0,2.0,6.0,0.0,15.0,10.0,0.0,0.0,174.0,178.0,156,2145.0,544.0,537.0,75,76,0.0064754856614246065,7.398258924484253
ALPN_VA1v_R,ALPN,VA1v,right,150.0,7,7,131837.0,True,161,1338.0,635.0,675.0,28.0,78,78,5,7.0,0.0,11.0,0.0,26.0,18.0,0.0,0.0,199.0,216.0,159,2530.0,675.0,635.0,78,78,0.030534351145038167,7.398258924484253
ALPN_VA5_L,ALPN,VA5,left,50.0,3,3,114995.0,True,152,1147.0,580.0,544.0,23.0,76,72,4,6.0,3.0,15.0,1.0,30.0,14.0,0.0,0.0,173.0,170.0,155,2183.0,580.0,544.0,76,72,0.03202846975088968,7.203801155090332
ALPN_VA5_L,ALPN,VA5,left,150.0,3,3,124045.0,True,156,1246.0,617.0,606.0,23.0,78,73,5,5.0,1.0,14.0,1.0,28.0,17.0,0.0,0.0,187.0,184.0,156,2318.0,617.0,606.0,78,73,0.008994276369582993,7.203801155090332
ALPN_VA5_R,ALPN,VA5,right,50.0,3,3,67.0,False,0,0.0,0.0,0.0,0.0,0,0,0,0.0,0.0,0.0,0.0,0.0,0.0,0.0,0.0,0.0,0.0,0,0.0,0.0,0.0,0,0,nan,7.203801155090332
ALPN_VA5_R,ALPN,VA5,right,150.0,3,3,100060.0,True,146,988.0,474.0,495.0,19.0,69,73,4,4.0,1.0,9.0,0.0,20.0,11.0,0.0,0.0,149.0,150.0,157,1879.0,495.0,474.0,73,69,0.021671826625386997,7.203801155090332
ALPN_VA7m_L,ALPN,VA7m,left,50.0,3,3,57.0,False,0,0.0,0.0,0.0,0.0,0,0,0,0.0,0.0,0.0,0.0,0.0,0.0,0.0,0.0,0.0,0.0,0,0.0,0.0,0.0,0,0,nan,7.203801155090332
ALPN_VA7m_L,ALPN,VA7m,left,150.0,3,3,129955.0,True,158,1239.0,589.0,626.0,24.0,80,74,4,5.0,4.0,14.0,0.0,28.0,18.0,0.0,0.0,174.0,187.0,161,2476.0,589.0,626.0,80,74,-0.030452674897119343,7.203801155090332
ALPN_VA7m_R,ALPN,VA7m,right,50.0,3,3,43.0,False,0,0.0,0.0,0.0,0.0,0,0,0,0.0,0.0,0.0,0.0,0.0,0.0,0.0,0.0,0.0,0.0,0,0.0,0.0,0.0,0,0,nan,7.203801155090332
ALPN_VA7m_R,ALPN,VA7m,right,150.0,3,3,117954.0,True,152,1121.0,537.0,564.0,20.0,73,74,5,3.0,2.0,12.0,0.0,23.0,14.0,0.0,0.0,157.0,179.0,161,2243.0,564.0,537.0,74,73,0.02452316076294278,7.203801155090332
ALPN_VC3_L,ALPN,VC3,left,50.0,4,4,134034.0,True,150,1306.0,645.0,634.0,27.0,74,72,4,5.0,2.0,13.0,0.0,33.0,17.0,0.0,0.0,191.0,195.0,162,2552.0,645.0,634.0,74,72,0.008600469116497263,7.203801155090332
ALPN_VC3_L,ALPN,VC3,left,150.0,4,4,126507.0,True,144,1206.0,591.0,587.0,28.0,72,67,5,4.0,2.0,14.0,0.0,26.0,14.0,0.0,0.0,186.0,175.0,161,2434.0,591.0,587.0,72,67,0.003395585738539898,7.203801155090332
ALPN_VC3_R,ALPN,VC3,right,50.0,4,4,82500.0,True,134,790.0,368.0,404.0,18.0,69,61,4,6.0,0.0,10.0,0.0,13.0,10.0,0.0,0.0,106.0,128.0,166,1548.0,404.0,368.0,61,69,0.046632124352331605,7.203801155090332
ALPN_VC3_R,ALPN,VC3,right,150.0,4,4,135006.0,True,153,1334.0,619.0,689.0,26.0,75,74,4,7.0,3.0,12.0,1.0,27.0,18.0,0.0,0.0,185.0,208.0,160,2604.0,689.0,619.0,74,75,0.053516819571865444,7.203801155090332
ALPN_VC4_L,ALPN,VC4,left,50.0,3,3,90.0,False,0,0.0,0.0,0.0,0.0,0,0,0,0.0,0.0,0.0,0.0,0.0,0.0,0.0,0.0,0.0,0.0,0,0.0,0.0,0.0,0,0,nan,7.203801155090332
ALPN_VC4_L,ALPN,VC4,left,150.0,3,3,131391.0,True,149,1337.0,656.0,655.0,26.0,72,72,5,4.0,2.0,13.0,1.0,26.0,15.0,0.0,0.0,206.0,204.0,157,2520.0,656.0,655.0,72,72,0.0007627765064836003,7.203801155090332
ALPN_VC5_L,ALPN,VC5,left,50.0,3,3,132394.0,True,152,1279.0,629.0,625.0,25.0,77,70,5,3.0,3.0,14.0,0.0,28.0,13.0,0.0,0.0,193.0,188.0,158,2532.0,629.0,625.0,77,70,0.003189792663476874,7.203801155090332
ALPN_VC5_L,ALPN,VC5,left,150.0,3,3,130741.0,True,155,1316.0,653.0,634.0,29.0,78,72,5,6.0,4.0,12.0,0.0,30.0,15.0,0.0,0.0,199.0,200.0,158,2500.0,653.0,634.0,78,72,0.014763014763014764,7.203801155090332
ALPN_VL2a_L,ALPN,VL2a,left,50.0,4,4,132265.0,True,146,1243.0,599.0,621.0,23.0,72,71,3,7.0,5.0,12.0,0.0,23.0,13.0,0.0,0.0,186.0,192.0,160,2549.0,599.0,621.0,72,71,-0.018032786885245903,7.203801155090332
ALPN_VL2a_L,ALPN,VL2a,left,150.0,4,4,134460.0,True,153,1344.0,658.0,658.0,28.0,79,69,5,3.0,2.0,15.0,0.0,25.0,14.0,0.0,0.0,200.0,201.0,157,2567.0,658.0,658.0,79,69,0.0,7.203801155090332
ALPN_VL2a_R,ALPN,VL2a,right,50.0,3,3,85158.0,True,152,851.0,408.0,424.0,19.0,80,67,5,6.0,1.0,8.0,0.0,18.0,10.0,0.0,0.0,114.0,136.0,158,1585.0,424.0,408.0,67,80,0.019230769230769232,7.203801155090332
ALPN_VL2a_R,ALPN,VL2a,right,150.0,3,3,137071.0,True,149,1310.0,623.0,661.0,26.0,74,71,4,7.0,2.0,14.0,0.0,27.0,19.0,0.0,0.0,187.0,200.0,164,2634.0,661.0,623.0,71,74,0.029595015576323987,7.203801155090332
ALPN_VM4_L,ALPN,VM4,left,50.0,3,3,125422.0,True,151,1244.0,633.0,586.0,25.0,75,72,4,7.0,2.0,15.0,0.0,27.0,11.0,0.0,0.0,183.0,176.0,161,2394.0,633.0,586.0,75,72,0.03855619360131255,7.203801155090332
ALPN_VM4_L,ALPN,VM4,left,150.0,3,3,131495.0,True,158,1328.0,664.0,637.0,27.0,82,71,5,5.0,3.0,14.0,0.0,31.0,14.0,0.0,0.0,200.0,185.0,158,2514.0,664.0,637.0,82,71,0.0207532667179093,7.203801155090332
ALPN_VM4_R,ALPN,VM4,right,50.0,4,4,90432.0,True,139,880.0,419.0,441.0,20.0,70,64,5,3.0,0.0,6.0,0.0,15.0,10.0,0.0,0.0,124.0,143.0,157,1673.0,441.0,419.0,64,70,0.02558139534883721,7.203801155090332
ALPN_VM4_R,ALPN,VM4,right,150.0,4,4,127009.0,True,155,1228.0,579.0,623.0,26.0,75,76,4,6.0,2.0,12.0,0.0,24.0,15.0,0.0,0.0,174.0,200.0,155,2380.0,623.0,579.0,76,75,0.036605657237936774,7.203801155090332
ALPN_VM5d_L,ALPN,VM5d,left,50.0,4,4,116995.0,True,151,1167.0,591.0,551.0,25.0,77,69,5,4.0,2.0,14.0,0.0,30.0,16.0,0.0,0.0,179.0,172.0,160,2213.0,591.0,551.0,77,69,0.03502626970227671,7.203801155090332
ALPN_VM5d_L,ALPN,VM5d,left,150.0,4,4,132070.0,True,148,1286.0,624.0,637.0,25.0,72,71,5,5.0,1.0,12.0,0.0,29.0,14.0,0.0,0.0,193.0,201.0,156,2515.0,624.0,637.0,72,71,-0.010309278350515464,7.203801155090332
ALPN_VM5d_R,ALPN,VM5d,right,50.0,5,5,106607.0,True,151,1072.0,510.0,540.0,22.0,74,73,4,3.0,2.0,13.0,0.0,25.0,15.0,0.0,0.0,154.0,170.0,158,2009.0,540.0,510.0,73,74,0.02857142857142857,7.203801155090332
ALPN_VM5d_R,ALPN,VM5d,right,150.0,5,5,127980.0,True,144,1287.0,616.0,642.0,29.0,70,70,4,8.0,3.0,14.0,0.0,26.0,18.0,0.0,0.0,188.0,198.0,161,2449.0,642.0,616.0,70,70,0.02066772655007949,7.203801155090332
ALPN_VM5v_L,ALPN,VM5v,left,50.0,3,3,38.0,False,0,0.0,0.0,0.0,0.0,0,0,0,0.0,0.0,0.0,0.0,0.0,0.0,0.0,0.0,0.0,0.0,0,0.0,0.0,0.0,0,0,nan,7.203801155090332
ALPN_VM5v_L,ALPN,VM5v,left,150.0,3,3,123101.0,True,150,1225.0,620.0,580.0,25.0,76,69,5,8.0,0.0,15.0,0.0,29.0,13.0,0.0,0.0,189.0,189.0,157,2347.0,620.0,580.0,76,69,0.03333333333333333,7.203801155090332
ALPN_VM5v_R,ALPN,VM5v,right,50.0,3,3,62.0,False,0,0.0,0.0,0.0,0.0,0,0,0,0.0,0.0,0.0,0.0,0.0,0.0,0.0,0.0,0.0,0.0,0,0.0,0.0,0.0,0,0,nan,7.203801155090332
ALPN_VM5v_R,ALPN,VM5v,right,150.0,3,3,123492.0,True,147,1199.0,560.0,612.0,27.0,70,72,5,6.0,2.0,13.0,0.0,26.0,13.0,0.0,0.0,176.0,192.0,159,2368.0,612.0,560.0,72,70,0.04436860068259386,7.203801155090332
ALPN_VM7d_R,ALPN,VM7d,right,50.0,3,3,91.0,False,0,0.0,0.0,0.0,0.0,0,0,0,0.0,0.0,0.0,0.0,0.0,0.0,0.0,0.0,0.0,0.0,0,0.0,0.0,0.0,0,0,nan,5.545697927474976
ALPN_VM7d_R,ALPN,VM7d,right,150.0,3,3,131282.0,True,146,1249.0,594.0,631.0,24.0,68,74,4,8.0,1.0,14.0,0.0,27.0,15.0,0.0,0.0,187.0,211.0,157,2499.0,631.0,594.0,74,68,0.030204081632653063,5.545697927474976
ALPN_VP1l+_L,ALPN,VP1l+,left,50.0,4,4,63.0,False,0,0.0,0.0,0.0,0.0,0,0,0,0.0,0.0,0.0,0.0,0.0,0.0,0.0,0.0,0.0,0.0,0,0.0,0.0,0.0,0,0,nan,5.545697927474976
ALPN_VP1l+_L,ALPN,VP1l+,left,150.0,4,4,117322.0,True,146,1172.0,577.0,571.0,24.0,70,71,5,4.0,4.0,13.0,1.0,25.0,15.0,0.0,0.0,181.0,179.0,156,2212.0,577.0,571.0,70,71,0.005226480836236934,5.545697927474976
ALPN_VP1l+_R,ALPN,VP1l+,right,50.0,4,4,82.0,False,0,0.0,0.0,0.0,0.0,0,0,0,0.0,0.0,0.0,0.0,0.0,0.0,0.0,0.0,0.0,0.0,0,0.0,0.0,0.0,0,0,nan,5.545697927474976
ALPN_VP1l+_R,ALPN,VP1l+,right,150.0,4,4,185.0,False,0,0.0,0.0,0.0,0.0,0,0,0,0.0,0.0,0.0,0.0,0.0,0.0,0.0,0.0,0.0,0.0,0,0.0,0.0,0.0,0,0,nan,5.545697927474976
ALPN_food_pool_L,ALPN_pool,ALPN_food_pool,left,50.0,6,6,142945.0,True,165,1385.0,714.0,641.0,30.0,83,77,5,5.0,1.0,16.0,0.0,32.0,15.0,0.0,0.0,218.0,203.0,162,2752.0,714.0,641.0,83,77,0.05387453874538745,5.545697927474976
ALPN_food_pool_L,ALPN_pool,ALPN_food_pool,left,150.0,6,6,142275.0,True,156,1428.0,715.0,685.0,28.0,83,69,4,7.0,2.0,18.0,0.0,37.0,21.0,0.0,0.0,217.0,212.0,162,2740.0,715.0,685.0,83,69,0.02142857142857143,5.545697927474976
ALPN_food_pool_R,ALPN_pool,ALPN_food_pool,right,50.0,6,6,136471.0,True,153,1298.0,599.0,672.0,27.0,71,78,4,7.0,3.0,13.0,1.0,21.0,17.0,0.0,0.0,184.0,219.0,159,2622.0,672.0,599.0,78,71,0.057435090479937057,5.545697927474976
ALPN_food_pool_R,ALPN_pool,ALPN_food_pool,right,150.0,6,6,143504.0,True,144,1355.0,646.0,687.0,22.0,68,73,3,7.0,2.0,17.0,0.0,26.0,15.0,0.0,0.0,201.0,227.0,158,2716.0,687.0,646.0,73,68,0.03075768942235559,5.545697927474976
ALPN_smoke_pool_L,ALPN_pool,ALPN_smoke_pool,left,50.0,8,8,104825.0,True,144,998.0,493.0,488.0,17.0,73,67,4,4.0,1.0,12.0,0.0,19.0,10.0,0.0,0.0,155.0,156.0,157,1985.0,493.0,488.0,73,67,0.0050968399592252805,5.545697927474976
ALPN_smoke_pool_L,ALPN_pool,ALPN_smoke_pool,left,150.0,8,8,141691.0,True,152,1318.0,645.0,646.0,27.0,78,70,4,7.0,3.0,17.0,0.0,26.0,13.0,0.0,0.0,200.0,205.0,159,2693.0,645.0,646.0,78,70,-0.000774593338497289,5.545697927474976
ALPN_smoke_pool_R,ALPN_pool,ALPN_smoke_pool,right,50.0,9,9,123320.0,True,162,1144.0,550.0,565.0,29.0,78,79,5,6.0,2.0,13.0,0.0,21.0,12.0,0.0,0.0,168.0,190.0,164,2350.0,565.0,550.0,79,78,0.013452914798206279,5.545697927474976
ALPN_smoke_pool_R,ALPN_pool,ALPN_smoke_pool,right,150.0,9,9,142202.0,True,156,1386.0,668.0,687.0,31.0,75,76,5,10.0,1.0,16.0,0.0,28.0,17.0,0.0,0.0,206.0,228.0,161,2704.0,687.0,668.0,76,75,0.014022140221402213,5.545697927474976
JO-A1_L,JO,JO-A1,left,50.0,11,11,157.0,False,0,0.0,0.0,0.0,0.0,0,0,0,0.0,0.0,0.0,0.0,0.0,0.0,0.0,0.0,0.0,0.0,0,0.0,0.0,0.0,0,0,nan,5.545697927474976
JO-A1_L,JO,JO-A1,left,150.0,11,11,521.0,False,3,9.0,6.0,3.0,0.0,2,1,0,0.0,0.0,0.0,0.0,0.0,0.0,0.0,0.0,0.0,0.0,0,0.0,6.0,3.0,2,1,0.3333333333333333,5.545697927474976
JO-A1_R,JO,JO-A1,right,50.0,10,10,162.0,False,0,0.0,0.0,0.0,0.0,0,0,0,0.0,0.0,0.0,0.0,0.0,0.0,0.0,0.0,0.0,0.0,0,0.0,0.0,0.0,0,0,nan,5.545697927474976
JO-A1_R,JO,JO-A1,right,150.0,10,10,473.0,False,1,5.0,0.0,5.0,0.0,0,1,0,0.0,0.0,0.0,0.0,0.0,0.0,0.0,0.0,0.0,0.0,0,0.0,5.0,0.0,1,0,1.0,5.545697927474976
JO-A2_L,JO,JO-A2,left,50.0,16,16,242.0,False,0,0.0,0.0,0.0,0.0,0,0,0,0.0,0.0,0.0,0.0,0.0,0.0,0.0,0.0,0.0,0.0,0,0.0,0.0,0.0,0,0,nan,5.545697927474976
JO-A2_L,JO,JO-A2,left,150.0,16,16,732.0,False,0,0.0,0.0,0.0,0.0,0,0,0,0.0,0.0,0.0,0.0,0.0,0.0,0.0,0.0,0.0,0.0,0,0.0,0.0,0.0,0,0,nan,5.545697927474976
JO-A2_R,JO,JO-A2,right,50.0,17,17,270.0,False,0,0.0,0.0,0.0,0.0,0,0,0,0.0,0.0,0.0,0.0,0.0,0.0,0.0,0.0,0.0,0.0,0,0.0,0.0,0.0,0,0,nan,5.545697927474976
JO-A2_R,JO,JO-A2,right,150.0,17,17,896.0,False,10,42.0,5.0,37.0,0.0,1,9,0,0.0,0.0,0.0,0.0,0.0,0.0,0.0,0.0,0.0,15.0,0,0.0,37.0,5.0,9,1,0.7619047619047619,5.545697927474976
JO-A5_L,JO,JO-A5,left,50.0,17,17,249.0,False,0,0.0,0.0,0.0,0.0,0,0,0,0.0,0.0,0.0,0.0,0.0,0.0,0.0,0.0,0.0,0.0,0,0.0,0.0,0.0,0,0,nan,5.545697927474976
JO-A5_L,JO,JO-A5,left,150.0,17,17,798.0,False,1,1.0,1.0,0.0,0.0,1,0,0,0.0,0.0,0.0,0.0,0.0,0.0,0.0,0.0,1.0,0.0,0,0.0,1.0,0.0,1,0,1.0,5.545697927474976
JO-A5_R,JO,JO-A5,right,50.0,20,20,317.0,False,2,8.0,0.0,8.0,0.0,0,2,0,0.0,0.0,0.0,0.0,0.0,0.0,0.0,0.0,0.0,3.0,0,0.0,8.0,0.0,2,0,1.0,5.545697927474976
JO-A5_R,JO,JO-A5,right,150.0,20,20,976.0,False,4,52.0,0.0,52.0,0.0,0,4,0,0.0,0.0,0.0,0.0,0.0,0.0,0.0,0.0,0.0,29.0,0,0.0,52.0,0.0,4,0,1.0,5.545697927474976
JO-B1_a_L,JO,JO-B1_a,left,50.0,77,78,1112.0,False,0,0.0,0.0,0.0,0.0,0,0,0,0.0,0.0,0.0,0.0,0.0,0.0,0.0,0.0,0.0,0.0,0,0.0,0.0,0.0,0,0,nan,5.545697927474976
JO-B1_a_L,JO,JO-B1_a,left,150.0,77,78,3447.0,False,1,1.0,1.0,0.0,0.0,1,0,0,0.0,0.0,0.0,0.0,0.0,0.0,0.0,0.0,1.0,0.0,0,0.0,1.0,0.0,1,0,1.0,5.545697927474976
JO-B1_a_R,JO,JO-B1_a,right,50.0,28,28,429.0,False,0,0.0,0.0,0.0,0.0,0,0,0,0.0,0.0,0.0,0.0,0.0,0.0,0.0,0.0,0.0,0.0,0,0.0,0.0,0.0,0,0,nan,5.545697927474976
JO-B1_a_R,JO,JO-B1_a,right,150.0,28,28,1260.0,False,1,8.0,0.0,8.0,0.0,0,1,0,0.0,0.0,0.0,0.0,0.0,0.0,0.0,0.0,0.0,8.0,0,0.0,8.0,0.0,1,0,1.0,5.545697927474976
JO-B1_b_L,JO,JO-B1_b,left,50.0,14,14,214.0,False,0,0.0,0.0,0.0,0.0,0,0,0,0.0,0.0,0.0,0.0,0.0,0.0,0.0,0.0,0.0,0.0,0,0.0,0.0,0.0,0,0,nan,5.545697927474976
JO-B1_b_L,JO,JO-B1_b,left,150.0,14,14,618.0,False,0,0.0,0.0,0.0,0.0,0,0,0,0.0,0.0,0.0,0.0,0.0,0.0,0.0,0.0,0.0,0.0,0,0.0,0.0,0.0,0,0,nan,5.545697927474976
JO-B1_b_R,JO,JO-B1_b,right,50.0,13,13,179.0,False,0,0.0,0.0,0.0,0.0,0,0,0,0.0,0.0,0.0,0.0,0.0,0.0,0.0,0.0,0.0,0.0,0,0.0,0.0,0.0,0,0,nan,4.218783855438232
JO-B1_b_R,JO,JO-B1_b,right,150.0,13,13,682.0,False,3,15.0,0.0,15.0,0.0,0,3,0,0.0,0.0,0.0,0.0,0.0,0.0,0.0,0.0,0.0,1.0,0,0.0,15.0,0.0,3,0,1.0,4.218783855438232
JO-B1_c_L,JO,JO-B1_c,left,50.0,11,11,153.0,False,0,0.0,0.0,0.0,0.0,0,0,0,0.0,0.0,0.0,0.0,0.0,0.0,0.0,0.0,0.0,0.0,0,0.0,0.0,0.0,0,0,nan,4.218783855438232
JO-B1_c_L,JO,JO-B1_c,left,150.0,11,11,489.0,False,0,0.0,0.0,0.0,0.0,0,0,0,0.0,0.0,0.0,0.0,0.0,0.0,0.0,0.0,0.0,0.0,0,0.0,0.0,0.0,0,0,nan,4.218783855438232
JO-B1_c_R,JO,JO-B1_c,right,50.0,11,11,152.0,False,0,0.0,0.0,0.0,0.0,0,0,0,0.0,0.0,0.0,0.0,0.0,0.0,0.0,0.0,0.0,0.0,0,0.0,0.0,0.0,0,0,nan,4.218783855438232
JO-B1_c_R,JO,JO-B1_c,right,150.0,11,11,470.0,False,0,0.0,0.0,0.0,0.0,0,0,0,0.0,0.0,0.0,0.0,0.0,0.0,0.0,0.0,0.0,0.0,0,0.0,0.0,0.0,0,0,nan,4.218783855438232
JO-B2_L,JO,JO-B2,left,50.0,18,18,257.0,False,0,0.0,0.0,0.0,0.0,0,0,0,0.0,0.0,0.0,0.0,0.0,0.0,0.0,0.0,0.0,0.0,0,0.0,0.0,0.0,0,0,nan,4.218783855438232
JO-B2_L,JO,JO-B2,left,150.0,18,18,749.0,False,0,0.0,0.0,0.0,0.0,0,0,0,0.0,0.0,0.0,0.0,0.0,0.0,0.0,0.0,0.0,0.0,0,0.0,0.0,0.0,0,0,nan,4.218783855438232
JO-B2_R,JO,JO-B2,right,50.0,18,18,270.0,False,0,0.0,0.0,0.0,0.0,0,0,0,0.0,0.0,0.0,0.0,0.0,0.0,0.0,0.0,0.0,0.0,0,0.0,0.0,0.0,0,0,nan,4.218783855438232
JO-B2_R,JO,JO-B2,right,150.0,18,18,862.0,False,4,12.0,0.0,12.0,0.0,0,4,0,0.0,0.0,0.0,0.0,0.0,0.0,0.0,0.0,0.0,5.0,0,0.0,12.0,0.0,4,0,1.0,4.218783855438232
JO-B3_L,JO,JO-B3,left,50.0,14,14,192.0,False,0,0.0,0.0,0.0,0.0,0,0,0,0.0,0.0,0.0,0.0,0.0,0.0,0.0,0.0,0.0,0.0,0,0.0,0.0,0.0,0,0,nan,4.218783855438232
JO-B3_L,JO,JO-B3,left,150.0,14,14,649.0,False,0,0.0,0.0,0.0,0.0,0,0,0,0.0,0.0,0.0,0.0,0.0,0.0,0.0,0.0,0.0,0.0,0,0.0,0.0,0.0,0,0,nan,4.218783855438232
JO-B3_R,JO,JO-B3,right,50.0,15,15,231.0,False,0,0.0,0.0,0.0,0.0,0,0,0,0.0,0.0,0.0,0.0,0.0,0.0,0.0,0.0,0.0,0.0,0,0.0,0.0,0.0,0,0,nan,4.218783855438232
JO-B3_R,JO,JO-B3,right,150.0,15,15,769.0,False,2,17.0,0.0,17.0,0.0,0,2,0,0.0,0.0,0.0,0.0,0.0,0.0,0.0,0.0,0.0,0.0,0,0.0,17.0,0.0,2,0,1.0,4.218783855438232
JO-B4_a_L,JO,JO-B4_a,left,50.0,7,7,119.0,False,0,0.0,0.0,0.0,0.0,0,0,0,0.0,0.0,0.0,0.0,0.0,0.0,0.0,0.0,0.0,0.0,0,0.0,0.0,0.0,0,0,nan,4.218783855438232
JO-B4_a_L,JO,JO-B4_a,left,150.0,7,7,335.0,False,0,0.0,0.0,0.0,0.0,0,0,0,0.0,0.0,0.0,0.0,0.0,0.0,0.0,0.0,0.0,0.0,0,0.0,0.0,0.0,0,0,nan,4.218783855438232
JO-B4_a_R,JO,JO-B4_a,right,50.0,8,8,116.0,False,0,0.0,0.0,0.0,0.0,0,0,0,0.0,0.0,0.0,0.0,0.0,0.0,0.0,0.0,0.0,0.0,0,0.0,0.0,0.0,0,0,nan,4.218783855438232
JO-B4_a_R,JO,JO-B4_a,right,150.0,8,8,475.0,False,1,4.0,0.0,4.0,0.0,0,1,0,0.0,0.0,0.0,0.0,0.0,0.0,0.0,0.0,0.0,4.0,0,0.0,4.0,0.0,1,0,1.0,4.218783855438232
JO-B4_b_L,JO,JO-B4_b,left,50.0,15,15,271.0,False,3,11.0,11.0,0.0,0.0,3,0,0,0.0,0.0,0.0,0.0,0.0,0.0,0.0,0.0,5.0,0.0,0,0.0,11.0,0.0,3,0,1.0,4.218783855438232
JO-B4_b_L,JO,JO-B4_b,left,150.0,15,15,1013.0,False,9,87.0,74.0,13.0,0.0,7,2,0,0.0,0.0,0.0,0.0,0.0,0.0,0.0,0.0,21.0,6.0,0,0.0,74.0,13.0,7,2,0.7011494252873564,4.218783855438232
JO-B4_b_R,JO,JO-B4_b,right,50.0,10,10,135.0,False,0,0.0,0.0,0.0,0.0,0,0,0,0.0,0.0,0.0,0.0,0.0,0.0,0.0,0.0,0.0,0.0,0,0.0,0.0,0.0,0,0,nan,4.218783855438232
JO-B4_b_R,JO,JO-B4_b,right,150.0,10,10,507.0,False,3,5.0,0.0,5.0,0.0,0,3,0,0.0,0.0,0.0,0.0,0.0,0.0,0.0,0.0,0.0,1.0,0,0.0,5.0,0.0,3,0,1.0,4.218783855438232
JO-CA1_L,JO,JO-CA1,left,50.0,12,12,179.0,False,0,0.0,0.0,0.0,0.0,0,0,0,0.0,0.0,0.0,0.0,0.0,0.0,0.0,0.0,0.0,0.0,0,0.0,0.0,0.0,0,0,nan,4.218783855438232
JO-CA1_L,JO,JO-CA1,left,150.0,12,12,524.0,False,1,1.0,1.0,0.0,0.0,1,0,0,0.0,0.0,0.0,0.0,0.0,0.0,0.0,0.0,1.0,0.0,0,0.0,1.0,0.0,1,0,1.0,4.218783855438232
JO-CA1_R,JO,JO-CA1,right,50.0,8,8,125.0,False,0,0.0,0.0,0.0,0.0,0,0,0,0.0,0.0,0.0,0.0,0.0,0.0,0.0,0.0,0.0,0.0,0,0.0,0.0,0.0,0,0,nan,4.218783855438232
JO-CA1_R,JO,JO-CA1,right,150.0,8,8,329.0,False,1,1.0,0.0,1.0,0.0,0,1,0,0.0,0.0,0.0,0.0,0.0,0.0,0.0,0.0,0.0,1.0,0,0.0,1.0,0.0,1,0,1.0,4.218783855438232
JO-CA2_L,JO,JO-CA2,left,50.0,12,12,173.0,False,0,0.0,0.0,0.0,0.0,0,0,0,0.0,0.0,0.0,0.0,0.0,0.0,0.0,0.0,0.0,0.0,0,0.0,0.0,0.0,0,0,nan,4.218783855438232
JO-CA2_L,JO,JO-CA2,left,150.0,12,12,571.0,False,0,0.0,0.0,0.0,0.0,0,0,0,0.0,0.0,0.0,0.0,0.0,0.0,0.0,0.0,0.0,0.0,0,0.0,0.0,0.0,0,0,nan,4.218783855438232
JO-CL_L,JO,JO-CL,left,50.0,14,14,206.0,False,1,1.0,1.0,0.0,0.0,1,0,0,0.0,0.0,0.0,0.0,0.0,0.0,0.0,0.0,1.0,0.0,0,0.0,1.0,0.0,1,0,1.0,4.218783855438232
JO-CL_L,JO,JO-CL,left,150.0,14,14,685.0,False,3,26.0,26.0,0.0,0.0,3,0,0,0.0,0.0,0.0,0.0,0.0,0.0,0.0,0.0,18.0,0.0,0,0.0,26.0,0.0,3,0,1.0,4.218783855438232
JO-CL_R,JO,JO-CL,right,50.0,11,11,162.0,False,0,0.0,0.0,0.0,0.0,0,0,0,0.0,0.0,0.0,0.0,0.0,0.0,0.0,0.0,0.0,0.0,0,0.0,0.0,0.0,0,0,nan,4.218783855438232
JO-CL_R,JO,JO-CL,right,150.0,11,11,549.0,False,3,17.0,0.0,17.0,0.0,0,3,0,0.0,0.0,0.0,0.0,0.0,0.0,0.0,0.0,0.0,15.0,0,0.0,17.0,0.0,3,0,1.0,4.218783855438232
JO-CM_L,JO,JO-CM,left,50.0,18,18,300.0,False,0,0.0,0.0,0.0,0.0,0,0,0,0.0,0.0,0.0,0.0,0.0,0.0,0.0,0.0,0.0,0.0,0,0.0,0.0,0.0,0,0,nan,4.235708236694336
JO-CM_L,JO,JO-CM,left,150.0,18,18,788.0,False,0,0.0,0.0,0.0,0.0,0,0,0,0.0,0.0,0.0,0.0,0.0,0.0,0.0,0.0,0.0,0.0,0,0.0,0.0,0.0,0,0,nan,4.235708236694336
JO-CM_R,JO,JO-CM,right,50.0,17,17,267.0,False,3,14.0,0.0,14.0,0.0,0,3,0,0.0,0.0,0.0,0.0,0.0,0.0,0.0,0.0,0.0,6.0,0,0.0,14.0,0.0,3,0,1.0,4.235708236694336
JO-CM_R,JO,JO-CM,right,150.0,17,17,945.0,False,7,68.0,0.0,68.0,0.0,0,7,0,0.0,0.0,0.0,0.0,0.0,0.0,0.0,0.0,0.0,30.0,0,0.0,68.0,0.0,7,0,1.0,4.235708236694336
JO-DA_L,JO,JO-DA,left,50.0,17,17,244.0,False,0,0.0,0.0,0.0,0.0,0,0,0,0.0,0.0,0.0,0.0,0.0,0.0,0.0,0.0,0.0,0.0,0,0.0,0.0,0.0,0,0,nan,4.235708236694336
JO-DA_L,JO,JO-DA,left,150.0,17,17,757.0,False,0,0.0,0.0,0.0,0.0,0,0,0,0.0,0.0,0.0,0.0,0.0,0.0,0.0,0.0,0.0,0.0,0,0.0,0.0,0.0,0,0,nan,4.235708236694336
JO-DA_R,JO,JO-DA,right,50.0,15,15,234.0,False,0,0.0,0.0,0.0,0.0,0,0,0,0.0,0.0,0.0,0.0,0.0,0.0,0.0,0.0,0.0,0.0,0,0.0,0.0,0.0,0,0,nan,4.235708236694336
JO-DA_R,JO,JO-DA,right,150.0,15,15,698.0,False,1,1.0,0.0,1.0,0.0,0,1,0,0.0,0.0,0.0,0.0,0.0,0.0,0.0,0.0,0.0,0.0,0,0.0,1.0,0.0,1,0,1.0,4.235708236694336
JO-DP_L,JO,JO-DP,left,50.0,11,11,161.0,False,0,0.0,0.0,0.0,0.0,0,0,0,0.0,0.0,0.0,0.0,0.0,0.0,0.0,0.0,0.0,0.0,0,0.0,0.0,0.0,0,0,nan,4.235708236694336
JO-DP_L,JO,JO-DP,left,150.0,11,11,455.0,False,1,1.0,1.0,0.0,0.0,1,0,0,0.0,0.0,0.0,0.0,0.0,0.0,0.0,0.0,0.0,0.0,0,0.0,1.0,0.0,1,0,1.0,4.235708236694336
JO-DP_R,JO,JO-DP,right,50.0,10,10,152.0,False,0,0.0,0.0,0.0,0.0,0,0,0,0.0,0.0,0.0,0.0,0.0,0.0,0.0,0.0,0.0,0.0,0,0.0,0.0,0.0,0,0,nan,4.235708236694336
JO-DP_R,JO,JO-DP,right,150.0,10,10,448.0,False,0,0.0,0.0,0.0,0.0,0,0,0,0.0,0.0,0.0,0.0,0.0,0.0,0.0,0.0,0.0,0.0,0,0.0,0.0,0.0,0,0,nan,4.235708236694336
JO-ED1_L,JO,JO-ED1,left,50.0,13,13,264.0,False,1,2.0,0.0,2.0,0.0,0,1,0,0.0,0.0,0.0,0.0,0.0,0.0,0.0,0.0,0.0,0.0,0,0.0,0.0,2.0,0,1,-1.0,4.235708236694336
JO-ED1_L,JO,JO-ED1,left,150.0,13,13,1029.0,False,9,45.0,3.0,42.0,0.0,2,7,0,0.0,0.0,0.0,0.0,0.0,0.0,0.0,0.0,0.0,17.0,0,0.0,3.0,42.0,2,7,-0.8666666666666667,4.235708236694336
JO-ED1_R,JO,JO-ED1,right,50.0,14,14,242.0,False,2,2.0,1.0,1.0,0.0,1,1,0,0.0,0.0,0.0,0.0,0.0,0.0,0.0,0.0,0.0,0.0,0,0.0,1.0,1.0,1,1,0.0,4.235708236694336
JO-ED1_R,JO,JO-ED1,right,150.0,14,14,857.0,False,3,26.0,14.0,12.0,0.0,2,1,0,0.0,0.0,0.0,0.0,0.0,0.0,0.0,0.0,0.0,0.0,0,0.0,12.0,14.0,1,2,-0.07692307692307693,4.235708236694336
JO-ED2_a_L,JO,JO-ED2_a,left,50.0,21,21,475.0,False,12,60.0,58.0,2.0,0.0,10,2,0,0.0,0.0,0.0,0.0,1.0,0.0,0.0,0.0,38.0,2.0,0,0.0,58.0,2.0,10,2,0.9333333333333333,4.235708236694336
JO-ED2_a_L,JO,JO-ED2_a,left,150.0,21,21,1471.0,False,16,183.0,147.0,36.0,0.0,12,4,0,0.0,0.0,0.0,0.0,11.0,14.0,0.0,0.0,98.0,22.0,0,0.0,147.0,36.0,12,4,0.6065573770491803,4.235708236694336
JO-ED2_a_R,JO,JO-ED2_a,right,50.0,24,24,541.0,False,13,73.0,3.0,70.0,0.0,2,11,0,0.0,0.0,0.0,0.0,1.0,2.0,0.0,0.0,2.0,49.0,0,0.0,70.0,3.0,11,2,0.9178082191780822,4.235708236694336
JO-ED2_a_R,JO,JO-ED2_a,right,150.0,24,24,1789.0,False,21,219.0,34.0,185.0,0.0,5,16,0,0.0,0.0,0.0,0.0,12.0,23.0,0.0,0.0,22.0,114.0,0,0.0,185.0,34.0,16,5,0.6894977168949772,4.235708236694336
JO-ED2_b_L,JO,JO-ED2_b,left,50.0,11,11,182.0,False,1,1.0,1.0,0.0,0.0,1,0,0,0.0,0.0,0.0,0.0,0.0,0.0,0.0,0.0,0.0,0.0,0,0.0,1.0,0.0,1,0,1.0,4.235708236694336
JO-ED2_b_L,JO,JO-ED2_b,left,150.0,11,11,668.0,False,13,56.0,55.0,1.0,0.0,12,1,0,0.0,0.0,0.0,0.0,0.0,0.0,0.0,0.0,10.0,0.0,0,0.0,55.0,1.0,12,1,0.9642857142857143,4.235708236694336
JO-ED2_b_R,JO,JO-ED2_b,right,50.0,10,10,144.0,False,0,0.0,0.0,0.0,0.0,0,0,0,0.0,0.0,0.0,0.0,0.0,0.0,0.0,0.0,0.0,0.0,0,0.0,0.0,0.0,0,0,nan,4.235708236694336
JO-ED2_b_R,JO,JO-ED2_b,right,150.0,10,10,513.0,False,7,23.0,0.0,23.0,0.0,0,7,0,0.0,0.0,0.0,0.0,0.0,0.0,0.0,0.0,0.0,7.0,0,0.0,23.0,0.0,7,0,1.0,4.235708236694336
JO-ED2_c_L,JO,JO-ED2_c,left,50.0,8,8,119.0,False,0,0.0,0.0,0.0,0.0,0,0,0,0.0,0.0,0.0,0.0,0.0,0.0,0.0,0.0,0.0,0.0,0,0.0,0.0,0.0,0,0,nan,4.235708236694336
JO-ED2_c_L,JO,JO-ED2_c,left,150.0,8,8,607.0,False,11,47.0,47.0,0.0,0.0,11,0,0,0.0,0.0,0.0,0.0,0.0,0.0,0.0,0.0,11.0,0.0,0,0.0,47.0,0.0,11,0,1.0,4.235708236694336
JO-ED2_c_R,JO,JO-ED2_c,right,50.0,9,9,154.0,False,0,0.0,0.0,0.0,0.0,0,0,0,0.0,0.0,0.0,0.0,0.0,0.0,0.0,0.0,0.0,0.0,0,0.0,0.0,0.0,0,0,nan,4.235708236694336
JO-ED2_c_R,JO,JO-ED2_c,right,150.0,9,9,442.0,False,0,0.0,0.0,0.0,0.0,0,0,0,0.0,0.0,0.0,0.0,0.0,0.0,0.0,0.0,0.0,0.0,0,0.0,0.0,0.0,0,0,nan,4.235708236694336
JO-EV1_L,JO,JO-EV1,left,50.0,37,37,784.0,False,5,32.0,32.0,0.0,0.0,5,0,0,0.0,0.0,0.0,0.0,0.0,0.0,0.0,0.0,31.0,0.0,0,0.0,32.0,0.0,5,0,1.0,4.235708236694336
JO-EV1_L,JO,JO-EV1,left,150.0,37,37,2415.0,False,14,118.0,117.0,1.0,0.0,13,1,0,0.0,0.0,0.0,0.0,0.0,0.0,0.0,0.0,72.0,0.0,0,0.0,117.0,1.0,13,1,0.9830508474576272,4.235708236694336
JO-EV1_R,JO,JO-EV1,right,50.0,33,33,774.0,False,1,20.0,0.0,20.0,0.0,0,1,0,0.0,0.0,0.0,0.0,0.0,0.0,0.0,0.0,0.0,20.0,0,0.0,20.0,0.0,1,0,1.0,4.235708236694336
JO-EV1_R,JO,JO-EV1,right,150.0,33,33,2495.0,False,13,110.0,0.0,110.0,0.0,0,13,0,0.0,0.0,0.0,0.0,0.0,0.0,0.0,0.0,0.0,65.0,0,0.0,110.0,0.0,13,0,1.0,4.235708236694336
JO-EV2_L,JO,JO-EV2,left,50.0,23,23,379.0,False,1,2.0,2.0,0.0,0.0,1,0,0,0.0,0.0,0.0,0.0,0.0,0.0,0.0,0.0,2.0,0.0,0,0.0,2.0,0.0,1,0,1.0,4.252401828765869
JO-EV2_L,JO,JO-EV2,left,150.0,23,23,1396.0,False,6,37.0,14.0,23.0,0.0,1,5,0,0.0,0.0,0.0,0.0,0.0,0.0,0.0,0.0,14.0,20.0,0,0.0,14.0,23.0,1,5,-0.24324324324324326,4.252401828765869
JO-EV2_R,JO,JO-EV2,right,50.0,17,17,349.0,False,4,9.0,0.0,9.0,0.0,0,4,0,0.0,0.0,0.0,0.0,0.0,0.0,0.0,0.0,0.0,6.0,0,0.0,9.0,0.0,4,0,1.0,4.252401828765869
JO-EV2_R,JO,JO-EV2,right,150.0,17,17,1309.0,False,13,63.0,11.0,52.0,0.0,3,10,0,0.0,0.0,0.0,0.0,0.0,2.0,0.0,0.0,11.0,37.0,0,0.0,52.0,11.0,10,3,0.6507936507936508,4.252401828765869
JO-EV3_L,JO,JO-EV3,left,50.0,25,25,381.0,False,3,5.0,3.0,2.0,0.0,2,1,0,0.0,0.0,0.0,0.0,0.0,0.0,0.0,0.0,0.0,2.0,0,0.0,3.0,2.0,2,1,0.2,4.252401828765869
JO-EV3_L,JO,JO-EV3,left,150.0,25,25,1599.0,False,20,128.0,100.0,28.0,0.0,16,4,0,0.0,0.0,0.0,0.0,2.0,0.0,0.0,0.0,39.0,20.0,0,0.0,100.0,28.0,16,4,0.5625,4.252401828765869
JO-EV3_R,JO,JO-EV3,right,50.0,21,21,395.0,False,11,45.0,0.0,45.0,0.0,0,11,0,0.0,0.0,0.0,0.0,0.0,0.0,0.0,0.0,0.0,26.0,0,0.0,45.0,0.0,11,0,1.0,4.252401828765869
JO-EV3_R,JO,JO-EV3,right,150.0,21,21,1717.0,False,24,208.0,22.0,186.0,0.0,6,18,0,0.0,0.0,0.0,0.0,0.0,7.0,0.0,0.0,15.0,89.0,0,0.0,186.0,22.0,18,6,0.7884615384615384,4.252401828765869
JO-EV4_L,JO,JO-EV4,left,50.0,7,7,105.0,False,0,0.0,0.0,0.0,0.0,0,0,0,0.0,0.0,0.0,0.0,0.0,0.0,0.0,0.0,0.0,0.0,0,0.0,0.0,0.0,0,0,nan,4.252401828765869
JO-EV4_L,JO,JO-EV4,left,150.0,7,7,302.0,False,0,0.0,0.0,0.0,0.0,0,0,0,0.0,0.0,0.0,0.0,0.0,0.0,0.0,0.0,0.0,0.0,0,0.0,0.0,0.0,0,0,nan,4.252401828765869
JO-EV4_R,JO,JO-EV4,right,50.0,7,7,110.0,False,0,0.0,0.0,0.0,0.0,0,0,0,0.0,0.0,0.0,0.0,0.0,0.0,0.0,0.0,0.0,0.0,0,0.0,0.0,0.0,0,0,nan,4.252401828765869
JO-EV4_R,JO,JO-EV4,right,150.0,7,7,385.0,False,5,20.0,0.0,20.0,0.0,0,5,0,0.0,0.0,0.0,0.0,0.0,0.0,0.0,0.0,0.0,12.0,0,0.0,20.0,0.0,5,0,1.0,4.252401828765869
JO-EV5_L,JO,JO-EV5,left,50.0,14,14,234.0,False,2,4.0,1.0,3.0,0.0,1,1,0,0.0,0.0,0.0,0.0,0.0,0.0,0.0,0.0,0.0,3.0,0,0.0,1.0,3.0,1,1,-0.5,4.252401828765869
JO-EV5_L,JO,JO-EV5,left,150.0,14,14,974.0,False,10,43.0,21.0,22.0,0.0,5,5,0,0.0,0.0,0.0,0.0,2.0,1.0,0.0,0.0,6.0,20.0,0,0.0,21.0,22.0,5,5,-0.023255813953488372,4.252401828765869
JO-EV5_R,JO,JO-EV5,right,50.0,15,15,224.0,False,1,2.0,0.0,2.0,0.0,0,1,0,0.0,0.0,0.0,0.0,0.0,0.0,0.0,0.0,0.0,0.0,0,0.0,2.0,0.0,1,0,1.0,4.252401828765869
JO-EV5_R,JO,JO-EV5,right,150.0,15,15,863.0,False,12,62.0,2.0,60.0,0.0,2,10,0,0.0,0.0,0.0,0.0,0.0,1.0,0.0,0.0,2.0,40.0,0,0.0,60.0,2.0,10,2,0.9354838709677419,4.252401828765869
JO-EV6_L,JO,JO-EV6,left,50.0,14,14,200.0,False,0,0.0,0.0,0.0,0.0,0,0,0,0.0,0.0,0.0,0.0,0.0,0.0,0.0,0.0,0.0,0.0,0,0.0,0.0,0.0,0,0,nan,4.252401828765869
JO-EV6_L,JO,JO-EV6,left,150.0,14,14,620.0,False,4,17.0,17.0,0.0,0.0,4,0,0,0.0,0.0,0.0,0.0,0.0,0.0,0.0,0.0,0.0,0.0,0,0.0,17.0,0.0,4,0,1.0,4.252401828765869
JO-EV6_R,JO,JO-EV6,right,50.0,14,14,198.0,False,3,4.0,0.0,4.0,0.0,0,3,0,0.0,0.0,0.0,0.0,0.0,0.0,0.0,0.0,0.0,0.0,0,0.0,4.0,0.0,3,0,1.0,4.252401828765869
JO-EV6_R,JO,JO-EV6,right,150.0,14,14,905.0,False,14,103.0,0.0,103.0,0.0,0,14,0,0.0,0.0,0.0,0.0,0.0,0.0,0.0,0.0,0.0,16.0,0,0.0,103.0,0.0,14,0,1.0,4.252401828765869
JO-FD1_L,JO,JO-FD1,left,50.0,8,8,124.0,False,0,0.0,0.0,0.0,0.0,0,0,0,0.0,0.0,0.0,0.0,0.0,0.0,0.0,0.0,0.0,0.0,0,0.0,0.0,0.0,0,0,nan,4.252401828765869
JO-FD1_L,JO,JO-FD1,left,150.0,8,8,365.0,False,0,0.0,0.0,0.0,0.0,0,0,0,0.0,0.0,0.0,0.0,0.0,0.0,0.0,0.0,0.0,0.0,0,0.0,0.0,0.0,0,0,nan,4.252401828765869
JO-FD1_R,JO,JO-FD1,right,50.0,7,7,104.0,False,0,0.0,0.0,0.0,0.0,0,0,0,0.0,0.0,0.0,0.0,0.0,0.0,0.0,0.0,0.0,0.0,0,0.0,0.0,0.0,0,0,nan,4.252401828765869
JO-FD1_R,JO,JO-FD1,right,150.0,7,7,273.0,False,0,0.0,0.0,0.0,0.0,0,0,0,0.0,0.0,0.0,0.0,0.0,0.0,0.0,0.0,0.0,0.0,0,0.0,0.0,0.0,0,0,nan,4.252401828765869
JO-FD2_L,JO,JO-FD2,left,50.0,10,10,138.0,False,0,0.0,0.0,0.0,0.0,0,0,0,0.0,0.0,0.0,0.0,0.0,0.0,0.0,0.0,0.0,0.0,0,0.0,0.0,0.0,0,0,nan,4.252401828765869
JO-FD2_L,JO,JO-FD2,left,150.0,10,10,615.0,False,6,19.0,15.0,4.0,0.0,4,2,0,0.0,0.0,0.0,0.0,0.0,0.0,0.0,0.0,0.0,0.0,0,0.0,15.0,4.0,4,2,0.5789473684210527,4.252401828765869
JO-FD2_R,JO,JO-FD2,right,50.0,7,7,98.0,False,1,1.0,0.0,1.0,0.0,0,1,0,0.0,0.0,0.0,0.0,0.0,0.0,0.0,0.0,0.0,0.0,0,0.0,1.0,0.0,1,0,1.0,4.252401828765869
JO-FD2_R,JO,JO-FD2,right,150.0,7,7,347.0,False,1,10.0,0.0,10.0,0.0,0,1,0,0.0,0.0,0.0,0.0,0.0,0.0,0.0,0.0,0.0,0.0,0,0.0,10.0,0.0,1,0,1.0,4.252401828765869
JO-FV_L,JO,JO-FV,left,50.0,86,88,1333.0,False,4,27.0,24.0,3.0,0.0,3,1,0,0.0,0.0,0.0,0.0,0.0,0.0,0.0,0.0,0.0,0.0,0,0.0,24.0,3.0,3,1,0.7777777777777778,4.252401828765869
JO-FV_L,JO,JO-FV,left,150.0,86,88,4206.0,False,14,107.0,104.0,3.0,0.0,12,2,0,0.0,0.0,0.0,0.0,3.0,0.0,0.0,0.0,8.0,0.0,0,0.0,104.0,3.0,12,2,0.9439252336448598,4.252401828765869
JO-FV_R,JO,JO-FV,right,50.0,80,82,1228.0,False,3,15.0,4.0,11.0,0.0,1,2,0,0.0,0.0,0.0,0.0,0.0,0.0,0.0,0.0,0.0,0.0,0,0.0,11.0,4.0,2,1,0.4666666666666667,4.252401828765869
JO-FV_R,JO,JO-FV,right,150.0,80,82,3733.0,False,8,38.0,1.0,37.0,0.0,1,7,0,0.0,0.0,0.0,0.0,0.0,0.0,0.0,0.0,0.0,1.0,0,0.0,37.0,1.0,7,1,0.9473684210526315,4.252401828765869
JO-mz_L,JO,JO-mz,left,50.0,11,11,246.0,False,9,37.0,28.0,9.0,0.0,8,1,0,0.0,0.0,0.0,0.0,0.0,0.0,0.0,0.0,2.0,0.0,0,0.0,28.0,9.0,8,1,0.5135135135135135,4.489582061767578
JO-mz_L,JO,JO-mz,left,150.0,11,11,898.0,False,24,116.0,88.0,28.0,0.0,14,10,0,0.0,0.0,0.0,1.0,0.0,3.0,0.0,0.0,13.0,0.0,0,0.0,88.0,28.0,14,10,0.5172413793103449,4.489582061767578
JO-mz_R,JO,JO-mz,right,50.0,10,10,161.0,False,4,10.0,0.0,10.0,0.0,0,4,0,0.0,0.0,0.0,0.0,0.0,0.0,0.0,0.0,0.0,2.0,0,0.0,10.0,0.0,4,0,1.0,4.489582061767578
JO-mz_R,JO,JO-mz,right,150.0,10,10,636.0,False,7,73.0,0.0,73.0,0.0,0,7,0,0.0,0.0,0.0,0.0,0.0,0.0,0.0,0.0,0.0,15.0,0,0.0,73.0,0.0,7,0,1.0,4.489582061767578
VIS_LC10a_L,visual,LC10a,left,50.0,115,115,3323.0,False,56,312.0,281.0,31.0,0.0,48,8,0,5.0,0.0,24.0,0.0,104.0,0.0,0.0,0.0,11.0,5.0,0,0.0,281.0,31.0,48,8,0.8012820512820513,4.489582061767578
VIS_LC10a_L,visual,LC10a,left,150.0,115,115,9533.0,False,67,685.0,592.0,93.0,0.0,56,11,0,6.0,4.0,40.0,0.0,177.0,0.0,0.0,0.0,52.0,36.0,0,0.0,592.0,93.0,56,11,0.7284671532846715,4.489582061767578
VIS_LC10a_R,visual,LC10a,right,50.0,119,119,3000.0,False,53,182.0,20.0,162.0,0.0,9,44,0,0.0,0.0,0.0,6.0,1.0,36.0,0.0,0.0,2.0,7.0,0,0.0,162.0,20.0,44,9,0.7802197802197802,4.489582061767578
VIS_LC10a_R,visual,LC10a,right,150.0,119,119,9892.0,False,111,779.0,181.0,598.0,0.0,35,76,0,2.0,3.0,1.0,24.0,13.0,112.0,0.0,0.0,32.0,73.0,0,0.0,598.0,181.0,76,35,0.5353016688061617,4.489582061767578
VIS_LC10b_L,visual,LC10b,left,50.0,40,40,752.0,False,3,5.0,2.0,3.0,0.0,1,2,0,0.0,0.0,0.0,0.0,0.0,0.0,0.0,0.0,0.0,1.0,0,0.0,2.0,3.0,1,2,-0.2,4.489582061767578
VIS_LC10b_L,visual,LC10b,left,150.0,40,40,2512.0,False,21,79.0,19.0,60.0,0.0,5,16,0,0.0,4.0,0.0,5.0,0.0,23.0,0.0,0.0,1.0,7.0,0,0.0,19.0,60.0,5,16,-0.5189873417721519,4.489582061767578
VIS_LC10b_R,visual,LC10b,right,50.0,44,44,761.0,False,0,0.0,0.0,0.0,0.0,0,0,0,0.0,0.0,0.0,0.0,0.0,0.0,0.0,0.0,0.0,0.0,0,0.0,0.0,0.0,0,0,nan,4.489582061767578
VIS_LC10b_R,visual,LC10b,right,150.0,44,44,2742.0,False,22,81.0,58.0,23.0,0.0,16,6,0,3.0,0.0,6.0,0.0,19.0,0.0,0.0,0.0,6.0,5.0,0,0.0,23.0,58.0,6,16,-0.43209876543209874,4.489582061767578
VIS_LC10c-1_L,visual,LC10c-1,left,50.0,46,46,1141.0,False,21,113.0,111.0,2.0,0.0,20,1,0,0.0,0.0,18.0,0.0,68.0,0.0,0.0,0.0,0.0,0.0,0,0.0,111.0,2.0,20,1,0.9646017699115044,4.489582061767578
VIS_LC10c-1_L,visual,LC10c-1,left,150.0,46,46,3611.0,False,51,342.0,313.0,29.0,0.0,43,8,0,7.0,0.0,33.0,0.0,144.0,0.0,0.0,0.0,4.0,0.0,0,0.0,313.0,29.0,43,8,0.8304093567251462,4.489582061767578
VIS_LC10c-1_R,visual,LC10c-1,right,50.0,56,56,1022.0,False,3,15.0,0.0,15.0,0.0,0,3,0,0.0,0.0,0.0,0.0,0.0,12.0,0.0,0.0,0.0,0.0,0,0.0,15.0,0.0,3,0,1.0,4.489582061767578
VIS_LC10c-1_R,visual,LC10c-1,right,150.0,56,56,3818.0,False,62,319.0,25.0,294.0,0.0,10,52,0,0.0,6.0,0.0,22.0,0.0,104.0,0.0,0.0,0.0,5.0,0,0.0,294.0,25.0,52,10,0.8432601880877743,4.489582061767578
VIS_LC10c-2_L,visual,LC10c-2,left,50.0,55,55,1711.0,False,32,192.0,180.0,12.0,0.0,29,3,0,1.0,0.0,27.0,0.0,95.0,2.0,0.0,0.0,3.0,0.0,0,0.0,180.0,12.0,29,3,0.875,4.489582061767578
VIS_LC10c-2_L,visual,LC10c-2,left,150.0,55,55,4923.0,False,60,495.0,433.0,62.0,0.0,49,11,0,10.0,0.0,35.0,0.0,156.0,3.0,0.0,0.0,7.0,1.0,0,0.0,433.0,62.0,49,11,0.7494949494949495,4.489582061767578
VIS_LC10c-2_R,visual,LC10c-2,right,50.0,46,46,1454.0,False,37,174.0,8.0,166.0,0.0,3,34,0,0.0,0.0,0.0,19.0,1.0,71.0,0.0,0.0,0.0,2.0,0,0.0,166.0,8.0,34,3,0.9080459770114943,4.489582061767578
VIS_LC10c-2_R,visual,LC10c-2,right,150.0,46,46,4650.0,False,78,583.0,74.0,509.0,0.0,15,63,0,0.0,7.0,0.0,29.0,9.0,135.0,0.0,0.0,0.0,9.0,1,1.0,509.0,74.0,63,15,0.7461406518010292,4.489582061767578
VIS_LC10d_L,visual,LC10d,left,50.0,93,93,2370.0,False,48,233.0,208.0,25.0,0.0,37,11,0,6.0,0.0,22.0,0.0,80.0,0.0,0.0,0.0,12.0,5.0,0,0.0,208.0,25.0,37,11,0.7854077253218884,4.489582061767578
VIS_LC10d_L,visual,LC10d,left,150.0,93,93,8116.0,False,68,662.0,590.0,72.0,0.0,53,15,0,11.0,0.0,43.0,0.0,208.0,0.0,0.0,0.0,47.0,24.0,0,0.0,590.0,72.0,53,15,0.7824773413897281,4.489582061767578
VIS_LC10d_R,visual,LC10d,right,50.0,95,95,2254.0,False,40,123.0,6.0,117.0,0.0,3,37,0,0.0,1.0,0.0,14.0,0.0,47.0,0.0,0.0,0.0,3.0,0,0.0,117.0,6.0,37,3,0.9024390243902439,4.489582061767578
VIS_LC10d_R,visual,LC10d,right,150.0,95,95,8398.0,False,100,642.0,70.0,572.0,0.0,21,79,0,0.0,6.0,0.0,30.0,0.0,134.0,0.0,0.0,10.0,76.0,0,0.0,572.0,70.0,79,21,0.7819314641744548,4.489582061767578
VIS_LC10e_L,visual,LC10e,left,50.0,52,52,1140.0,False,29,142.0,140.0,2.0,0.0,27,2,0,1.0,0.0,16.0,0.0,56.0,0.0,0.0,0.0,14.0,1.0,0,0.0,140.0,2.0,27,2,0.971830985915493,4.489582061767578
VIS_LC10e_L,visual,LC10e,left,150.0,52,52,3568.0,False,45,325.0,300.0,25.0,0.0,38,7,0,7.0,0.0,23.0,0.0,111.0,0.0,0.0,0.0,32.0,8.0,0,0.0,300.0,25.0,38,7,0.8461538461538461,4.489582061767578
VIS_LC10e_R,visual,LC10e,right,50.0,51,51,958.0,False,26,89.0,3.0,86.0,0.0,2,24,0,0.0,1.0,0.0,11.0,0.0,16.0,0.0,0.0,0.0,13.0,0,0.0,86.0,3.0,24,2,0.9325842696629213,4.489582061767578
VIS_LC10e_R,visual,LC10e,right,150.0,51,51,3390.0,False,56,325.0,20.0,305.0,0.0,7,49,0,0.0,6.0,0.0,18.0,0.0,76.0,0.0,0.0,2.0,30.0,0,0.0,305.0,20.0,49,7,0.8769230769230769,4.489582061767578
VIS_LC11_L,visual,LC11,left,50.0,66,66,2565.0,False,8,14.0,6.0,8.0,0.0,3,5,0,0.0,0.0,3.0,2.0,0.0,2.0,0.0,0.0,1.0,3.0,0,0.0,6.0,8.0,3,5,-0.14285714285714285,4.489582061767578
VIS_LC11_L,visual,LC11,left,150.0,66,66,9355.0,False,106,452.0,168.0,283.0,1.0,46,59,1,1.0,10.0,5.0,14.0,13.0,39.0,8.0,0.0,42.0,37.0,1,1.0,168.0,283.0,46,59,-0.2549889135254989,4.489582061767578
VIS_LC11_R,visual,LC11,right,50.0,61,61,2931.0,False,101,228.0,91.0,137.0,0.0,45,56,0,1.0,2.0,5.0,4.0,16.0,20.0,0.0,1.0,2.0,2.0,0,0.0,137.0,91.0,56,45,0.20175438596491227,4.489582061767578
VIS_LC11_R,visual,LC11,right,150.0,61,61,8795.0,False,102,408.0,165.0,240.0,3.0,42,59,1,8.0,0.0,7.0,7.0,38.0,28.0,0.0,1.0,16.0,58.0,0,0.0,240.0,165.0,59,42,0.18518518518518517,4.489582061767578
VIS_LC12_L,visual,LC12,left,50.0,198,198,6331.0,False,9,44.0,26.0,18.0,0.0,5,4,0,0.0,0.0,0.0,0.0,1.0,1.0,0.0,0.0,16.0,10.0,0,0.0,26.0,18.0,5,4,0.18181818181818182,4.74860405921936
VIS_LC12_L,visual,LC12,left,150.0,198,198,14431.0,False,56,198.0,74.0,124.0,0.0,16,40,0,0.0,1.0,0.0,5.0,1.0,19.0,0.0,0.0,24.0,9.0,0,0.0,74.0,124.0,16,40,-0.25252525252525254,4.74860405921936
VIS_LC12_R,visual,LC12,right,50.0,182,182,6269.0,False,25,124.0,58.0,66.0,0.0,15,10,0,0.0,0.0,7.0,0.0,29.0,0.0,0.0,0.0,5.0,22.0,0,0.0,66.0,58.0,10,15,0.06451612903225806,4.74860405921936
VIS_LC12_R,visual,LC12,right,150.0,182,182,14496.0,False,34,196.0,94.0,102.0,0.0,22,12,0,0.0,0.0,10.0,0.0,42.0,0.0,0.0,0.0,6.0,29.0,0,0.0,102.0,94.0,12,22,0.04081632653061224,4.74860405921936
VIS_LC13_L,visual,LC13,left,50.0,75,75,1700.0,False,5,34.0,27.0,7.0,0.0,4,1,0,0.0,0.0,0.0,0.0,0.0,7.0,0.0,0.0,11.0,0.0,0,0.0,27.0,7.0,4,1,0.5882352941176471,4.74860405921936
VIS_LC13_L,visual,LC13,left,150.0,75,75,4975.0,False,29,148.0,97.0,51.0,0.0,19,10,0,0.0,0.0,0.0,0.0,10.0,40.0,0.0,0.0,29.0,2.0,0,0.0,97.0,51.0,19,10,0.3108108108108108,4.74860405921936
VIS_LC13_R,visual,LC13,right,50.0,70,70,1814.0,False,26,105.0,25.0,80.0,0.0,9,17,0,0.0,0.0,0.0,0.0,13.0,3.0,0.0,0.0,0.0,28.0,0,0.0,80.0,25.0,17,9,0.5238095238095238,4.74860405921936
VIS_LC13_R,visual,LC13,right,150.0,70,70,5679.0,False,117,485.0,212.0,273.0,0.0,54,63,0,6.0,3.0,9.0,3.0,75.0,28.0,0.0,2.0,11.0,65.0,0,0.0,273.0,212.0,63,54,0.12577319587628866,4.74860405921936
VIS_LC15_L,visual,LC15,left,50.0,52,52,3671.0,False,105,414.0,169.0,245.0,0.0,51,54,0,1.0,3.0,1.0,2.0,3.0,7.0,0.0,0.0,45.0,84.0,1,1.0,169.0,245.0,51,54,-0.18357487922705315,4.74860405921936
VIS_LC15_L,visual,LC15,left,150.0,52,52,8634.0,False,151,851.0,318.0,526.0,7.0,67,82,2,2.0,8.0,3.0,12.0,18.0,44.0,0.0,0.0,112.0,145.0,2,8.0,318.0,526.0,67,82,-0.24644549763033174,4.74860405921936
VIS_LC15_R,visual,LC15,right,50.0,54,54,4431.0,False,156,663.0,319.0,342.0,2.0,74,81,1,7.0,2.0,6.0,5.0,45.0,30.0,0.0,0.0,41.0,69.0,1,3.0,342.0,319.0,81,74,0.03479576399394856,4.74860405921936
VIS_LC15_R,visual,LC15,right,150.0,54,54,9660.0,False,180,1083.0,568.0,504.0,11.0,91,87,2,14.0,2.0,15.0,4.0,81.0,20.0,0.0,1.0,130.0,158.0,2,9.0,504.0,568.0,87,91,-0.05970149253731343,4.74860405921936
VIS_LC16_L,visual,LC16,left,50.0,77,77,1824.0,False,1,1.0,1.0,0.0,0.0,1,0,0,0.0,0.0,0.0,0.0,0.0,0.0,0.0,0.0,1.0,0.0,0,0.0,1.0,0.0,1,0,1.0,4.74860405921936
VIS_LC16_L,visual,LC16,left,150.0,77,77,5334.0,False,12,69.0,20.0,49.0,0.0,3,9,0,0.0,7.0,0.0,6.0,0.0,17.0,0.0,0.0,20.0,11.0,0,0.0,20.0,49.0,3,9,-0.42028985507246375,4.74860405921936
VIS_LC16_R,visual,LC16,right,50.0,74,74,1889.0,False,7,8.0,7.0,1.0,0.0,6,1,0,1.0,0.0,1.0,0.0,3.0,0.0,0.0,0.0,1.0,1.0,0,0.0,1.0,7.0,1,6,-0.75,4.74860405921936
VIS_LC16_R,visual,LC16,right,150.0,74,74,6620.0,False,102,408.0,238.0,170.0,0.0,50,52,0,11.0,0.0,15.0,3.0,77.0,16.0,0.0,0.0,17.0,34.0,0,0.0,170.0,238.0,52,50,-0.16666666666666666,4.74860405921936
VIS_LC17_L,visual,LC17,left,50.0,134,134,7311.0,False,127,728.0,249.0,471.0,8.0,47,79,1,1.0,12.0,0.0,17.0,1.0,71.0,1.0,0.0,113.0,76.0,1,6.0,249.0,471.0,47,79,-0.30833333333333335,4.74860405921936
VIS_LC17_L,visual,LC17,left,150.0,134,134,14429.0,False,142,1006.0,367.0,622.0,17.0,52,87,3,0.0,14.0,0.0,11.0,1.0,63.0,0.0,0.0,151.0,119.0,3,13.0,367.0,622.0,52,87,-0.25783619817997977,4.74860405921936
VIS_LC17_R,visual,LC17,right,50.0,142,142,8214.0,False,128,813.0,403.0,399.0,11.0,70,57,1,13.0,0.0,15.0,1.0,61.0,6.0,0.0,1.0,71.0,161.0,2,9.0,399.0,403.0,57,70,-0.004987531172069825,4.74860405921936
VIS_LC17_R,visual,LC17,right,150.0,142,142,16194.0,False,161,1212.0,622.0,567.0,23.0,91,68,2,16.0,0.0,19.0,1.0,98.0,9.0,0.0,1.0,111.0,218.0,6,24.0,567.0,622.0,68,91,-0.04625735912531539,4.74860405921936
VIS_LC18_L,visual,LC18,left,50.0,96,96,4403.0,False,66,318.0,88.0,230.0,0.0,19,47,0,0.0,12.0,0.0,11.0,2.0,33.0,0.0,0.0,9.0,16.0,0,0.0,88.0,230.0,19,47,-0.44654088050314467,4.74860405921936
VIS_LC18_L,visual,LC18,left,150.0,96,96,11380.0,False,149,705.0,295.0,404.0,6.0,71,77,1,1.0,15.0,4.0,11.0,21.0,51.0,0.0,0.0,65.0,47.0,1,2.0,295.0,404.0,71,77,-0.15593705293276108,4.74860405921936
VIS_LC18_R,visual,LC18,right,50.0,92,92,5900.0,False,144,631.0,276.0,348.0,7.0,61,81,2,10.0,1.0,10.0,10.0,39.0,29.0,0.0,0.0,36.0,86.0,1,4.0,348.0,276.0,81,61,0.11538461538461539,4.74860405921936
VIS_LC18_R,visual,LC18,right,150.0,92,92,12661.0,False,172,923.0,405.0,504.0,14.0,74,95,3,16.0,2.0,10.0,10.0,42.0,28.0,0.0,0.0,70.0,177.0,1,9.0,504.0,405.0,95,74,0.10891089108910891,4.74860405921936
VIS_LC21_L,visual,LC21,left,50.0,68,68,2352.0,False,2,3.0,2.0,1.0,0.0,1,1,0,0.0,0.0,0.0,0.0,0.0,0.0,0.0,0.0,2.0,0.0,0,0.0,2.0,1.0,1,1,0.3333333333333333,4.74860405921936
VIS_LC21_L,visual,LC21,left,150.0,68,68,7511.0,False,50,191.0,98.0,92.0,1.0,20,29,1,0.0,5.0,0.0,2.0,1.0,11.0,0.0,0.0,43.0,30.0,0,0.0,98.0,92.0,20,29,0.031578947368421054,4.74860405921936
VIS_LC21_R,visual,LC21,right,50.0,62,62,2399.0,False,21,45.0,23.0,22.0,0.0,12,9,0,0.0,0.0,1.0,0.0,6.0,0.0,0.0,0.0,0.0,3.0,0,0.0,22.0,23.0,9,12,-0.022222222222222223,4.74860405921936
VIS_LC21_R,visual,LC21,right,150.0,62,62,6854.0,False,55,227.0,105.0,121.0,1.0,27,27,1,8.0,0.0,8.0,0.0,33.0,3.0,0.0,0.0,7.0,38.0,0,0.0,121.0,105.0,27,27,0.07079646017699115,4.74860405921936
VIS_LC22_L,visual,LC22,left,50.0,43,43,1236.0,False,17,115.0,68.0,47.0,0.0,7,10,0,0.0,0.0,0.0,1.0,0.0,30.0,0.0,0.0,65.0,9.0,0,0.0,68.0,47.0,7,10,0.1826086956521739,4.74860405921936
VIS_LC22_L,visual,LC22,left,150.0,43,43,4037.0,False,43,380.0,186.0,194.0,0.0,18,25,0,0.0,8.0,0.0,3.0,8.0,84.0,0.0,0.0,140.0,29.0,0,0.0,186.0,194.0,18,25,-0.021052631578947368,4.74860405921936
VIS_LC22_R,visual,LC22,right,50.0,46,46,1397.0,False,33,153.0,46.0,107.0,0.0,13,20,0,4.0,0.0,0.0,4.0,18.0,18.0,0.0,0.0,8.0,57.0,0,0.0,107.0,46.0,20,13,0.39869281045751637,4.74860405921936
VIS_LC22_R,visual,LC22,right,150.0,46,46,4325.0,False,50,406.0,223.0,183.0,0.0,32,18,0,10.0,0.0,6.0,0.0,87.0,7.0,0.0,0.0,41.0,125.0,0,0.0,183.0,223.0,18,32,-0.09852216748768473,4.74860405921936
VIS_LC24_L,visual,LC24,left,50.0,40,40,688.0,False,0,0.0,0.0,0.0,0.0,0,0,0,0.0,0.0,0.0,0.0,0.0,0.0,0.0,0.0,0.0,0.0,0,0.0,0.0,0.0,0,0,nan,4.6835410594940186
VIS_LC24_L,visual,LC24,left,150.0,40,40,2122.0,False,12,65.0,65.0,0.0,0.0,12,0,0,0.0,0.0,9.0,0.0,11.0,0.0,0.0,0.0,13.0,0.0,0,0.0,65.0,0.0,12,0,1.0,4.6835410594940186
VIS_LC4_L,visual,LC4,left,50.0,54,54,1808.0,False,33,271.0,183.0,88.0,0.0,16,17,0,0.0,3.0,0.0,2.0,0.0,5.0,0.0,0.0,156.0,45.0,0,0.0,183.0,88.0,16,17,0.3505535055350554,4.6835410594940186
VIS_LC4_L,visual,LC4,left,150.0,54,54,5070.0,False,53,521.0,321.0,194.0,6.0,19,33,1,0.0,12.0,0.0,5.0,0.0,47.0,0.0,0.0,280.0,66.0,1,1.0,321.0,194.0,19,33,0.24660194174757283,4.6835410594940186
VIS_LC4_R,visual,LC4,right,50.0,50,50,1572.0,False,36,200.0,64.0,136.0,0.0,21,15,0,4.0,0.0,3.0,0.0,11.0,0.0,0.0,0.0,26.0,120.0,0,0.0,136.0,64.0,15,21,0.36,4.6835410594940186
VIS_LC4_R,visual,LC4,right,150.0,50,50,4630.0,False,48,458.0,171.0,287.0,0.0,26,22,0,13.0,0.0,4.0,0.0,48.0,0.0,0.0,0.0,42.0,245.0,0,0.0,287.0,171.0,22,26,0.25327510917030566,4.6835410594940186
VIS_LC6_L,visual,LC6,left,50.0,65,65,2645.0,False,87,484.0,205.0,279.0,0.0,30,57,0,0.0,10.0,0.0,8.0,0.0,34.0,0.0,0.0,134.0,106.0,1,2.0,205.0,279.0,30,57,-0.15289256198347106,4.6835410594940186
VIS_LC6_L,visual,LC6,left,150.0,65,65,7158.0,False,113,848.0,384.0,461.0,3.0,43,69,1,0.0,14.0,0.0,12.0,1.0,62.0,0.0,0.0,228.0,173.0,1,5.0,384.0,461.0,43,69,-0.09112426035502959,4.6835410594940186
VIS_LC6_R,visual,LC6,right,50.0,60,60,3016.0,False,116,637.0,331.0,305.0,1.0,67,48,1,11.0,0.0,9.0,0.0,35.0,1.0,0.0,0.0,113.0,156.0,1,5.0,305.0,331.0,48,67,-0.040880503144654086,4.6835410594940186
VIS_LC6_R,visual,LC6,right,150.0,60,60,8327.0,False,146,1127.0,617.0,504.0,6.0,91,54,1,20.0,0.0,14.0,0.0,78.0,3.0,0.0,0.0,195.0,266.0,4,16.0,504.0,617.0,54,91,-0.1008028545941124,4.6835410594940186
VIS_LC9_L,visual,LC9,left,50.0,87,87,4136.0,False,80,382.0,160.0,222.0,0.0,36,44,0,1.0,12.0,2.0,1.0,6.0,16.0,7.0,0.0,53.0,54.0,0,0.0,160.0,222.0,36,44,-0.16230366492146597,4.6835410594940186
VIS_LC9_L,visual,LC9,left,150.0,87,87,10281.0,False,111,814.0,349.0,455.0,10.0,50,60,1,0.0,22.0,4.0,1.0,12.0,43.0,27.0,0.0,130.0,121.0,0,0.0,349.0,455.0,50,60,-0.1318407960199005,4.6835410594940186
VIS_LC9_R,visual,LC9,right,50.0,92,92,4941.0,False,106,567.0,253.0,307.0,7.0,50,55,1,19.0,0.0,5.0,9.0,52.0,15.0,0.0,12.0,61.0,133.0,0,0.0,307.0,253.0,55,50,0.09642857142857143,4.6835410594940186
VIS_LC9_R,visual,LC9,right,150.0,92,92,12487.0,False,164,1374.0,578.0,777.0,19.0,80,82,2,28.0,0.0,12.0,14.0,103.0,45.0,0.0,38.0,113.0,265.0,1,4.0,777.0,578.0,82,80,0.14686346863468636,4.6835410594940186
VIS_LLPC1_L,visual,LLPC1,left,50.0,106,106,4556.0,False,57,484.0,371.0,113.0,0.0,39,18,0,7.0,1.0,27.0,0.0,145.0,14.0,0.0,0.0,34.0,24.0,0,0.0,371.0,113.0,39,18,0.5330578512396694,4.6835410594940186
VIS_LLPC1_L,visual,LLPC1,left,150.0,106,106,11229.0,False,105,957.0,685.0,272.0,0.0,54,51,0,9.0,9.0,43.0,1.0,226.0,40.0,0.0,0.0,117.0,85.0,0,0.0,685.0,272.0,54,51,0.4315569487983281,4.6835410594940186
VIS_LLPC1_R,visual,LLPC1,right,50.0,113,113,4776.0,False,66,522.0,105.0,417.0,0.0,14,52,0,0.0,3.0,0.0,24.0,13.0,113.0,0.0,0.0,38.0,58.0,0,0.0,417.0,105.0,52,14,0.5977011494252874,4.6835410594940186
VIS_LLPC1_R,visual,LLPC1,right,150.0,113,113,11401.0,False,103,966.0,181.0,785.0,0.0,29,74,0,7.0,8.0,0.0,39.0,29.0,176.0,0.0,0.0,42.0,135.0,0,0.0,785.0,181.0,74,29,0.6252587991718427,4.6835410594940186
VIS_LLPC2_L,visual,LLPC2,left,50.0,120,120,3054.0,False,28,205.0,120.0,85.0,0.0,14,14,0,0.0,0.0,11.0,0.0,16.0,12.0,0.0,0.0,53.0,37.0,0,0.0,120.0,85.0,14,14,0.17073170731707318,4.6835410594940186
VIS_LLPC2_L,visual,LLPC2,left,150.0,120,120,8927.0,False,91,633.0,354.0,279.0,0.0,40,51,0,5.0,2.0,27.0,4.0,65.0,36.0,0.0,0.0,142.0,124.0,0,0.0,354.0,279.0,40,51,0.11848341232227488,4.6835410594940186
VIS_LLPC2_R,visual,LLPC2,right,50.0,115,115,3130.0,False,25,212.0,72.0,140.0,0.0,8,17,0,0.0,0.0,0.0,5.0,7.0,14.0,0.0,0.0,47.0,55.0,0,0.0,140.0,72.0,17,8,0.32075471698113206,4.6835410594940186
VIS_LLPC2_R,visual,LLPC2,right,150.0,115,115,9209.0,False,90,581.0,210.0,371.0,0.0,42,48,0,0.0,4.0,2.0,23.0,33.0,53.0,0.0,0.0,96.0,105.0,0,0.0,371.0,210.0,48,42,0.27710843373493976,4.6835410594940186
VIS_LLPC3_L,visual,LLPC3,left,50.0,102,102,2856.0,False,19,85.0,43.0,42.0,0.0,11,8,0,0.0,0.0,1.0,0.0,33.0,21.0,0.0,0.0,0.0,9.0,0,0.0,43.0,42.0,11,8,0.011764705882352941,4.6835410594940186
VIS_LLPC3_L,visual,LLPC3,left,150.0,102,102,8432.0,False,74,393.0,185.0,208.0,0.0,29,45,0,0.0,3.0,3.0,10.0,63.0,78.0,0.0,0.0,38.0,28.0,0,0.0,185.0,208.0,29,45,-0.058524173027989825,4.6835410594940186
VIS_LLPC3_R,visual,LLPC3,right,50.0,102,102,2975.0,False,54,197.0,80.0,117.0,0.0,23,31,0,0.0,0.0,4.0,3.0,38.0,43.0,0.0,0.0,6.0,13.0,0,0.0,117.0,80.0,31,23,0.18781725888324874,4.6835410594940186
VIS_LLPC3_R,visual,LLPC3,right,150.0,102,102,8675.0,False,116,579.0,223.0,356.0,0.0,51,65,0,1.0,2.0,8.0,8.0,71.0,77.0,0.0,0.0,20.0,52.0,0,0.0,356.0,223.0,65,51,0.229706390328152,4.6835410594940186
VIS_LPC1_L,visual,LPC1,left,50.0,82,82,3045.0,False,43,223.0,112.0,111.0,0.0,28,15,0,0.0,0.0,18.0,0.0,42.0,43.0,0.0,0.0,16.0,31.0,0,0.0,112.0,111.0,28,15,0.004484304932735426,4.6835410594940186
VIS_LPC1_L,visual,LPC1,left,150.0,82,82,7683.0,False,60,451.0,244.0,207.0,0.0,33,27,0,1.0,1.0,17.0,0.0,86.0,57.0,0.0,0.0,58.0,69.0,0,0.0,244.0,207.0,33,27,0.082039911308204,4.6835410594940186
VIS_LPC1_R,visual,LPC1,right,50.0,82,82,3347.0,False,71,345.0,107.0,238.0,0.0,22,49,0,0.0,10.0,1.0,12.0,46.0,76.0,0.0,0.0,15.0,37.0,0,0.0,238.0,107.0,49,22,0.37971014492753624,4.6835410594940186
VIS_LPC1_R,visual,LPC1,right,150.0,82,82,8827.0,False,73,557.0,208.0,349.0,0.0,25,48,0,0.0,8.0,0.0,13.0,77.0,92.0,0.0,0.0,41.0,73.0,0,0.0,349.0,208.0,48,25,0.25314183123877915,4.6835410594940186
VIS_LPC2_L,visual,LPC2,left,50.0,54,54,780.0,False,2,18.0,18.0,0.0,0.0,2,0,0,0.0,0.0,0.0,0.0,2.0,0.0,0.0,0.0,16.0,0.0,0,0.0,18.0,0.0,2,0,1.0,4.6835410594940186
VIS_LPC2_L,visual,LPC2,left,150.0,54,54,3049.0,False,18,120.0,101.0,19.0,0.0,13,5,0,0.0,0.0,0.0,0.0,33.0,0.0,0.0,0.0,52.0,16.0,0,0.0,101.0,19.0,13,5,0.6833333333333333,4.6835410594940186
VIS_LPC2_R,visual,LPC2,right,50.0,62,62,971.0,False,2,22.0,3.0,19.0,0.0,1,1,0,0.0,0.0,0.0,0.0,0.0,0.0,0.0,0.0,3.0,19.0,0,0.0,19.0,3.0,1,1,0.7272727272727273,4.61191987991333
VIS_LPC2_R,visual,LPC2,right,150.0,62,62,3594.0,False,16,115.0,22.0,93.0,0.0,3,13,0,0.0,0.0,0.0,0.0,0.0,6.0,0.0,0.0,20.0,56.0,0,0.0,93.0,22.0,13,3,0.6173913043478261,4.61191987991333
VIS_LPLC1_L,visual,LPLC1,left,50.0,68,68,4367.0,False,107,539.0,205.0,329.0,5.0,40,66,1,1.0,15.0,0.0,7.0,4.0,53.0,2.0,0.0,93.0,39.0,0,0.0,205.0,329.0,40,66,-0.23220973782771537,4.61191987991333
VIS_LPLC1_L,visual,LPLC1,left,150.0,68,68,10050.0,False,133,950.0,408.0,525.0,17.0,54,76,3,1.0,16.0,0.0,3.0,25.0,129.0,0.0,0.0,248.0,62.0,1,2.0,408.0,525.0,54,76,-0.12540192926045016,4.61191987991333
VIS_LPLC1_R,visual,LPLC1,right,50.0,72,72,5342.0,False,162,784.0,383.0,390.0,11.0,84,76,2,15.0,0.0,12.0,1.0,55.0,16.0,0.0,2.0,42.0,126.0,1,5.0,390.0,383.0,76,84,0.009055627425614488,4.61191987991333
VIS_LPLC1_R,visual,LPLC1,right,150.0,72,72,10102.0,False,151,982.0,457.0,504.0,21.0,75,74,2,18.0,0.0,3.0,1.0,128.0,27.0,0.0,1.0,72.0,234.0,1,5.0,504.0,457.0,74,75,0.04890738813735692,4.61191987991333
VIS_LPLC2_L,visual,LPLC2,left,50.0,108,108,3671.0,False,60,421.0,222.0,198.0,1.0,24,35,1,0.0,7.0,0.0,3.0,0.0,9.0,0.0,0.0,146.0,95.0,1,1.0,222.0,198.0,24,35,0.05714285714285714,4.61191987991333
VIS_LPLC2_L,visual,LPLC2,left,150.0,108,108,9977.0,False,95,959.0,512.0,440.0,7.0,38,56,1,0.0,8.0,0.0,8.0,0.0,37.0,4.0,0.0,334.0,174.0,1,6.0,512.0,440.0,38,56,0.07563025210084033,4.61191987991333
VIS_LPLC2_R,visual,LPLC2,right,50.0,102,102,3808.0,False,64,460.0,215.0,245.0,0.0,36,28,0,2.0,0.0,5.0,0.0,28.0,0.0,0.0,0.0,98.0,161.0,1,2.0,245.0,215.0,28,36,0.06521739130434782,4.61191987991333
VIS_LPLC2_R,visual,LPLC2,right,150.0,102,102,10611.0,False,103,1159.0,526.0,628.0,5.0,61,41,1,13.0,0.0,12.0,0.0,80.0,0.0,0.0,0.0,216.0,416.0,2,13.0,628.0,526.0,41,61,0.08838821490467938,4.61191987991333
VIS_LPLC4_L,visual,LPLC4,left,50.0,56,56,3751.0,False,81,761.0,603.0,149.0,9.0,54,24,3,0.0,3.0,18.0,4.0,65.0,72.0,0.0,0.0,257.0,30.0,0,0.0,603.0,149.0,54,24,0.6037234042553191,4.61191987991333
VIS_LPLC4_L,visual,LPLC4,left,150.0,56,56,9938.0,False,123,1466.0,1059.0,377.0,30.0,68,52,3,0.0,14.0,23.0,6.0,108.0,149.0,0.0,0.0,491.0,79.0,0,0.0,1059.0,377.0,68,52,0.47493036211699163,4.61191987991333
VIS_LPLC4_R,visual,LPLC4,right,50.0,54,54,3463.0,False,83,689.0,71.0,618.0,0.0,24,59,0,2.0,0.0,6.0,19.0,34.0,53.0,0.0,0.0,16.0,218.0,0,0.0,618.0,71.0,59,24,0.7939042089985486,4.61191987991333
VIS_LPLC4_R,visual,LPLC4,right,150.0,54,54,9159.0,False,107,1315.0,271.0,1033.0,11.0,38,66,3,14.0,0.0,17.0,16.0,127.0,62.0,0.0,0.0,49.0,418.0,0,0.0,1033.0,271.0,66,38,0.5843558282208589,4.61191987991333
VIS_MTe01a_L,visual,MTe01a,left,50.0,41,41,657.0,False,0,0.0,0.0,0.0,0.0,0,0,0,0.0,0.0,0.0,0.0,0.0,0.0,0.0,0.0,0.0,0.0,0,0.0,0.0,0.0,0,0,nan,4.61191987991333
VIS_MTe01a_L,visual,MTe01a,left,150.0,41,41,1824.0,False,0,0.0,0.0,0.0,0.0,0,0,0,0.0,0.0,0.0,0.0,0.0,0.0,0.0,0.0,0.0,0.0,0,0.0,0.0,0.0,0,0,nan,4.61191987991333
VIS_MTe01a_R,visual,MTe01a,right,50.0,46,46,688.0,False,0,0.0,0.0,0.0,0.0,0,0,0,0.0,0.0,0.0,0.0,0.0,0.0,0.0,0.0,0.0,0.0,0,0.0,0.0,0.0,0,0,nan,4.61191987991333
VIS_MTe01a_R,visual,MTe01a,right,150.0,46,46,1996.0,False,0,0.0,0.0,0.0,0.0,0,0,0,0.0,0.0,0.0,0.0,0.0,0.0,0.0,0.0,0.0,0.0,0,0.0,0.0,0.0,0,0,nan,4.61191987991333
VIS_MTe51_L,visual,MTe51,left,50.0,48,48,1315.0,False,1,4.0,4.0,0.0,0.0,1,0,0,0.0,0.0,0.0,0.0,0.0,0.0,0.0,0.0,4.0,0.0,1,2.0,4.0,0.0,1,0,1.0,4.61191987991333
VIS_MTe51_L,visual,MTe51,left,150.0,48,48,4099.0,False,2,16.0,16.0,0.0,0.0,2,0,0,0.0,0.0,0.0,0.0,2.0,0.0,0.0,0.0,14.0,0.0,1,9.0,16.0,0.0,2,0,1.0,4.61191987991333
VIS_MTe51_R,visual,MTe51,right,50.0,50,50,1216.0,False,1,6.0,0.0,6.0,0.0,0,1,0,0.0,0.0,0.0,0.0,0.0,0.0,0.0,0.0,0.0,6.0,0,0.0,6.0,0.0,1,0,1.0,4.61191987991333
VIS_MTe51_R,visual,MTe51,right,150.0,50,50,4113.0,False,2,17.0,0.0,17.0,0.0,0,2,0,0.0,0.0,0.0,0.0,0.0,0.0,0.0,0.0,0.0,17.0,1,5.0,17.0,0.0,2,0,1.0,4.61191987991333
VIS_MeTu1_L,visual,MeTu1,left,50.0,120,120,2700.0,False,14,113.0,109.0,4.0,0.0,13,1,0,0.0,0.0,0.0,0.0,0.0,0.0,0.0,0.0,79.0,0.0,0,0.0,109.0,4.0,13,1,0.9292035398230089,4.61191987991333
VIS_MeTu1_L,visual,MeTu1,left,150.0,120,120,8557.0,False,40,344.0,319.0,25.0,0.0,35,5,0,0.0,0.0,4.0,0.0,17.0,5.0,0.0,0.0,169.0,0.0,0,0.0,319.0,25.0,35,5,0.8546511627906976,4.61191987991333
VIS_MeTu1_R,visual,MeTu1,right,50.0,124,124,2938.0,False,21,149.0,20.0,129.0,0.0,7,14,0,0.0,0.0,0.0,0.0,0.0,0.0,0.0,0.0,7.0,108.0,0,0.0,129.0,20.0,14,7,0.7315436241610739,4.61191987991333
VIS_MeTu1_R,visual,MeTu1,right,150.0,124,124,9980.0,False,72,479.0,68.0,411.0,0.0,21,51,0,0.0,0.0,0.0,5.0,10.0,28.0,0.0,0.0,13.0,225.0,0,0.0,411.0,68.0,51,21,0.7160751565762005,4.61191987991333
VIS_MeTu3b_L,visual,MeTu3b,left,50.0,44,44,748.0,False,0,0.0,0.0,0.0,0.0,0,0,0,0.0,0.0,0.0,0.0,0.0,0.0,0.0,0.0,0.0,0.0,0,0.0,0.0,0.0,0,0,nan,4.61191987991333
VIS_MeTu3b_L,visual,MeTu3b,left,150.0,44,44,2656.0,False,0,0.0,0.0,0.0,0.0,0,0,0,0.0,0.0,0.0,0.0,0.0,0.0,0.0,0.0,0.0,0.0,0,0.0,0.0,0.0,0,0,nan,4.61191987991333
VIS_MeTu3b_R,visual,MeTu3b,right,50.0,41,41,737.0,False,0,0.0,0.0,0.0,0.0,0,0,0,0.0,0.0,0.0,0.0,0.0,0.0,0.0,0.0,0.0,0.0,0,0.0,0.0,0.0,0,0,nan,4.61191987991333
VIS_MeTu3b_R,visual,MeTu3b,right,150.0,41,41,2875.0,False,0,0.0,0.0,0.0,0.0,0,0,0,0.0,0.0,0.0,0.0,0.0,0.0,0.0,0.0,0.0,0.0,0,0.0,0.0,0.0,0,0,nan,4.61191987991333
VIS_MeTu3c_L,visual,MeTu3c,left,50.0,81,81,1462.0,False,0,0.0,0.0,0.0,0.0,0,0,0,0.0,0.0,0.0,0.0,0.0,0.0,0.0,0.0,0.0,0.0,0,0.0,0.0,0.0,0,0,nan,4.61191987991333
VIS_MeTu3c_L,visual,MeTu3c,left,150.0,81,81,4579.0,False,0,0.0,0.0,0.0,0.0,0,0,0,0.0,0.0,0.0,0.0,0.0,0.0,0.0,0.0,0.0,0.0,0,0.0,0.0,0.0,0,0,nan,4.61191987991333
VIS_MeTu3c_R,visual,MeTu3c,right,50.0,70,70,1420.0,False,0,0.0,0.0,0.0,0.0,0,0,0,0.0,0.0,0.0,0.0,0.0,0.0,0.0,0.0,0.0,0.0,0,0.0,0.0,0.0,0,0,nan,4.309266090393066
VIS_MeTu3c_R,visual,MeTu3c,right,150.0,70,70,4045.0,False,0,0.0,0.0,0.0,0.0,0,0,0,0.0,0.0,0.0,0.0,0.0,0.0,0.0,0.0,0.0,0.0,0,0.0,0.0,0.0,0,0,nan,4.309266090393066
VIS_MeTu4a_L,visual,MeTu4a,left,50.0,71,71,1069.0,False,0,0.0,0.0,0.0,0.0,0,0,0,0.0,0.0,0.0,0.0,0.0,0.0,0.0,0.0,0.0,0.0,0,0.0,0.0,0.0,0,0,nan,4.309266090393066
VIS_MeTu4a_L,visual,MeTu4a,left,150.0,71,71,3861.0,False,2,7.0,7.0,0.0,0.0,2,0,0,0.0,0.0,2.0,0.0,5.0,0.0,0.0,0.0,0.0,0.0,0,0.0,7.0,0.0,2,0,1.0,4.309266090393066
VIS_MeTu4a_R,visual,MeTu4a,right,50.0,60,60,1041.0,False,0,0.0,0.0,0.0,0.0,0,0,0,0.0,0.0,0.0,0.0,0.0,0.0,0.0,0.0,0.0,0.0,0,0.0,0.0,0.0,0,0,nan,4.309266090393066
VIS_MeTu4a_R,visual,MeTu4a,right,150.0,60,60,3583.0,False,6,10.0,2.0,8.0,0.0,1,5,0,0.0,0.0,0.0,2.0,0.0,4.0,0.0,0.0,0.0,2.0,0,0.0,8.0,2.0,5,1,0.6,4.309266090393066
VIS_MeTu4c_L,visual,MeTu4c,left,50.0,41,41,737.0,False,0,0.0,0.0,0.0,0.0,0,0,0,0.0,0.0,0.0,0.0,0.0,0.0,0.0,0.0,0.0,0.0,0,0.0,0.0,0.0,0,0,nan,4.309266090393066
VIS_MeTu4c_L,visual,MeTu4c,left,150.0,41,41,2726.0,False,28,59.0,46.0,13.0,0.0,18,10,0,2.0,0.0,7.0,0.0,3.0,0.0,0.0,0.0,3.0,0.0,0,0.0,46.0,13.0,18,10,0.559322033898305,4.309266090393066
VIS_MeTu4c_R,visual,MeTu4c,right,50.0,48,48,828.0,False,0,0.0,0.0,0.0,0.0,0,0,0,0.0,0.0,0.0,0.0,0.0,0.0,0.0,0.0,0.0,0.0,0,0.0,0.0,0.0,0,0,nan,4.309266090393066
VIS_MeTu4c_R,visual,MeTu4c,right,150.0,48,48,3213.0,False,29,88.0,6.0,82.0,0.0,4,25,0,0.0,0.0,0.0,13.0,0.0,25.0,0.0,0.0,1.0,0.0,0,0.0,82.0,6.0,25,4,0.8636363636363636,4.309266090393066
VIS_TmY14_L,visual,TmY14,left,50.0,185,185,2773.0,False,0,0.0,0.0,0.0,0.0,0,0,0,0.0,0.0,0.0,0.0,0.0,0.0,0.0,0.0,0.0,0.0,0,0.0,0.0,0.0,0,0,nan,4.309266090393066
VIS_TmY14_L,visual,TmY14,left,150.0,185,185,8371.0,False,0,0.0,0.0,0.0,0.0,0,0,0,0.0,0.0,0.0,0.0,0.0,0.0,0.0,0.0,0.0,0.0,0,0.0,0.0,0.0,0,0,nan,4.309266090393066
VIS_TmY14_R,visual,TmY14,right,50.0,185,185,2736.0,False,0,0.0,0.0,0.0,0.0,0,0,0,0.0,0.0,0.0,0.0,0.0,0.0,0.0,0.0,0.0,0.0,0,0.0,0.0,0.0,0,0,nan,4.309266090393066
VIS_TmY14_R,visual,TmY14,right,150.0,185,185,8443.0,False,0,0.0,0.0,0.0,0.0,0,0,0,0.0,0.0,0.0,0.0,0.0,0.0,0.0,0.0,0.0,0.0,0,0.0,0.0,0.0,0,0,nan,4.309266090393066
"GUST_LB1a,LB1d_L",gustatory,"LB1a,LB1d",left,50.0,8,8,119.0,False,0,0.0,0.0,0.0,0.0,0,0,0,0.0,0.0,0.0,0.0,0.0,0.0,0.0,0.0,0.0,0.0,0,0.0,0.0,0.0,0,0,nan,4.309266090393066
"GUST_LB1a,LB1d_L",gustatory,"LB1a,LB1d",left,150.0,8,8,389.0,False,1,2.0,2.0,0.0,0.0,1,0,0,0.0,0.0,0.0,0.0,0.0,0.0,0.0,0.0,0.0,0.0,0,0.0,2.0,0.0,1,0,1.0,4.309266090393066
"GUST_LB1a,LB1d_R",gustatory,"LB1a,LB1d",right,50.0,9,9,126.0,False,0,0.0,0.0,0.0,0.0,0,0,0,0.0,0.0,0.0,0.0,0.0,0.0,0.0,0.0,0.0,0.0,0,0.0,0.0,0.0,0,0,nan,4.309266090393066
"GUST_LB1a,LB1d_R",gustatory,"LB1a,LB1d",right,150.0,9,9,425.0,False,2,3.0,0.0,3.0,0.0,0,2,0,0.0,0.0,0.0,0.0,0.0,0.0,0.0,0.0,0.0,1.0,0,0.0,3.0,0.0,2,0,1.0,4.309266090393066
GUST_LB1b_L,gustatory,LB1b,left,50.0,3,3,69.0,False,0,0.0,0.0,0.0,0.0,0,0,0,0.0,0.0,0.0,0.0,0.0,0.0,0.0,0.0,0.0,0.0,0,0.0,0.0,0.0,0,0,nan,4.309266090393066
GUST_LB1b_L,gustatory,LB1b,left,150.0,3,3,251.0,False,0,0.0,0.0,0.0,0.0,0,0,0,0.0,0.0,0.0,0.0,0.0,0.0,0.0,0.0,0.0,0.0,0,0.0,0.0,0.0,0,0,nan,4.309266090393066
GUST_LB1b_R,gustatory,LB1b,right,50.0,4,4,87.0,False,0,0.0,0.0,0.0,0.0,0,0,0,0.0,0.0,0.0,0.0,0.0,0.0,0.0,0.0,0.0,0.0,0,0.0,0.0,0.0,0,0,nan,4.309266090393066
GUST_LB1b_R,gustatory,LB1b,right,150.0,4,4,273.0,False,0,0.0,0.0,0.0,0.0,0,0,0,0.0,0.0,0.0,0.0,0.0,0.0,0.0,0.0,0.0,0.0,0,0.0,0.0,0.0,0,0,nan,4.309266090393066
GUST_LB1c_L,gustatory,LB1c,left,50.0,10,10,197.0,False,0,0.0,0.0,0.0,0.0,0,0,0,0.0,0.0,0.0,0.0,0.0,0.0,0.0,0.0,0.0,0.0,0,0.0,0.0,0.0,0,0,nan,4.309266090393066
GUST_LB1c_L,gustatory,LB1c,left,150.0,10,10,588.0,False,2,4.0,1.0,3.0,0.0,1,1,0,0.0,0.0,0.0,0.0,0.0,0.0,0.0,0.0,1.0,3.0,0,0.0,1.0,3.0,1,1,-0.5,4.309266090393066
GUST_LB1c_R,gustatory,LB1c,right,50.0,8,8,117.0,False,0,0.0,0.0,0.0,0.0,0,0,0,0.0,0.0,0.0,0.0,0.0,0.0,0.0,0.0,0.0,0.0,0,0.0,0.0,0.0,0,0,nan,4.309266090393066
GUST_LB1c_R,gustatory,LB1c,right,150.0,8,8,430.0,False,2,6.0,0.0,6.0,0.0,0,2,0,0.0,0.0,0.0,0.0,0.0,0.0,0.0,0.0,0.0,6.0,0,0.0,6.0,0.0,2,0,1.0,4.309266090393066
GUST_LB1e_L,gustatory,LB1e,left,50.0,11,11,266.0,False,0,0.0,0.0,0.0,0.0,0,0,0,0.0,0.0,0.0,0.0,0.0,0.0,0.0,0.0,0.0,0.0,0,0.0,0.0,0.0,0,0,nan,4.309266090393066
GUST_LB1e_L,gustatory,LB1e,left,150.0,11,11,696.0,False,0,0.0,0.0,0.0,0.0,0,0,0,0.0,0.0,0.0,0.0,0.0,0.0,0.0,0.0,0.0,0.0,0,0.0,0.0,0.0,0,0,nan,4.309266090393066
GUST_LB1e_R,gustatory,LB1e,right,50.0,12,12,278.0,False,0,0.0,0.0,0.0,0.0,0,0,0,0.0,0.0,0.0,0.0,0.0,0.0,0.0,0.0,0.0,0.0,0,0.0,0.0,0.0,0,0,nan,4.309266090393066
GUST_LB1e_R,gustatory,LB1e,right,150.0,12,12,1915.0,False,43,73.0,36.0,37.0,0.0,21,22,0,1.0,1.0,2.0,0.0,3.0,0.0,0.0,0.0,0.0,2.0,7,23.0,37.0,36.0,22,21,0.0136986301369863,4.309266090393066
GUST_LB2a-b_L,gustatory,LB2a-b,left,50.0,4,4,61.0,False,0,0.0,0.0,0.0,0.0,0,0,0,0.0,0.0,0.0,0.0,0.0,0.0,0.0,0.0,0.0,0.0,0,0.0,0.0,0.0,0,0,nan,4.309266090393066
GUST_LB2a-b_L,gustatory,LB2a-b,left,150.0,4,4,216.0,False,0,0.0,0.0,0.0,0.0,0,0,0,0.0,0.0,0.0,0.0,0.0,0.0,0.0,0.0,0.0,0.0,0,0.0,0.0,0.0,0,0,nan,4.309266090393066
GUST_LB2a-b_R,gustatory,LB2a-b,right,50.0,4,4,51.0,False,0,0.0,0.0,0.0,0.0,0,0,0,0.0,0.0,0.0,0.0,0.0,0.0,0.0,0.0,0.0,0.0,0,0.0,0.0,0.0,0,0,nan,4.4083099365234375
GUST_LB2a-b_R,gustatory,LB2a-b,right,150.0,4,4,194.0,False,0,0.0,0.0,0.0,0.0,0,0,0,0.0,0.0,0.0,0.0,0.0,0.0,0.0,0.0,0.0,0.0,0,0.0,0.0,0.0,0,0,nan,4.4083099365234375
GUST_LB2c_L,gustatory,LB2c,left,50.0,3,3,48.0,False,0,0.0,0.0,0.0,0.0,0,0,0,0.0,0.0,0.0,0.0,0.0,0.0,0.0,0.0,0.0,0.0,0,0.0,0.0,0.0,0,0,nan,4.4083099365234375
GUST_LB2c_L,gustatory,LB2c,left,150.0,3,3,300.0,False,0,0.0,0.0,0.0,0.0,0,0,0,0.0,0.0,0.0,0.0,0.0,0.0,0.0,0.0,0.0,0.0,0,0.0,0.0,0.0,0,0,nan,4.4083099365234375
GUST_LB2c_R,gustatory,LB2c,right,50.0,4,4,66.0,False,0,0.0,0.0,0.0,0.0,0,0,0,0.0,0.0,0.0,0.0,0.0,0.0,0.0,0.0,0.0,0.0,0,0.0,0.0,0.0,0,0,nan,4.4083099365234375
GUST_LB2c_R,gustatory,LB2c,right,150.0,4,4,252.0,False,0,0.0,0.0,0.0,0.0,0,0,0,0.0,0.0,0.0,0.0,0.0,0.0,0.0,0.0,0.0,0.0,0,0.0,0.0,0.0,0,0,nan,4.4083099365234375
GUST_LB2d_L,gustatory,LB2d,left,50.0,3,3,50.0,False,0,0.0,0.0,0.0,0.0,0,0,0,0.0,0.0,0.0,0.0,0.0,0.0,0.0,0.0,0.0,0.0,0,0.0,0.0,0.0,0,0,nan,4.4083099365234375
GUST_LB2d_L,gustatory,LB2d,left,150.0,3,3,144.0,False,0,0.0,0.0,0.0,0.0,0,0,0,0.0,0.0,0.0,0.0,0.0,0.0,0.0,0.0,0.0,0.0,0,0.0,0.0,0.0,0,0,nan,4.4083099365234375
GUST_LB2d_R,gustatory,LB2d,right,50.0,4,4,65.0,False,0,0.0,0.0,0.0,0.0,0,0,0,0.0,0.0,0.0,0.0,0.0,0.0,0.0,0.0,0.0,0.0,0,0.0,0.0,0.0,0,0,nan,4.4083099365234375
GUST_LB2d_R,gustatory,LB2d,right,150.0,4,4,183.0,False,0,0.0,0.0,0.0,0.0,0,0,0,0.0,0.0,0.0,0.0,0.0,0.0,0.0,0.0,0.0,0.0,0,0.0,0.0,0.0,0,0,nan,4.4083099365234375
GUST_LB3_L,gustatory,LB3,left,50.0,64,64,3361.0,False,86,765.0,404.0,361.0,0.0,43,43,0,0.0,1.0,0.0,0.0,1.0,2.0,0.0,0.0,18.0,4.0,0,0.0,404.0,361.0,43,43,0.05620915032679739,4.4083099365234375
GUST_LB3_L,gustatory,LB3,left,150.0,64,64,7788.0,False,94,1264.0,697.0,567.0,0.0,52,42,0,0.0,0.0,0.0,0.0,0.0,0.0,0.0,0.0,54.0,25.0,0,0.0,697.0,567.0,52,42,0.10284810126582279,4.4083099365234375
GUST_LB3_R,gustatory,LB3,right,50.0,58,58,1274.0,False,39,80.0,21.0,59.0,0.0,14,25,0,0.0,0.0,0.0,0.0,0.0,3.0,0.0,0.0,0.0,0.0,0,0.0,59.0,21.0,25,14,0.475,4.4083099365234375
GUST_LB3_R,gustatory,LB3,right,150.0,58,58,117385.0,True,208,1489.0,670.0,802.0,17.0,96,109,3,3.0,3.0,14.0,0.0,20.0,10.0,0.0,0.0,174.0,198.0,153,2120.0,802.0,670.0,109,96,0.08967391304347826,4.4083099365234375
GUST_LB4a_L,gustatory,LB4a,left,50.0,2,2,581.0,False,61,182.0,85.0,97.0,0.0,31,30,0,0.0,1.0,0.0,0.0,0.0,2.0,0.0,0.0,0.0,0.0,0,0.0,85.0,97.0,31,30,-0.06593406593406594,4.4083099365234375
GUST_LB4a_L,gustatory,LB4a,left,150.0,2,2,1214.0,False,78,333.0,159.0,174.0,0.0,38,40,0,0.0,0.0,0.0,0.0,0.0,2.0,0.0,0.0,0.0,0.0,0,0.0,159.0,174.0,38,40,-0.04504504504504504,4.4083099365234375
GUST_LB4a_R,gustatory,LB4a,right,50.0,2,2,436.0,False,73,126.0,65.0,61.0,0.0,36,37,0,0.0,0.0,0.0,0.0,0.0,0.0,0.0,0.0,0.0,0.0,0,0.0,61.0,65.0,37,36,-0.031746031746031744,4.4083099365234375
GUST_LB4a_R,gustatory,LB4a,right,150.0,2,2,1066.0,False,91,299.0,131.0,168.0,0.0,44,47,0,0.0,0.0,0.0,0.0,1.0,1.0,0.0,0.0,0.0,0.0,0,0.0,168.0,131.0,47,44,0.12374581939799331,4.4083099365234375
GUST_PhG10_L,gustatory,PhG10,left,50.0,1,1,35.0,False,0,0.0,0.0,0.0,0.0,0,0,0,0.0,0.0,0.0,0.0,0.0,0.0,0.0,0.0,0.0,0.0,0,0.0,0.0,0.0,0,0,nan,4.4083099365234375
GUST_PhG10_L,gustatory,PhG10,left,150.0,1,1,554.0,False,30,103.0,37.0,66.0,0.0,15,15,0,0.0,0.0,0.0,0.0,0.0,0.0,0.0,0.0,0.0,0.0,0,0.0,37.0,66.0,15,15,-0.2815533980582524,4.4083099365234375
GUST_PhG10_R,gustatory,PhG10,right,50.0,1,1,27.0,False,0,0.0,0.0,0.0,0.0,0,0,0,0.0,0.0,0.0,0.0,0.0,0.0,0.0,0.0,0.0,0.0,0,0.0,0.0,0.0,0,0,nan,4.4083099365234375
GUST_PhG10_R,gustatory,PhG10,right,150.0,1,1,205.0,False,8,18.0,8.0,10.0,0.0,4,4,0,0.0,0.0,0.0,0.0,0.0,0.0,0.0,0.0,0.0,0.0,0,0.0,10.0,8.0,4,4,0.1111111111111111,4.4083099365234375
GUST_PhG11_L,gustatory,PhG11,left,50.0,1,1,28.0,False,0,0.0,0.0,0.0,0.0,0,0,0,0.0,0.0,0.0,0.0,0.0,0.0,0.0,0.0,0.0,0.0,0,0.0,0.0,0.0,0,0,nan,4.4083099365234375
GUST_PhG11_L,gustatory,PhG11,left,150.0,1,1,136.0,False,0,0.0,0.0,0.0,0.0,0,0,0,0.0,0.0,0.0,0.0,0.0,0.0,0.0,0.0,0.0,0.0,0,0.0,0.0,0.0,0,0,nan,4.4083099365234375
GUST_PhG11_R,gustatory,PhG11,right,50.0,1,1,42.0,False,0,0.0,0.0,0.0,0.0,0,0,0,0.0,0.0,0.0,0.0,0.0,0.0,0.0,0.0,0.0,0.0,0,0.0,0.0,0.0,0,0,nan,4.4083099365234375
GUST_PhG11_R,gustatory,PhG11,right,150.0,1,1,195.0,False,0,0.0,0.0,0.0,0.0,0,0,0,0.0,0.0,0.0,0.0,0.0,0.0,0.0,0.0,0.0,0.0,0,0.0,0.0,0.0,0,0,nan,4.4083099365234375
GUST_PhG12_L,gustatory,PhG12,left,50.0,1,1,30.0,False,0,0.0,0.0,0.0,0.0,0,0,0,0.0,0.0,0.0,0.0,0.0,0.0,0.0,0.0,0.0,0.0,0,0.0,0.0,0.0,0,0,nan,4.4083099365234375
GUST_PhG12_L,gustatory,PhG12,left,150.0,1,1,108.0,False,0,0.0,0.0,0.0,0.0,0,0,0,0.0,0.0,0.0,0.0,0.0,0.0,0.0,0.0,0.0,0.0,0,0.0,0.0,0.0,0,0,nan,4.4083099365234375
GUST_PhG12_R,gustatory,PhG12,right,50.0,1,1,28.0,False,0,0.0,0.0,0.0,0.0,0,0,0,0.0,0.0,0.0,0.0,0.0,0.0,0.0,0.0,0.0,0.0,0,0.0,0.0,0.0,0,0,nan,4.4083099365234375
GUST_PhG12_R,gustatory,PhG12,right,150.0,1,1,101.0,False,0,0.0,0.0,0.0,0.0,0,0,0,0.0,0.0,0.0,0.0,0.0,0.0,0.0,0.0,0.0,0.0,0,0.0,0.0,0.0,0,0,nan,4.4083099365234375
GUST_PhG13_L,gustatory,PhG13,left,50.0,1,1,1042.0,False,32,43.0,21.0,22.0,0.0,17,15,0,1.0,0.0,0.0,0.0,1.0,0.0,0.0,0.0,0.0,0.0,7,22.0,21.0,22.0,17,15,-0.023255813953488372,4.4083099365234375
GUST_PhG13_L,gustatory,PhG13,left,150.0,1,1,3300.0,False,70,225.0,100.0,125.0,0.0,28,42,0,4.0,2.0,4.0,2.0,7.0,2.0,0.0,0.0,2.0,6.0,11,53.0,100.0,125.0,28,42,-0.1111111111111111,4.4083099365234375
GUST_PhG13_R,gustatory,PhG13,right,50.0,1,1,2295.0,False,63,157.0,78.0,79.0,0.0,31,32,0,3.0,0.0,4.0,1.0,6.0,2.0,0.0,0.0,0.0,0.0,11,42.0,79.0,78.0,32,31,0.006369426751592357,4.23301100730896
GUST_PhG13_R,gustatory,PhG13,right,150.0,1,1,3978.0,False,64,222.0,102.0,120.0,0.0,28,36,0,4.0,0.0,6.0,1.0,9.0,1.0,0.0,0.0,1.0,8.0,14,76.0,120.0,102.0,36,28,0.08108108108108109,4.23301100730896
GUST_PhG14_L,gustatory,PhG14,left,50.0,1,1,17.0,False,0,0.0,0.0,0.0,0.0,0,0,0,0.0,0.0,0.0,0.0,0.0,0.0,0.0,0.0,0.0,0.0,0,0.0,0.0,0.0,0,0,nan,4.23301100730896
GUST_PhG14_L,gustatory,PhG14,left,150.0,1,1,59.0,False,0,0.0,0.0,0.0,0.0,0,0,0,0.0,0.0,0.0,0.0,0.0,0.0,0.0,0.0,0.0,0.0,0,0.0,0.0,0.0,0,0,nan,4.23301100730896
GUST_PhG14_R,gustatory,PhG14,right,50.0,1,1,16.0,False,0,0.0,0.0,0.0,0.0,0,0,0,0.0,0.0,0.0,0.0,0.0,0.0,0.0,0.0,0.0,0.0,0,0.0,0.0,0.0,0,0,nan,4.23301100730896
GUST_PhG14_R,gustatory,PhG14,right,150.0,1,1,83.0,False,0,0.0,0.0,0.0,0.0,0,0,0,0.0,0.0,0.0,0.0,0.0,0.0,0.0,0.0,0.0,0.0,0,0.0,0.0,0.0,0,0,nan,4.23301100730896
GUST_PhG15_L,gustatory,PhG15,left,50.0,1,1,13.0,False,0,0.0,0.0,0.0,0.0,0,0,0,0.0,0.0,0.0,0.0,0.0,0.0,0.0,0.0,0.0,0.0,0,0.0,0.0,0.0,0,0,nan,4.23301100730896
GUST_PhG15_L,gustatory,PhG15,left,150.0,1,1,75.0,False,0,0.0,0.0,0.0,0.0,0,0,0,0.0,0.0,0.0,0.0,0.0,0.0,0.0,0.0,0.0,0.0,0,0.0,0.0,0.0,0,0,nan,4.23301100730896
GUST_PhG15_R,gustatory,PhG15,right,50.0,1,1,22.0,False,0,0.0,0.0,0.0,0.0,0,0,0,0.0,0.0,0.0,0.0,0.0,0.0,0.0,0.0,0.0,0.0,0,0.0,0.0,0.0,0,0,nan,4.23301100730896
GUST_PhG15_R,gustatory,PhG15,right,150.0,1,1,57.0,False,0,0.0,0.0,0.0,0.0,0,0,0,0.0,0.0,0.0,0.0,0.0,0.0,0.0,0.0,0.0,0.0,0,0.0,0.0,0.0,0,0,nan,4.23301100730896
GUST_PhG16_L,gustatory,PhG16,left,50.0,1,1,30.0,False,0,0.0,0.0,0.0,0.0,0,0,0,0.0,0.0,0.0,0.0,0.0,0.0,0.0,0.0,0.0,0.0,0,0.0,0.0,0.0,0,0,nan,4.23301100730896
GUST_PhG16_L,gustatory,PhG16,left,150.0,1,1,103.0,False,0,0.0,0.0,0.0,0.0,0,0,0,0.0,0.0,0.0,0.0,0.0,0.0,0.0,0.0,0.0,0.0,0,0.0,0.0,0.0,0,0,nan,4.23301100730896
GUST_PhG16_R,gustatory,PhG16,right,50.0,1,1,30.0,False,0,0.0,0.0,0.0,0.0,0,0,0,0.0,0.0,0.0,0.0,0.0,0.0,0.0,0.0,0.0,0.0,0,0.0,0.0,0.0,0,0,nan,4.23301100730896
GUST_PhG16_R,gustatory,PhG16,right,150.0,1,1,141.0,False,22,24.0,12.0,12.0,0.0,12,10,0,0.0,0.0,0.0,0.0,0.0,1.0,0.0,0.0,0.0,0.0,0,0.0,12.0,12.0,10,12,0.0,4.23301100730896
GUST_PhG1a_L,gustatory,PhG1a,left,50.0,1,1,1003.0,False,75,350.0,174.0,176.0,0.0,37,38,0,0.0,0.0,0.0,0.0,2.0,2.0,0.0,0.0,0.0,0.0,0,0.0,174.0,176.0,37,38,-0.005714285714285714,4.23301100730896
GUST_PhG1a_L,gustatory,PhG1a,left,150.0,1,1,1886.0,False,90,582.0,280.0,302.0,0.0,43,47,0,0.0,0.0,0.0,0.0,0.0,2.0,0.0,0.0,0.0,0.0,0,0.0,280.0,302.0,43,47,-0.037800687285223365,4.23301100730896
GUST_PhG1a_R,gustatory,PhG1a,right,50.0,1,1,937.0,False,81,292.0,130.0,162.0,0.0,38,43,0,0.0,0.0,0.0,0.0,0.0,1.0,0.0,0.0,0.0,0.0,0,0.0,162.0,130.0,43,38,0.1095890410958904,4.23301100730896
GUST_PhG1a_R,gustatory,PhG1a,right,150.0,1,1,1578.0,False,77,391.0,182.0,209.0,0.0,36,41,0,0.0,0.0,0.0,0.0,0.0,1.0,0.0,0.0,0.0,0.0,0,0.0,209.0,182.0,41,36,0.06905370843989769,4.23301100730896
GUST_PhG1b_L,gustatory,PhG1b,left,50.0,1,1,101.0,False,7,7.0,2.0,5.0,0.0,2,5,0,0.0,0.0,0.0,0.0,0.0,1.0,0.0,0.0,0.0,0.0,0,0.0,2.0,5.0,2,5,-0.42857142857142855,4.23301100730896
GUST_PhG1b_L,gustatory,PhG1b,left,150.0,1,1,699.0,False,72,227.0,119.0,108.0,0.0,37,35,0,0.0,2.0,0.0,0.0,1.0,2.0,0.0,0.0,0.0,0.0,0,0.0,119.0,108.0,37,35,0.048458149779735685,4.23301100730896
GUST_PhG1b_R,gustatory,PhG1b,right,50.0,1,1,601.0,False,69,256.0,135.0,121.0,0.0,33,36,0,0.0,3.0,0.0,0.0,0.0,1.0,0.0,0.0,0.0,0.0,0,0.0,121.0,135.0,36,33,-0.0546875,4.23301100730896
GUST_PhG1b_R,gustatory,PhG1b,right,150.0,1,1,816.0,False,73,223.0,114.0,109.0,0.0,31,42,0,0.0,1.0,0.0,0.0,0.0,1.0,0.0,0.0,0.0,0.0,0,0.0,109.0,114.0,42,31,-0.02242152466367713,4.23301100730896
GUST_PhG1c_L,gustatory,PhG1c,left,50.0,2,2,513.0,False,58,141.0,63.0,78.0,0.0,28,30,0,0.0,0.0,0.0,0.0,0.0,1.0,0.0,0.0,0.0,0.0,0,0.0,63.0,78.0,28,30,-0.10638297872340426,4.23301100730896
GUST_PhG1c_L,gustatory,PhG1c,left,150.0,2,2,2079.0,False,81,561.0,277.0,284.0,0.0,38,43,0,0.0,0.0,0.0,0.0,0.0,1.0,0.0,0.0,0.0,0.0,0,0.0,277.0,284.0,38,43,-0.012477718360071301,4.23301100730896
GUST_PhG1c_R,gustatory,PhG1c,right,50.0,2,2,462.0,False,61,151.0,71.0,80.0,0.0,28,33,0,0.0,1.0,0.0,0.0,0.0,0.0,0.0,0.0,0.0,0.0,0,0.0,80.0,71.0,33,28,0.059602649006622516,4.23301100730896
GUST_PhG1c_R,gustatory,PhG1c,right,150.0,2,2,1478.0,False,84,405.0,203.0,202.0,0.0,39,45,0,0.0,1.0,0.0,0.0,0.0,1.0,0.0,0.0,0.0,0.0,0,0.0,202.0,203.0,45,39,-0.0024691358024691358,4.23301100730896
GUST_PhG2_L,gustatory,PhG2,left,50.0,2,2,20.0,False,0,0.0,0.0,0.0,0.0,0,0,0,0.0,0.0,0.0,0.0,0.0,0.0,0.0,0.0,0.0,0.0,0,0.0,0.0,0.0,0,0,nan,4.23301100730896
GUST_PhG2_L,gustatory,PhG2,left,150.0,2,2,113.0,False,0,0.0,0.0,0.0,0.0,0,0,0,0.0,0.0,0.0,0.0,0.0,0.0,0.0,0.0,0.0,0.0,0,0.0,0.0,0.0,0,0,nan,4.23301100730896
GUST_PhG2_R,gustatory,PhG2,right,50.0,3,3,58.0,False,0,0.0,0.0,0.0,0.0,0,0,0,0.0,0.0,0.0,0.0,0.0,0.0,0.0,0.0,0.0,0.0,0,0.0,0.0,0.0,0,0,nan,4.23301100730896
GUST_PhG2_R,gustatory,PhG2,right,150.0,3,3,166.0,False,0,0.0,0.0,0.0,0.0,0,0,0,0.0,0.0,0.0,0.0,0.0,0.0,0.0,0.0,0.0,0.0,0,0.0,0.0,0.0,0,0,nan,4.23301100730896
GUST_PhG3_L,gustatory,PhG3,left,50.0,1,1,25.0,False,0,0.0,0.0,0.0,0.0,0,0,0,0.0,0.0,0.0,0.0,0.0,0.0,0.0,0.0,0.0,0.0,0,0.0,0.0,0.0,0,0,nan,4.23301100730896
GUST_PhG3_L,gustatory,PhG3,left,150.0,1,1,100.0,False,0,0.0,0.0,0.0,0.0,0,0,0,0.0,0.0,0.0,0.0,0.0,0.0,0.0,0.0,0.0,0.0,0,0.0,0.0,0.0,0,0,nan,4.23301100730896
GUST_PhG3_R,gustatory,PhG3,right,50.0,1,1,36.0,False,0,0.0,0.0,0.0,0.0,0,0,0,0.0,0.0,0.0,0.0,0.0,0.0,0.0,0.0,0.0,0.0,0,0.0,0.0,0.0,0,0,nan,4.2244508266448975
GUST_PhG3_R,gustatory,PhG3,right,150.0,1,1,89.0,False,1,1.0,1.0,0.0,0.0,1,0,0,0.0,0.0,0.0,0.0,0.0,0.0,0.0,0.0,0.0,0.0,0,0.0,0.0,1.0,0,1,-1.0,4.2244508266448975
GUST_PhG4_L,gustatory,PhG4,left,50.0,2,2,604.0,False,62,199.0,78.0,121.0,0.0,29,33,0,0.0,1.0,0.0,0.0,0.0,1.0,0.0,0.0,0.0,0.0,0,0.0,78.0,121.0,29,33,-0.21608040201005024,4.2244508266448975
GUST_PhG4_L,gustatory,PhG4,left,150.0,2,2,1931.0,False,79,467.0,216.0,251.0,0.0,39,40,0,0.0,0.0,0.0,0.0,1.0,1.0,0.0,0.0,0.0,0.0,0,0.0,216.0,251.0,39,40,-0.07494646680942184,4.2244508266448975
GUST_PhG4_R,gustatory,PhG4,right,50.0,2,2,391.0,False,62,126.0,60.0,66.0,0.0,29,33,0,0.0,0.0,0.0,0.0,0.0,0.0,0.0,0.0,0.0,0.0,0,0.0,66.0,60.0,33,29,0.047619047619047616,4.2244508266448975
GUST_PhG4_R,gustatory,PhG4,right,150.0,2,2,1727.0,False,75,459.0,217.0,242.0,0.0,36,39,0,0.0,1.0,0.0,0.0,0.0,2.0,0.0,0.0,0.0,0.0,0,0.0,242.0,217.0,39,36,0.054466230936819175,4.2244508266448975
GUST_PhG5_L,gustatory,PhG5,left,50.0,1,1,32.0,False,0,0.0,0.0,0.0,0.0,0,0,0,0.0,0.0,0.0,0.0,0.0,0.0,0.0,0.0,0.0,0.0,0,0.0,0.0,0.0,0,0,nan,4.2244508266448975
GUST_PhG5_L,gustatory,PhG5,left,150.0,1,1,233.0,False,1,1.0,1.0,0.0,0.0,1,0,0,0.0,0.0,0.0,0.0,0.0,0.0,0.0,0.0,0.0,0.0,0,0.0,1.0,0.0,1,0,1.0,4.2244508266448975
GUST_PhG5_R,gustatory,PhG5,right,50.0,1,1,78.0,False,0,0.0,0.0,0.0,0.0,0,0,0,0.0,0.0,0.0,0.0,0.0,0.0,0.0,0.0,0.0,0.0,0,0.0,0.0,0.0,0,0,nan,4.2244508266448975
GUST_PhG5_R,gustatory,PhG5,right,150.0,1,1,240.0,False,0,0.0,0.0,0.0,0.0,0,0,0,0.0,0.0,0.0,0.0,0.0,0.0,0.0,0.0,0.0,0.0,0,0.0,0.0,0.0,0,0,nan,4.2244508266448975
GUST_PhG6_L,gustatory,PhG6,left,50.0,1,1,36.0,False,0,0.0,0.0,0.0,0.0,0,0,0,0.0,0.0,0.0,0.0,0.0,0.0,0.0,0.0,0.0,0.0,0,0.0,0.0,0.0,0,0,nan,4.2244508266448975
GUST_PhG6_L,gustatory,PhG6,left,150.0,1,1,104.0,False,0,0.0,0.0,0.0,0.0,0,0,0,0.0,0.0,0.0,0.0,0.0,0.0,0.0,0.0,0.0,0.0,0,0.0,0.0,0.0,0,0,nan,4.2244508266448975
GUST_PhG6_R,gustatory,PhG6,right,50.0,1,1,21.0,False,0,0.0,0.0,0.0,0.0,0,0,0,0.0,0.0,0.0,0.0,0.0,0.0,0.0,0.0,0.0,0.0,0,0.0,0.0,0.0,0,0,nan,4.2244508266448975
GUST_PhG6_R,gustatory,PhG6,right,150.0,1,1,73.0,False,0,0.0,0.0,0.0,0.0,0,0,0,0.0,0.0,0.0,0.0,0.0,0.0,0.0,0.0,0.0,0.0,0,0.0,0.0,0.0,0,0,nan,4.2244508266448975
GUST_PhG7_L,gustatory,PhG7,left,50.0,2,2,37.0,False,0,0.0,0.0,0.0,0.0,0,0,0,0.0,0.0,0.0,0.0,0.0,0.0,0.0,0.0,0.0,0.0,0,0.0,0.0,0.0,0,0,nan,4.2244508266448975
GUST_PhG7_L,gustatory,PhG7,left,150.0,2,2,123.0,False,0,0.0,0.0,0.0,0.0,0,0,0,0.0,0.0,0.0,0.0,0.0,0.0,0.0,0.0,0.0,0.0,0,0.0,0.0,0.0,0,0,nan,4.2244508266448975
GUST_PhG7_R,gustatory,PhG7,right,50.0,3,3,56.0,False,0,0.0,0.0,0.0,0.0,0,0,0,0.0,0.0,0.0,0.0,0.0,0.0,0.0,0.0,0.0,0.0,0,0.0,0.0,0.0,0,0,nan,4.2244508266448975
GUST_PhG7_R,gustatory,PhG7,right,150.0,3,3,182.0,False,0,0.0,0.0,0.0,0.0,0,0,0,0.0,0.0,0.0,0.0,0.0,0.0,0.0,0.0,0.0,0.0,0,0.0,0.0,0.0,0,0,nan,4.2244508266448975
GUST_PhG8_L,gustatory,PhG8,left,50.0,2,2,77.0,False,3,13.0,7.0,6.0,0.0,2,1,0,0.0,0.0,0.0,0.0,0.0,0.0,0.0,0.0,4.0,6.0,0,0.0,7.0,6.0,2,1,0.07692307692307693,4.2244508266448975
GUST_PhG8_L,gustatory,PhG8,left,150.0,2,2,194.0,False,4,35.0,20.0,15.0,0.0,2,2,0,0.0,0.0,0.0,0.0,0.0,0.0,0.0,0.0,11.0,13.0,0,0.0,20.0,15.0,2,2,0.14285714285714285,4.2244508266448975
GUST_PhG8_R,gustatory,PhG8,right,50.0,2,2,36.0,False,2,3.0,2.0,1.0,0.0,1,1,0,0.0,0.0,0.0,0.0,0.0,0.0,0.0,0.0,2.0,1.0,0,0.0,1.0,2.0,1,1,-0.3333333333333333,4.2244508266448975
GUST_PhG8_R,gustatory,PhG8,right,150.0,2,2,239.0,False,5,36.0,19.0,17.0,0.0,2,3,0,0.0,0.0,0.0,0.0,0.0,0.0,0.0,0.0,14.0,13.0,0,0.0,17.0,19.0,3,2,-0.05555555555555555,4.2244508266448975
GUST_PhG9_L,gustatory,PhG9,left,50.0,2,2,190.0,False,6,15.0,7.0,8.0,0.0,3,3,0,0.0,0.0,0.0,0.0,0.0,0.0,0.0,0.0,0.0,0.0,0,0.0,7.0,8.0,3,3,-0.06666666666666667,4.2244508266448975
GUST_PhG9_L,gustatory,PhG9,left,150.0,2,2,803.0,False,27,154.0,79.0,75.0,0.0,15,12,0,0.0,0.0,0.0,0.0,0.0,0.0,0.0,0.0,0.0,0.0,0,0.0,79.0,75.0,15,12,0.025974025974025976,4.2244508266448975
GUST_PhG9_R,gustatory,PhG9,right,50.0,2,2,100.0,False,1,1.0,0.0,1.0,0.0,0,1,0,0.0,0.0,0.0,0.0,0.0,0.0,0.0,0.0,0.0,0.0,0,0.0,1.0,0.0,1,0,1.0,4.2244508266448975
GUST_PhG9_R,gustatory,PhG9,right,150.0,2,2,755.0,False,23,98.0,46.0,52.0,0.0,13,10,0,0.0,0.0,0.0,0.0,0.0,0.0,0.0,0.0,0.0,0.0,0,0.0,52.0,46.0,10,13,0.061224489795918366,4.2244508266448975
GUST_SA_VTV_1_L,gustatory,SA_VTV_1,left,50.0,2,2,68.0,False,0,0.0,0.0,0.0,0.0,0,0,0,0.0,0.0,0.0,0.0,0.0,0.0,0.0,0.0,0.0,0.0,0,0.0,0.0,0.0,0,0,nan,4.2244508266448975
GUST_SA_VTV_1_L,gustatory,SA_VTV_1,left,150.0,2,2,206.0,False,0,0.0,0.0,0.0,0.0,0,0,0,0.0,0.0,0.0,0.0,0.0,0.0,0.0,0.0,0.0,0.0,0,0.0,0.0,0.0,0,0,nan,4.2244508266448975
GUST_SA_VTV_1_R,gustatory,SA_VTV_1,right,50.0,2,2,86.0,False,0,0.0,0.0,0.0,0.0,0,0,0,0.0,0.0,0.0,0.0,0.0,0.0,0.0,0.0,0.0,0.0,0,0.0,0.0,0.0,0,0,nan,4.2244508266448975
GUST_SA_VTV_1_R,gustatory,SA_VTV_1,right,150.0,2,2,167.0,False,0,0.0,0.0,0.0,0.0,0,0,0,0.0,0.0,0.0,0.0,0.0,0.0,0.0,0.0,0.0,0.0,0,0.0,0.0,0.0,0,0,nan,4.2244508266448975
GUST_SA_VTV_10_L,gustatory,SA_VTV_10,left,50.0,5,5,75.0,False,0,0.0,0.0,0.0,0.0,0,0,0,0.0,0.0,0.0,0.0,0.0,0.0,0.0,0.0,0.0,0.0,0,0.0,0.0,0.0,0,0,nan,4.2244508266448975
GUST_SA_VTV_10_L,gustatory,SA_VTV_10,left,150.0,5,5,262.0,False,0,0.0,0.0,0.0,0.0,0,0,0,0.0,0.0,0.0,0.0,0.0,0.0,0.0,0.0,0.0,0.0,0,0.0,0.0,0.0,0,0,nan,4.2244508266448975
GUST_SA_VTV_10_R,gustatory,SA_VTV_10,right,50.0,4,4,59.0,False,0,0.0,0.0,0.0,0.0,0,0,0,0.0,0.0,0.0,0.0,0.0,0.0,0.0,0.0,0.0,0.0,0,0.0,0.0,0.0,0,0,nan,4.238063097000122
GUST_SA_VTV_10_R,gustatory,SA_VTV_10,right,150.0,4,4,245.0,False,0,0.0,0.0,0.0,0.0,0,0,0,0.0,0.0,0.0,0.0,0.0,0.0,0.0,0.0,0.0,0.0,0,0.0,0.0,0.0,0,0,nan,4.238063097000122
GUST_SA_VTV_2_L,gustatory,SA_VTV_2,left,50.0,6,6,165.0,False,1,2.0,2.0,0.0,0.0,1,0,0,0.0,0.0,0.0,0.0,0.0,0.0,0.0,0.0,0.0,0.0,0,0.0,2.0,0.0,1,0,1.0,4.238063097000122
GUST_SA_VTV_2_L,gustatory,SA_VTV_2,left,150.0,6,6,718.0,False,18,55.0,37.0,18.0,0.0,12,6,0,0.0,0.0,0.0,0.0,0.0,0.0,0.0,0.0,0.0,0.0,0,0.0,37.0,18.0,12,6,0.34545454545454546,4.238063097000122
GUST_SA_VTV_2_R,gustatory,SA_VTV_2,right,50.0,6,6,155.0,False,0,0.0,0.0,0.0,0.0,0,0,0,0.0,0.0,0.0,0.0,0.0,0.0,0.0,0.0,0.0,0.0,0,0.0,0.0,0.0,0,0,nan,4.238063097000122
GUST_SA_VTV_2_R,gustatory,SA_VTV_2,right,150.0,6,6,533.0,False,2,26.0,12.0,14.0,0.0,1,1,0,0.0,0.0,0.0,0.0,0.0,0.0,0.0,0.0,0.0,0.0,0,0.0,14.0,12.0,1,1,0.07692307692307693,4.238063097000122
GUST_SA_VTV_3_L,gustatory,SA_VTV_3,left,50.0,3,3,49.0,False,0,0.0,0.0,0.0,0.0,0,0,0,0.0,0.0,0.0,0.0,0.0,0.0,0.0,0.0,0.0,0.0,0,0.0,0.0,0.0,0,0,nan,4.238063097000122
GUST_SA_VTV_3_L,gustatory,SA_VTV_3,left,150.0,3,3,173.0,False,0,0.0,0.0,0.0,0.0,0,0,0,0.0,0.0,0.0,0.0,0.0,0.0,0.0,0.0,0.0,0.0,0,0.0,0.0,0.0,0,0,nan,4.238063097000122
GUST_SA_VTV_3_R,gustatory,SA_VTV_3,right,50.0,4,4,66.0,False,0,0.0,0.0,0.0,0.0,0,0,0,0.0,0.0,0.0,0.0,0.0,0.0,0.0,0.0,0.0,0.0,0,0.0,0.0,0.0,0,0,nan,4.238063097000122
GUST_SA_VTV_3_R,gustatory,SA_VTV_3,right,150.0,4,4,292.0,False,1,1.0,0.0,1.0,0.0,0,1,0,0.0,0.0,0.0,0.0,0.0,0.0,0.0,0.0,0.0,1.0,0,0.0,1.0,0.0,1,0,1.0,4.238063097000122
GUST_SA_VTV_4_L,gustatory,SA_VTV_4,left,50.0,9,9,182.0,False,0,0.0,0.0,0.0,0.0,0,0,0,0.0,0.0,0.0,0.0,0.0,0.0,0.0,0.0,0.0,0.0,0,0.0,0.0,0.0,0,0,nan,4.238063097000122
GUST_SA_VTV_4_L,gustatory,SA_VTV_4,left,150.0,9,9,722.0,False,4,24.0,17.0,7.0,0.0,2,2,0,0.0,0.0,0.0,0.0,0.0,0.0,0.0,0.0,9.0,4.0,0,0.0,17.0,7.0,2,2,0.4166666666666667,4.238063097000122
GUST_SA_VTV_4_R,gustatory,SA_VTV_4,right,50.0,9,9,197.0,False,1,2.0,0.0,2.0,0.0,0,1,0,0.0,0.0,0.0,0.0,0.0,0.0,0.0,0.0,0.0,2.0,0,0.0,2.0,0.0,1,0,1.0,4.238063097000122
GUST_SA_VTV_4_R,gustatory,SA_VTV_4,right,150.0,9,9,739.0,False,5,37.0,3.0,34.0,0.0,2,3,0,0.0,0.0,0.0,0.0,0.0,0.0,0.0,0.0,1.0,24.0,0,0.0,34.0,3.0,3,2,0.8378378378378378,4.238063097000122
GUST_SA_VTV_5_L,gustatory,SA_VTV_5,left,50.0,7,7,142.0,False,0,0.0,0.0,0.0,0.0,0,0,0,0.0,0.0,0.0,0.0,0.0,0.0,0.0,0.0,0.0,0.0,0,0.0,0.0,0.0,0,0,nan,4.238063097000122
GUST_SA_VTV_5_L,gustatory,SA_VTV_5,left,150.0,7,7,2260.0,False,59,113.0,47.0,66.0,0.0,26,33,0,2.0,1.0,3.0,1.0,6.0,0.0,0.0,0.0,0.0,3.0,9,40.0,47.0,66.0,26,33,-0.168141592920354,4.238063097000122
GUST_SA_VTV_5_R,gustatory,SA_VTV_5,right,50.0,7,7,1399.0,False,49,100.0,48.0,52.0,0.0,23,26,0,2.0,0.0,2.0,0.0,2.0,2.0,0.0,0.0,0.0,0.0,7,23.0,52.0,48.0,26,23,0.04,4.238063097000122
GUST_SA_VTV_5_R,gustatory,SA_VTV_5,right,150.0,7,7,3466.0,False,58,188.0,90.0,98.0,0.0,25,33,0,3.0,0.0,5.0,1.0,7.0,1.0,0.0,0.0,0.0,2.0,11,63.0,98.0,90.0,33,25,0.0425531914893617,4.238063097000122
GUST_SA_VTV_7_L,gustatory,SA_VTV_7,left,50.0,1,1,14.0,False,0,0.0,0.0,0.0,0.0,0,0,0,0.0,0.0,0.0,0.0,0.0,0.0,0.0,0.0,0.0,0.0,0,0.0,0.0,0.0,0,0,nan,4.238063097000122
GUST_SA_VTV_7_L,gustatory,SA_VTV_7,left,150.0,1,1,64.0,False,0,0.0,0.0,0.0,0.0,0,0,0,0.0,0.0,0.0,0.0,0.0,0.0,0.0,0.0,0.0,0.0,0,0.0,0.0,0.0,0,0,nan,4.238063097000122
GUST_SA_VTV_7_R,gustatory,SA_VTV_7,right,50.0,1,1,14.0,False,0,0.0,0.0,0.0,0.0,0,0,0,0.0,0.0,0.0,0.0,0.0,0.0,0.0,0.0,0.0,0.0,0,0.0,0.0,0.0,0,0,nan,4.238063097000122
GUST_SA_VTV_7_R,gustatory,SA_VTV_7,right,150.0,1,1,74.0,False,0,0.0,0.0,0.0,0.0,0,0,0,0.0,0.0,0.0,0.0,0.0,0.0,0.0,0.0,0.0,0.0,0,0.0,0.0,0.0,0,0,nan,4.238063097000122
GUST_SA_VTV_8_L,gustatory,SA_VTV_8,left,50.0,1,1,16.0,False,0,0.0,0.0,0.0,0.0,0,0,0,0.0,0.0,0.0,0.0,0.0,0.0,0.0,0.0,0.0,0.0,0,0.0,0.0,0.0,0,0,nan,4.238063097000122
GUST_SA_VTV_8_L,gustatory,SA_VTV_8,left,150.0,1,1,93.0,False,0,0.0,0.0,0.0,0.0,0,0,0,0.0,0.0,0.0,0.0,0.0,0.0,0.0,0.0,0.0,0.0,0,0.0,0.0,0.0,0,0,nan,4.238063097000122
GUST_SA_VTV_8_R,gustatory,SA_VTV_8,right,50.0,1,1,18.0,False,0,0.0,0.0,0.0,0.0,0,0,0,0.0,0.0,0.0,0.0,0.0,0.0,0.0,0.0,0.0,0.0,0,0.0,0.0,0.0,0,0,nan,4.238063097000122
GUST_SA_VTV_8_R,gustatory,SA_VTV_8,right,150.0,1,1,70.0,False,0,0.0,0.0,0.0,0.0,0,0,0,0.0,0.0,0.0,0.0,0.0,0.0,0.0,0.0,0.0,0.0,0,0.0,0.0,0.0,0,0,nan,4.238063097000122
GUST_SA_VTV_9_L,gustatory,SA_VTV_9,left,50.0,3,3,80.0,False,0,0.0,0.0,0.0,0.0,0,0,0,0.0,0.0,0.0,0.0,0.0,0.0,0.0,0.0,0.0,0.0,0,0.0,0.0,0.0,0,0,nan,4.238063097000122
GUST_SA_VTV_9_L,gustatory,SA_VTV_9,left,150.0,3,3,295.0,False,0,0.0,0.0,0.0,0.0,0,0,0,0.0,0.0,0.0,0.0,0.0,0.0,0.0,0.0,0.0,0.0,0,0.0,0.0,0.0,0,0,nan,4.238063097000122
GUST_SA_VTV_9_R,gustatory,SA_VTV_9,right,50.0,3,3,97.0,False,0,0.0,0.0,0.0,0.0,0,0,0,0.0,0.0,0.0,0.0,0.0,0.0,0.0,0.0,0.0,0.0,0,0.0,0.0,0.0,0,0,nan,4.238063097000122
GUST_SA_VTV_9_R,gustatory,SA_VTV_9,right,150.0,3,3,343.0,False,0,0.0,0.0,0.0,0.0,0,0,0,0.0,0.0,0.0,0.0,0.0,0.0,0.0,0.0,0.0,0.0,0,0.0,0.0,0.0,0,0,nan,4.238063097000122
GUST_claw_tpGRN_L,gustatory,claw_tpGRN,left,50.0,31,31,640.0,False,2,12.0,7.0,5.0,0.0,1,1,0,0.0,0.0,0.0,0.0,0.0,0.0,0.0,0.0,0.0,0.0,0,0.0,7.0,5.0,1,1,0.16666666666666666,4.238063097000122
GUST_claw_tpGRN_L,gustatory,claw_tpGRN,left,150.0,31,31,2132.0,False,13,68.0,40.0,28.0,0.0,8,5,0,0.0,0.0,0.0,0.0,0.0,0.0,0.0,0.0,0.0,0.0,0,0.0,40.0,28.0,8,5,0.17647058823529413,4.238063097000122
GUST_claw_tpGRN_R,gustatory,claw_tpGRN,right,50.0,29,29,483.0,False,1,4.0,0.0,4.0,0.0,0,1,0,0.0,0.0,0.0,0.0,0.0,0.0,0.0,0.0,0.0,0.0,0,0.0,4.0,0.0,1,0,1.0,4.2433249950408936
GUST_claw_tpGRN_R,gustatory,claw_tpGRN,right,150.0,29,29,1623.0,False,12,33.0,9.0,24.0,0.0,2,10,0,0.0,0.0,0.0,0.0,0.0,1.0,0.0,0.0,0.0,0.0,0,0.0,24.0,9.0,10,2,0.45454545454545453,4.2433249950408936
GUST_dorsal_tpGRN_L,gustatory,dorsal_tpGRN,left,50.0,5,5,109.0,False,0,0.0,0.0,0.0,0.0,0,0,0,0.0,0.0,0.0,0.0,0.0,0.0,0.0,0.0,0.0,0.0,0,0.0,0.0,0.0,0,0,nan,4.2433249950408936
GUST_dorsal_tpGRN_L,gustatory,dorsal_tpGRN,left,150.0,5,5,623.0,False,19,55.0,30.0,25.0,0.0,10,9,0,0.0,0.0,0.0,0.0,0.0,0.0,0.0,0.0,0.0,0.0,0,0.0,30.0,25.0,10,9,0.09090909090909091,4.2433249950408936
GUST_dorsal_tpGRN_R,gustatory,dorsal_tpGRN,right,50.0,6,6,85.0,False,0,0.0,0.0,0.0,0.0,0,0,0,0.0,0.0,0.0,0.0,0.0,0.0,0.0,0.0,0.0,0.0,0,0.0,0.0,0.0,0,0,nan,4.2433249950408936
GUST_dorsal_tpGRN_R,gustatory,dorsal_tpGRN,right,150.0,6,6,549.0,False,11,41.0,13.0,28.0,0.0,4,7,0,0.0,0.0,0.0,0.0,0.0,0.0,0.0,0.0,0.0,0.0,0,0.0,28.0,13.0,7,4,0.36585365853658536,4.2433249950408936
sugar_GRN_benchmark,gustatory_sugar,sugar,NA,50.0,21,21,1170.0,False,75,237.0,139.0,98.0,0.0,38,37,0,0.0,0.0,0.0,0.0,0.0,1.0,0.0,0.0,0.0,0.0,0,0.0,nan,nan,-1,-1,nan,4.2433249950408936
sugar_GRN_benchmark,gustatory_sugar,sugar,NA,150.0,21,21,4021.0,False,85,827.0,462.0,365.0,0.0,46,39,0,0.0,0.0,0.0,0.0,1.0,0.0,0.0,0.0,0.0,0.0,0,0.0,nan,nan,-1,-1,nan,4.2433249950408936
bitter_pool_L,gustatory_bitter,bitter,left,50.0,32,32,605.0,False,0,0.0,0.0,0.0,0.0,0,0,0,0.0,0.0,0.0,0.0,0.0,0.0,0.0,0.0,0.0,0.0,0,0.0,0.0,0.0,0,0,nan,4.2433249950408936
bitter_pool_L,gustatory_bitter,bitter,left,150.0,32,32,3233.0,False,58,102.0,53.0,49.0,0.0,29,29,0,1.0,0.0,1.0,0.0,3.0,0.0,0.0,0.0,12.0,11.0,9,22.0,53.0,49.0,29,29,0.0392156862745098,4.2433249950408936
bitter_pool_R,gustatory_bitter,bitter,right,50.0,33,33,579.0,False,0,0.0,0.0,0.0,0.0,0,0,0,0.0,0.0,0.0,0.0,0.0,0.0,0.0,0.0,0.0,0.0,0,0.0,0.0,0.0,0,0,nan,4.2433249950408936
bitter_pool_R,gustatory_bitter,bitter,right,150.0,33,33,1872.0,False,3,18.0,0.0,18.0,0.0,0,3,0,0.0,0.0,0.0,0.0,0.0,0.0,0.0,0.0,0.0,14.0,0,0.0,18.0,0.0,3,0,1.0,4.2433249950408936
ENDO_CAPA_L,endocrine,CAPA,left,50.0,1,1,19.0,False,0,0.0,0.0,0.0,0.0,0,0,0,0.0,0.0,0.0,0.0,0.0,0.0,0.0,0.0,0.0,0.0,0,0.0,0.0,0.0,0,0,nan,4.2433249950408936
ENDO_CAPA_L,endocrine,CAPA,left,150.0,1,1,57.0,False,0,0.0,0.0,0.0,0.0,0,0,0,0.0,0.0,0.0,0.0,0.0,0.0,0.0,0.0,0.0,0.0,0,0.0,0.0,0.0,0,0,nan,4.2433249950408936
ENDO_CAPA_R,endocrine,CAPA,right,50.0,1,1,9.0,False,0,0.0,0.0,0.0,0.0,0,0,0,0.0,0.0,0.0,0.0,0.0,0.0,0.0,0.0,0.0,0.0,0,0.0,0.0,0.0,0,0,nan,4.2433249950408936
ENDO_CAPA_R,endocrine,CAPA,right,150.0,1,1,49.0,False,0,0.0,0.0,0.0,0.0,0,0,0,0.0,0.0,0.0,0.0,0.0,0.0,0.0,0.0,0.0,0.0,0,0.0,0.0,0.0,0,0,nan,4.2433249950408936
ENDO_CRZ_L,endocrine,CRZ,left,50.0,3,3,55.0,False,0,0.0,0.0,0.0,0.0,0,0,0,0.0,0.0,0.0,0.0,0.0,0.0,0.0,0.0,0.0,0.0,0,0.0,0.0,0.0,0,0,nan,4.2433249950408936
ENDO_CRZ_L,endocrine,CRZ,left,150.0,3,3,153.0,False,1,3.0,3.0,0.0,0.0,1,0,0,0.0,0.0,0.0,0.0,0.0,0.0,0.0,0.0,0.0,0.0,0,0.0,3.0,0.0,1,0,1.0,4.2433249950408936
ENDO_CRZ_R,endocrine,CRZ,right,50.0,3,3,44.0,False,0,0.0,0.0,0.0,0.0,0,0,0,0.0,0.0,0.0,0.0,0.0,0.0,0.0,0.0,0.0,0.0,0,0.0,0.0,0.0,0,0,nan,4.2433249950408936
ENDO_CRZ_R,endocrine,CRZ,right,150.0,3,3,133.0,False,0,0.0,0.0,0.0,0.0,0,0,0,0.0,0.0,0.0,0.0,0.0,0.0,0.0,0.0,0.0,0.0,0,0.0,0.0,0.0,0,0,nan,4.2433249950408936
ENDO_DH31_L,endocrine,DH31,left,50.0,3,3,42.0,False,0,0.0,0.0,0.0,0.0,0,0,0,0.0,0.0,0.0,0.0,0.0,0.0,0.0,0.0,0.0,0.0,0,0.0,0.0,0.0,0,0,nan,4.2433249950408936
ENDO_DH31_L,endocrine,DH31,left,150.0,3,3,120.0,False,0,0.0,0.0,0.0,0.0,0,0,0,0.0,0.0,0.0,0.0,0.0,0.0,0.0,0.0,0.0,0.0,0,0.0,0.0,0.0,0,0,nan,4.2433249950408936
ENDO_DH31_R,endocrine,DH31,right,50.0,3,3,49.0,False,0,0.0,0.0,0.0,0.0,0,0,0,0.0,0.0,0.0,0.0,0.0,0.0,0.0,0.0,0.0,0.0,0,0.0,0.0,0.0,0,0,nan,4.2433249950408936
ENDO_DH31_R,endocrine,DH31,right,150.0,3,3,136.0,False,0,0.0,0.0,0.0,0.0,0,0,0,0.0,0.0,0.0,0.0,0.0,0.0,0.0,0.0,0.0,0.0,0,0.0,0.0,0.0,0,0,nan,4.2433249950408936
ENDO_DH44_L,endocrine,DH44,left,50.0,3,3,29.0,False,0,0.0,0.0,0.0,0.0,0,0,0,0.0,0.0,0.0,0.0,0.0,0.0,0.0,0.0,0.0,0.0,0,0.0,0.0,0.0,0,0,nan,4.2433249950408936
ENDO_DH44_L,endocrine,DH44,left,150.0,3,3,129.0,False,0,0.0,0.0,0.0,0.0,0,0,0,0.0,0.0,0.0,0.0,0.0,0.0,0.0,0.0,0.0,0.0,0,0.0,0.0,0.0,0,0,nan,4.2433249950408936
ENDO_DH44_R,endocrine,DH44,right,50.0,3,3,36.0,False,0,0.0,0.0,0.0,0.0,0,0,0,0.0,0.0,0.0,0.0,0.0,0.0,0.0,0.0,0.0,0.0,0,0.0,0.0,0.0,0,0,nan,4.2433249950408936
ENDO_DH44_R,endocrine,DH44,right,150.0,3,3,120.0,False,0,0.0,0.0,0.0,0.0,0,0,0,0.0,0.0,0.0,0.0,0.0,0.0,0.0,0.0,0.0,0.0,0,0.0,0.0,0.0,0,0,nan,4.2433249950408936
ENDO_DMS_L,endocrine,DMS,left,50.0,2,2,31.0,False,0,0.0,0.0,0.0,0.0,0,0,0,0.0,0.0,0.0,0.0,0.0,0.0,0.0,0.0,0.0,0.0,0,0.0,0.0,0.0,0,0,nan,4.2433249950408936
ENDO_DMS_L,endocrine,DMS,left,150.0,2,2,64.0,False,0,0.0,0.0,0.0,0.0,0,0,0,0.0,0.0,0.0,0.0,0.0,0.0,0.0,0.0,0.0,0.0,0,0.0,0.0,0.0,0,0,nan,4.2433249950408936
ENDO_DMS_R,endocrine,DMS,right,50.0,4,4,54.0,False,0,0.0,0.0,0.0,0.0,0,0,0,0.0,0.0,0.0,0.0,0.0,0.0,0.0,0.0,0.0,0.0,0,0.0,0.0,0.0,0,0,nan,4.2433249950408936
ENDO_DMS_R,endocrine,DMS,right,150.0,4,4,177.0,False,0,0.0,0.0,0.0,0.0,0,0,0,0.0,0.0,0.0,0.0,0.0,0.0,0.0,0.0,0.0,0.0,0,0.0,0.0,0.0,0,0,nan,4.2433249950408936
ENDO_Hugin-RG_L,endocrine,Hugin-RG,left,50.0,2,2,33.0,False,0,0.0,0.0,0.0,0.0,0,0,0,0.0,0.0,0.0,0.0,0.0,0.0,0.0,0.0,0.0,0.0,0,0.0,0.0,0.0,0,0,nan,5.005750894546509
ENDO_Hugin-RG_L,endocrine,Hugin-RG,left,150.0,2,2,94.0,False,0,0.0,0.0,0.0,0.0,0,0,0,0.0,0.0,0.0,0.0,0.0,0.0,0.0,0.0,0.0,0.0,0,0.0,0.0,0.0,0,0,nan,5.005750894546509
ENDO_Hugin-RG_R,endocrine,Hugin-RG,right,50.0,2,2,24.0,False,0,0.0,0.0,0.0,0.0,0,0,0,0.0,0.0,0.0,0.0,0.0,0.0,0.0,0.0,0.0,0.0,0,0.0,0.0,0.0,0,0,nan,5.005750894546509
ENDO_Hugin-RG_R,endocrine,Hugin-RG,right,150.0,2,2,81.0,False,0,0.0,0.0,0.0,0.0,0,0,0,0.0,0.0,0.0,0.0,0.0,0.0,0.0,0.0,0.0,0.0,0,0.0,0.0,0.0,0,0,nan,5.005750894546509
ENDO_IPC_L,endocrine,IPC,left,50.0,8,8,115.0,False,0,0.0,0.0,0.0,0.0,0,0,0,0.0,0.0,0.0,0.0,0.0,0.0,0.0,0.0,0.0,0.0,0,0.0,0.0,0.0,0,0,nan,5.005750894546509
ENDO_IPC_L,endocrine,IPC,left,150.0,8,8,359.0,False,0,0.0,0.0,0.0,0.0,0,0,0,0.0,0.0,0.0,0.0,0.0,0.0,0.0,0.0,0.0,0.0,0,0.0,0.0,0.0,0,0,nan,5.005750894546509
ENDO_IPC_R,endocrine,IPC,right,50.0,10,10,147.0,False,0,0.0,0.0,0.0,0.0,0,0,0,0.0,0.0,0.0,0.0,0.0,0.0,0.0,0.0,0.0,0.0,0,0.0,0.0,0.0,0,0,nan,5.005750894546509
ENDO_IPC_R,endocrine,IPC,right,150.0,10,10,475.0,False,0,0.0,0.0,0.0,0.0,0,0,0,0.0,0.0,0.0,0.0,0.0,0.0,0.0,0.0,0.0,0.0,0,0.0,0.0,0.0,0,0,nan,5.005750894546509
ENDO_ITP_L,endocrine,ITP,left,50.0,1,4,14.0,False,0,0.0,0.0,0.0,0.0,0,0,0,0.0,0.0,0.0,0.0,0.0,0.0,0.0,0.0,0.0,0.0,0,0.0,0.0,0.0,0,0,nan,5.005750894546509
ENDO_ITP_L,endocrine,ITP,left,150.0,1,4,51.0,False,0,0.0,0.0,0.0,0.0,0,0,0,0.0,0.0,0.0,0.0,0.0,0.0,0.0,0.0,0.0,0.0,0,0.0,0.0,0.0,0,0,nan,5.005750894546509
ENDO_ITP_R,endocrine,ITP,right,50.0,3,4,36.0,False,0,0.0,0.0,0.0,0.0,0,0,0,0.0,0.0,0.0,0.0,0.0,0.0,0.0,0.0,0.0,0.0,0,0.0,0.0,0.0,0,0,nan,5.005750894546509
ENDO_ITP_R,endocrine,ITP,right,150.0,3,4,121.0,False,0,0.0,0.0,0.0,0.0,0,0,0,0.0,0.0,0.0,0.0,0.0,0.0,0.0,0.0,0.0,0.0,0,0.0,0.0,0.0,0,0,nan,5.005750894546509
ENDO_lNSC_unknown_L,endocrine,lNSC_unknown,left,50.0,7,7,125.0,False,0,0.0,0.0,0.0,0.0,0,0,0,0.0,0.0,0.0,0.0,0.0,0.0,0.0,0.0,0.0,0.0,0,0.0,0.0,0.0,0,0,nan,5.005750894546509
ENDO_lNSC_unknown_L,endocrine,lNSC_unknown,left,150.0,7,7,329.0,False,0,0.0,0.0,0.0,0.0,0,0,0,0.0,0.0,0.0,0.0,0.0,0.0,0.0,0.0,0.0,0.0,0,0.0,0.0,0.0,0,0,nan,5.005750894546509
ENDO_lNSC_unknown_R,endocrine,lNSC_unknown,right,50.0,7,7,94.0,False,0,0.0,0.0,0.0,0.0,0,0,0,0.0,0.0,0.0,0.0,0.0,0.0,0.0,0.0,0.0,0.0,0,0.0,0.0,0.0,0,0,nan,5.005750894546509
ENDO_lNSC_unknown_R,endocrine,lNSC_unknown,right,150.0,7,7,297.0,False,0,0.0,0.0,0.0,0.0,0,0,0,0.0,0.0,0.0,0.0,0.0,0.0,0.0,0.0,0.0,0.0,0,0.0,0.0,0.0,0,0,nan,5.005750894546509
ENDO_mNSC_unknown_L,endocrine,mNSC_unknown,left,50.0,7,7,108.0,False,0,0.0,0.0,0.0,0.0,0,0,0,0.0,0.0,0.0,0.0,0.0,0.0,0.0,0.0,0.0,0.0,0,0.0,0.0,0.0,0,0,nan,5.005750894546509
ENDO_mNSC_unknown_L,endocrine,mNSC_unknown,left,150.0,7,7,311.0,False,0,0.0,0.0,0.0,0.0,0,0,0,0.0,0.0,0.0,0.0,0.0,0.0,0.0,0.0,0.0,0.0,0,0.0,0.0,0.0,0,0,nan,5.005750894546509
ENDO_mNSC_unknown_R,endocrine,mNSC_unknown,right,50.0,3,3,38.0,False,0,0.0,0.0,0.0,0.0,0,0,0,0.0,0.0,0.0,0.0,0.0,0.0,0.0,0.0,0.0,0.0,0,0.0,0.0,0.0,0,0,nan,5.005750894546509
ENDO_mNSC_unknown_R,endocrine,mNSC_unknown,right,150.0,3,3,132.0,False,0,0.0,0.0,0.0,0.0,0,0,0,0.0,0.0,0.0,0.0,0.0,0.0,0.0,0.0,0.0,0.0,0,0.0,0.0,0.0,0,0,nan,5.005750894546509
octopaminergic_L,neuromod,octopamine,left,50.0,64,69,1037.0,False,4,59.0,59.0,0.0,0.0,4,0,0,0.0,0.0,0.0,0.0,0.0,0.0,0.0,0.0,0.0,0.0,0,0.0,59.0,0.0,4,0,1.0,5.005750894546509
octopaminergic_L,neuromod,octopamine,left,150.0,64,69,4245.0,False,34,245.0,231.0,14.0,0.0,24,10,0,1.0,0.0,1.0,0.0,2.0,0.0,0.0,0.0,0.0,0.0,7,15.0,231.0,14.0,24,10,0.8857142857142857,5.005750894546509
octopaminergic_R,neuromod,octopamine,right,50.0,129,130,2136.0,False,5,73.0,0.0,73.0,0.0,0,5,0,0.0,0.0,0.0,0.0,0.0,0.0,0.0,0.0,0.0,0.0,0,0.0,73.0,0.0,5,0,1.0,5.005750894546509
octopaminergic_R,neuromod,octopamine,right,150.0,129,130,7383.0,False,16,254.0,17.0,237.0,0.0,10,6,0,0.0,0.0,2.0,0.0,11.0,0.0,0.0,0.0,0.0,0.0,0,0.0,237.0,17.0,6,10,0.8661417322834646,5.005750894546509
serotonergic_central_L,neuromod,serotonin,left,50.0,166,166,183764.0,True,168,1572.0,758.0,775.0,39.0,88,75,5,6.0,2.0,15.0,1.0,36.0,19.0,0.0,0.0,227.0,253.0,179,3713.0,758.0,775.0,88,75,-0.011089367253750815,5.005750894546509
serotonergic_central_L,neuromod,serotonin,left,150.0,166,166,192749.0,True,199,1762.0,829.0,889.0,44.0,95,99,5,6.0,3.0,15.0,2.0,27.0,29.0,0.0,0.0,232.0,247.0,180,3745.0,829.0,889.0,95,99,-0.034924330616996506,5.005750894546509
serotonergic_central_R,neuromod,serotonin,right,50.0,173,173,183670.0,True,170,1585.0,726.0,821.0,38.0,81,84,5,3.0,2.0,17.0,2.0,30.0,22.0,0.0,0.0,215.0,266.0,175,3679.0,821.0,726.0,84,81,0.06140917905623788,5.005750894546509
serotonergic_central_R,neuromod,serotonin,right,150.0,173,173,197338.0,True,201,1800.0,814.0,935.0,51.0,95,101,5,7.0,3.0,17.0,2.0,26.0,24.0,0.0,0.0,234.0,299.0,178,3821.0,935.0,814.0,101,95,0.06918238993710692,5.005750894546509
DAN_PAM_L,neuromod,DAN_PAM,left,50.0,154,154,2594.0,False,6,16.0,10.0,6.0,0.0,2,4,0,0.0,0.0,0.0,0.0,10.0,4.0,0.0,0.0,0.0,0.0,154,2305.0,10.0,6.0,2,4,0.25,5.005750894546509
DAN_PAM_L,neuromod,DAN_PAM,left,150.0,154,154,8172.0,False,74,193.0,117.0,76.0,0.0,29,45,0,0.0,1.0,8.0,4.0,73.0,25.0,0.0,0.0,6.0,3.0,154,6941.0,117.0,76.0,29,45,0.21243523316062177,5.005750894546509
DAN_PAM_R,neuromod,DAN_PAM,right,50.0,153,153,2557.0,False,14,47.0,45.0,2.0,0.0,13,1,0,0.0,0.0,6.0,0.0,35.0,2.0,0.0,0.0,0.0,0.0,153,2246.0,2.0,45.0,1,13,-0.9148936170212766,5.005750894546509
DAN_PAM_R,neuromod,DAN_PAM,right,150.0,153,153,7733.0,False,30,110.0,80.0,30.0,0.0,16,14,0,0.0,0.0,10.0,4.0,57.0,18.0,0.0,0.0,2.0,0.0,153,6856.0,30.0,80.0,14,16,-0.45454545454545453,5.005750894546509
DAN_PPL_L,neuromod,DAN_PPL,left,50.0,12,12,2623.0,False,58,135.0,67.0,68.0,0.0,29,29,0,1.0,1.0,4.0,0.0,7.0,0.0,0.0,0.0,1.0,3.0,18,201.0,67.0,68.0,29,29,-0.007407407407407408,4.394622087478638
DAN_PPL_L,neuromod,DAN_PPL,left,150.0,12,12,90012.0,True,168,1025.0,491.0,510.0,24.0,82,81,5,8.0,2.0,11.0,2.0,20.0,13.0,0.0,0.0,134.0,160.0,162,2344.0,491.0,510.0,82,81,-0.01898101898101898,4.394622087478638
DAN_PPL_R,neuromod,DAN_PPL,right,50.0,12,12,3895.0,False,71,253.0,118.0,135.0,0.0,32,39,0,5.0,3.0,5.0,4.0,9.0,6.0,0.0,0.0,4.0,10.0,21,256.0,135.0,118.0,39,32,0.06719367588932806,4.394622087478638
DAN_PPL_R,neuromod,DAN_PPL,right,150.0,12,12,74857.0,True,173,883.0,402.0,459.0,22.0,80,88,5,8.0,1.0,14.0,2.0,23.0,13.0,0.0,0.0,100.0,130.0,161,2009.0,459.0,402.0,88,80,0.06620209059233449,4.394622087478638
