,ORN_DA1_L,ORN_DA1_R,ORN_DA2_R,ORN_DA4m_L,ORN_DC1_L,ORN_DL1_L,ORN_DL1_R,ORN_DL3_L,ORN_DL3_R,ORN_DL4_L,ORN_DL4_R,ORN_DL5_R,ORN_DM1_L,ORN_DM1_R,ORN_DM2_L,ORN_DM2_R,ORN_DM3_L,ORN_DM3_R,ORN_DM4_L,ORN_DM4_R,ORN_DM5_L,ORN_DM5_R,ORN_DM6_L,ORN_DM6_R,ORN_V_L,ORN_V_R,ORN_VA1d_L,ORN_VA1d_R,ORN_VA1v_L,ORN_VA1v_R,ORN_VA2_L,ORN_VA2_R,ORN_VA6_L,ORN_VA6_R,ORN_VL1_L,ORN_VL1_R,ORN_VL2a_L,ORN_VL2a_R,ORN_VM4_L,ORN_VM4_R,ORN_VM5d_L,ORN_VM5d_R,ALPN_D_L,ALPN_D_R,ALPN_DA1_L,ALPN_DA1_R,ALPN_DA2_L,ALPN_DA2_R,ALPN_DC3_L,ALPN_DC4_L,ALPN_DC4_R,ALPN_DL2d_L,ALPN_DL2d_R,ALPN_DL2v_L,ALPN_DL2v_R,ALPN_DL3_L,ALPN_DL3_R,ALPN_DM5_L,ALPN_DM6_L,ALPN_DM6_R,ALPN_VA1d_L,ALPN_VA1d_R,ALPN_VA1v_L,ALPN_VA1v_R,ALPN_VA5_L,ALPN_VA5_R,ALPN_VA7m_L,ALPN_VA7m_R,ALPN_VC3_L,ALPN_VC3_R,ALPN_VC4_L,ALPN_VC5_L,ALPN_VL2a_L,ALPN_VL2a_R,ALPN_VM4_L,ALPN_VM4_R,ALPN_VM5d_L,ALPN_VM5d_R,ALPN_VM5v_L,ALPN_VM5v_R,ALPN_VM7d_R,ALPN_VP1l+_L,ALPN_VP1l+_R,ALPN_food_pool_L,ALPN_food_pool_R,ALPN_smoke_pool_L,ALPN_smoke_pool_R,JO-A1_L,JO-A1_R,JO-A2_L,JO-A2_R,JO-A5_L,JO-A5_R,JO-B1_a_L,JO-B1_a_R,JO-B1_b_L,JO-B1_b_R,JO-B1_c_L,JO-B1_c_R,JO-B2_L,JO-B2_R,JO-B3_L,JO-B3_R,JO-B4_a_L,JO-B4_a_R,JO-B4_b_L,JO-B4_b_R,JO-CA1_L,JO-CA1_R,JO-CA2_L,JO-CL_L,JO-CL_R,JO-CM_L,JO-CM_R,JO-DA_L,JO-DA_R,JO-DP_L,JO-DP_R,JO-ED1_L,JO-ED1_R,JO-ED2_a_L,JO-ED2_a_R,JO-ED2_b_L,JO-ED2_b_R,JO-ED2_c_L,JO-ED2_c_R,JO-EV1_L,JO-EV1_R,JO-EV2_L,JO-EV2_R,JO-EV3_L,JO-EV3_R,JO-EV4_L,JO-EV4_R,JO-EV5_L,JO-EV5_R,JO-EV6_L,JO-EV6_R,JO-FD1_L,JO-FD1_R,JO-FD2_L,JO-FD2_R,JO-FV_L,JO-FV_R,JO-mz_L,JO-mz_R,VIS_LC10a_L,VIS_LC10a_R,VIS_LC10b_L,VIS_LC10b_R,VIS_LC10c-1_L,VIS_LC10c-1_R,VIS_LC10c-2_L,VIS_LC10c-2_R,VIS_LC10d_L,VIS_LC10d_R,VIS_LC10e_L,VIS_LC10e_R,VIS_LC11_L,VIS_LC11_R,VIS_LC12_L,VIS_LC12_R,VIS_LC13_L,VIS_LC13_R,VIS_LC15_L,VIS_LC15_R,VIS_LC16_L,VIS_LC16_R,VIS_LC17_L,VIS_LC17_R,VIS_LC18_L,VIS_LC18_R,VIS_LC21_L,VIS_LC21_R,VIS_LC22_L,VIS_LC22_R,VIS_LC24_L,VIS_LC4_L,VIS_LC4_R,VIS_LC6_L,VIS_LC6_R,VIS_LC9_L,VIS_LC9_R,VIS_LLPC1_L,VIS_LLPC1_R,VIS_LLPC2_L,VIS_LLPC2_R,VIS_LLPC3_L,VIS_LLPC3_R,VIS_LPC1_L,VIS_LPC1_R,VIS_LPC2_L,VIS_LPC2_R,VIS_LPLC1_L,VIS_LPLC1_R,VIS_LPLC2_L,VIS_LPLC2_R,VIS_LPLC4_L,VIS_LPLC4_R,VIS_MTe01a_L,VIS_MTe01a_R,VIS_MTe51_L,VIS_MTe51_R,VIS_MeTu1_L,VIS_MeTu1_R,VIS_MeTu3b_L,VIS_MeTu3b_R,VIS_MeTu3c_L,VIS_MeTu3c_R,VIS_MeTu4a_L,VIS_MeTu4a_R,VIS_MeTu4c_L,VIS_MeTu4c_R,VIS_TmY14_L,VIS_TmY14_R,"GUST_LB1a,LB1d_L","GUST_LB1a,LB1d_R",GUST_LB1b_L,GUST_LB1b_R,GUST_LB1c_L,GUST_LB1c_R,GUST_LB1e_L,GUST_LB1e_R,GUST_LB2a-b_L,GUST_LB2a-b_R,GUST_LB2c_L,GUST_LB2c_R,GUST_LB2d_L,GUST_LB2d_R,GUST_LB3_L,GUST_LB3_R,GUST_LB4a_L,GUST_LB4a_R,GUST_PhG10_L,GUST_PhG10_R,GUST_PhG11_L,GUST_PhG11_R,GUST_PhG12_L,GUST_PhG12_R,GUST_PhG13_L,GUST_PhG13_R,GUST_PhG14_L,GUST_PhG14_R,GUST_PhG15_L,GUST_PhG15_R,GUST_PhG16_L,GUST_PhG16_R,GUST_PhG1a_L,GUST_PhG1a_R,GUST_PhG1b_L,GUST_PhG1b_R,GUST_PhG1c_L,GUST_PhG1c_R,GUST_PhG2_L,GUST_PhG2_R,GUST_PhG3_L,GUST_PhG3_R,GUST_PhG4_L,GUST_PhG4_R,GUST_PhG5_L,GUST_PhG5_R,GUST_PhG6_L,GUST_PhG6_R,GUST_PhG7_L,GUST_PhG7_R,GUST_PhG8_L,GUST_PhG8_R,GUST_PhG9_L,GUST_PhG9_R,GUST_SA_VTV_1_L,GUST_SA_VTV_1_R,GUST_SA_VTV_10_L,GUST_SA_VTV_10_R,GUST_SA_VTV_2_L,GUST_SA_VTV_2_R,GUST_SA_VTV_3_L,GUST_SA_VTV_3_R,GUST_SA_VTV_4_L,GUST_SA_VTV_4_R,GUST_SA_VTV_5_L,GUST_SA_VTV_5_R,GUST_SA_VTV_7_L,GUST_SA_VTV_7_R,GUST_SA_VTV_8_L,GUST_SA_VTV_8_R,GUST_SA_VTV_9_L,GUST_SA_VTV_9_R,GUST_claw_tpGRN_L,GUST_claw_tpGRN_R,GUST_dorsal_tpGRN_L,GUST_dorsal_tpGRN_R,sugar_GRN_benchmark,bitter_pool_L,bitter_pool_R,ENDO_CAPA_L,ENDO_CAPA_R,ENDO_CRZ_L,ENDO_CRZ_R,ENDO_DH31_L,ENDO_DH31_R,ENDO_DH44_L,ENDO_DH44_R,ENDO_DMS_L,ENDO_DMS_R,ENDO_Hugin-RG_L,ENDO_Hugin-RG_R,ENDO_IPC_L,ENDO_IPC_R,ENDO_ITP_L,ENDO_ITP_R,ENDO_lNSC_unknown_L,ENDO_lNSC_unknown_R,ENDO_mNSC_unknown_L,ENDO_mNSC_unknown_R,octopaminergic_L,octopaminergic_R,serotonergic_central_L,serotonergic_central_R,DAN_PAM_L,DAN_PAM_R,DAN_PPL_L,DAN_PPL_R
ORN_DA1_L,1.00000,0.99415,0.00000,0.99298,0.99228,0.99211,0.99160,0.99263,0.99152,0.99122,0.99145,0.99013,0.99111,0.99113,0.99011,0.99247,0.99185,0.98882,0.99150,0.99196,0.99014,0.99084,0.99242,0.99237,0.99107,0.98628,0.99195,0.98948,0.99202,0.99319,0.99196,0.99115,0.99392,0.99191,0.99136,0.99119,0.99326,0.99319,0.99236,0.99130,0.98923,0.99085,0.98973,0.99169,0.99163,0.99236,0.00000,0.00000,0.99313,0.99245,0.99286,0.99227,0.99036,0.99195,0.99066,0.99302,0.99294,0.98979,0.99181,0.99121,0.99098,0.99161,0.98918,0.99159,0.99106,0.99071,0.98939,0.99155,0.99028,0.99039,0.98952,0.99247,0.98959,0.99220,0.99034,0.99070,0.99406,0.99169,0.99255,0.99014,0.98851,0.98992,0.00000,0.99115,0.99072,0.99094,0.99280,0.04519,0.00000,0.00000,0.00543,0.00000,0.00550,0.07175,0.00000,0.00000,0.00000,0.00000,0.00000,0.00000,0.02827,0.00000,0.02494,0.00000,0.12394,0.31777,0.37566,0.07175,0.07828,0.00000,0.02754,0.03202,0.00000,0.04623,0.00000,0.00000,0.05219,0.00000,0.00418,0.00000,0.10256,0.13255,0.07646,0.11959,0.15358,0.00000,0.03541,0.05024,0.12173,0.09001,0.07523,0.06652,0.00000,0.03522,0.08594,0.09857,0.00000,0.04805,0.00000,0.00000,0.09132,0.00000,0.14338,0.17601,0.18721,0.03942,0.22659,0.13909,0.13637,0.15116,0.13746,0.02736,0.16467,0.06538,0.31530,0.19754,0.31310,0.32057,0.15553,0.16750,0.04592,0.18581,0.04465,0.16669,0.15378,0.21458,0.05812,0.15658,0.15025,0.17905,0.18362,0.28114,0.11077,0.26956,0.10673,0.17992,0.41047,0.04919,0.13960,0.12267,0.19921,0.12977,0.19401,0.24408,0.17424,0.45601,0.41936,0.12923,0.13183,0.10013,0.15082,0.23467,0.33352,0.09049,0.16349,0.10403,0.16651,0.40409,0.49725,0.00000,0.00000,0.16513,0.07161,0.05758,0.05440,0.00000,0.00000,0.00000,0.00000,0.03634,0.00923,0.22469,0.00092,0.00000,0.00000,0.00000,0.00000,0.00000,0.00000,0.00000,0.00000,0.00000,0.50981,0.00000,0.00000,0.00000,0.00000,0.00000,0.00000,0.05949,0.89222,0.02887,0.04220,0.01224,0.04524,0.00000,0.00000,0.00000,0.00000,0.50695,0.51692,0.00000,0.00000,0.00000,0.00000,0.00000,0.03452,0.05678,0.03789,0.04885,0.07462,0.06251,0.06025,0.00000,0.00000,0.00000,0.00000,0.04199,0.05227,0.00000,0.00000,0.00000,0.00000,0.00000,0.00000,0.00000,0.00000,0.02953,0.02101,0.00000,0.00000,0.00000,0.00000,0.03399,0.00000,0.00000,0.00000,0.00000,0.00000,0.42248,0.43140,0.00000,0.00000,0.00000,0.00000,0.00000,0.00000,0.00812,0.00552,0.05537,0.00000,0.06528,0.23162,0.00000,0.00000,0.00000,0.00000,0.00000,0.00000,0.00000,0.00000,0.00000,0.00000,0.00000,0.00000,0.00000,0.00000,0.00000,0.00000,0.00000,0.00000,0.00000,0.00000,0.00000,0.04200,0.02631,0.93839,0.94452,0.05918,0.06359,0.98212,0.96831
ORN_DA1_R,0.99415,1.00000,0.00000,0.99211,0.98991,0.99213,0.99132,0.99012,0.99075,0.99076,0.98864,0.98950,0.99031,0.99003,0.98775,0.99241,0.99172,0.98593,0.98906,0.99022,0.98855,0.99047,0.99073,0.99066,0.98775,0.98749,0.98783,0.98902,0.99114,0.99377,0.99196,0.98953,0.99198,0.99013,0.98941,0.98864,0.98980,0.99214,0.99092,0.99214,0.98915,0.98985,0.98808,0.99145,0.99009,0.99053,0.00000,0.00000,0.99080,0.99122,0.99299,0.99033,0.98698,0.99140,0.98940,0.99339,0.99084,0.98854,0.98994,0.99102,0.99324,0.98888,0.99013,0.99023,0.98966,0.98888,0.99082,0.99122,0.99116,0.98950,0.98910,0.99195,0.98914,0.98991,0.99054,0.98917,0.99329,0.98999,0.99131,0.98872,0.98654,0.98887,0.00000,0.98926,0.99040,0.98919,0.98976,0.04952,0.00000,0.00000,0.00778,0.00000,0.00278,0.06598,0.00000,0.00000,0.00000,0.00000,0.00000,0.00000,0.00953,0.00000,0.02329,0.00000,0.12537,0.33143,0.36607,0.06598,0.06598,0.00000,0.03079,0.03239,0.00000,0.04251,0.00000,0.00000,0.05939,0.00000,0.00423,0.00000,0.09216,0.10499,0.07615,0.11531,0.16035,0.00000,0.03567,0.05186,0.11637,0.06718,0.07649,0.04725,0.00000,0.01518,0.08479,0.07425,0.00000,0.04396,0.00000,0.00000,0.10264,0.00000,0.15342,0.19232,0.20149,0.03681,0.23047,0.13539,0.13621,0.14977,0.14755,0.02903,0.17203,0.06636,0.31761,0.19107,0.32521,0.31834,0.15989,0.17140,0.05917,0.18540,0.05106,0.16558,0.16382,0.21935,0.05147,0.16197,0.15830,0.18465,0.19154,0.28355,0.11973,0.26339,0.10633,0.17385,0.41753,0.05219,0.13034,0.12691,0.19702,0.13738,0.18812,0.24507,0.16383,0.45488,0.40969,0.12008,0.13344,0.10038,0.14970,0.23482,0.31109,0.09438,0.16520,0.10723,0.16482,0.40562,0.46987,0.00000,0.00000,0.17170,0.09261,0.05797,0.04012,0.00000,0.00000,0.00000,0.00000,0.04411,0.00311,0.24004,0.00062,0.00000,0.00000,0.00000,0.00000,0.00000,0.00000,0.00000,0.00000,0.00000,0.52023,0.00000,0.00000,0.00000,0.00000,0.00000,0.00000,0.05685,0.89575,0.02865,0.04116,0.01347,0.03581,0.00000,0.00000,0.00000,0.00000,0.51318,0.52288,0.00000,0.00000,0.00000,0.00000,0.00000,0.03616,0.05457,0.03657,0.04837,0.07106,0.05945,0.05827,0.00000,0.00000,0.00000,0.00000,0.03926,0.05128,0.00000,0.00000,0.00000,0.00000,0.00000,0.00000,0.00000,0.00000,0.02823,0.02009,0.00000,0.00000,0.00000,0.00000,0.02960,0.00000,0.00000,0.00000,0.00000,0.00000,0.43272,0.44099,0.00000,0.00000,0.00000,0.00000,0.00000,0.00000,0.00730,0.00652,0.04949,0.00000,0.06097,0.23497,0.00000,0.00000,0.00000,0.00000,0.00000,0.00000,0.00000,0.00000,0.00000,0.00000,0.00000,0.00000,0.00000,0.00000,0.00000,0.00000,0.00000,0.00000,0.00000,0.00000,0.00000,0.03887,0.02754,0.93971,0.94475,0.06850,0.07595,0.97968,0.96785
ORN_DA2_R,0.00000,0.00000,0.00000,0.00000,0.00000,0.00000,0.00000,0.00000,0.00000,0.00000,0.00000,0.00000,0.00000,0.00000,0.00000,0.00000,0.00000,0.00000,0.00000,0.00000,0.00000,0.00000,0.00000,0.00000,0.00000,0.00000,0.00000,0.00000,0.00000,0.00000,0.00000,0.00000,0.00000,0.00000,0.00000,0.00000,0.00000,0.00000,0.00000,0.00000,0.00000,0.00000,0.00000,0.00000,0.00000,0.00000,0.00000,0.00000,0.00000,0.00000,0.00000,0.00000,0.00000,0.00000,0.00000,0.00000,0.00000,0.00000,0.00000,0.00000,0.00000,0.00000,0.00000,0.00000,0.00000,0.00000,0.00000,0.00000,0.00000,0.00000,0.00000,0.00000,0.00000,0.00000,0.00000,0.00000,0.00000,0.00000,0.00000,0.00000,0.00000,0.00000,0.00000,0.00000,0.00000,0.00000,0.00000,0.00000,0.00000,0.00000,0.00000,0.00000,0.00000,0.00000,0.00000,0.00000,0.00000,0.00000,0.00000,0.00000,0.00000,0.00000,0.00000,0.00000,0.00000,0.00000,0.00000,0.00000,0.00000,0.00000,0.00000,0.00000,0.00000,0.00000,0.00000,0.00000,0.00000,0.00000,0.00000,0.00000,0.00000,0.00000,0.00000,0.00000,0.00000,0.00000,0.00000,0.00000,0.00000,0.00000,0.00000,0.00000,0.00000,0.00000,0.00000,0.00000,0.00000,0.00000,0.00000,0.00000,0.00000,0.00000,0.00000,0.00000,0.00000,0.00000,0.00000,0.00000,0.00000,0.00000,0.00000,0.00000,0.00000,0.00000,0.00000,0.00000,0.00000,0.00000,0.00000,0.00000,0.00000,0.00000,0.00000,0.00000,0.00000,0.00000,0.00000,0.00000,0.00000,0.00000,0.00000,0.00000,0.00000,0.00000,0.00000,0.00000,0.00000,0.00000,0.00000,0.00000,0.00000,0.00000,0.00000,0.00000,0.00000,0.00000,0.00000,0.00000,0.00000,0.00000,0.00000,0.00000,0.00000,0.00000,0.00000,0.00000,0.00000,0.00000,0.00000,0.00000,0.00000,0.00000,0.00000,0.00000,0.00000,0.00000,0.00000,0.00000,0.00000,0.00000,0.00000,0.00000,0.00000,0.00000,0.00000,0.00000,0.00000,0.00000,0.00000,0.00000,0.00000,0.00000,0.00000,0.00000,0.00000,0.00000,0.00000,0.00000,0.00000,0.00000,0.00000,0.00000,0.00000,0.00000,0.00000,0.00000,0.00000,0.00000,0.00000,0.00000,0.00000,0.00000,0.00000,0.00000,0.00000,0.00000,0.00000,0.00000,0.00000,0.00000,0.00000,0.00000,0.00000,0.00000,0.00000,0.00000,0.00000,0.00000,0.00000,0.00000,0.00000,0.00000,0.00000,0.00000,0.00000,0.00000,0.00000,0.00000,0.00000,0.00000,0.00000,0.00000,0.00000,0.00000,0.00000,0.00000,0.00000,0.00000,0.00000,0.00000,0.00000,0.00000,0.00000,0.00000,0.00000,0.00000,0.00000,0.00000,0.00000,0.00000,0.00000,0.00000,0.00000,0.00000,0.00000,0.00000,0.00000,0.00000,0.00000,0.00000,0.00000,0.00000,0.00000,0.00000,0.00000,0.00000,0.00000,0.00000,0.00000,0.00000,0.00000,0.00000,0.00000,0.00000,0.00000,0.00000,0.00000,0.00000,0.00000,0.00000,0.00000,0.00000
ORN_DA4m_L,0.99298,0.99211,0.00000,1.00000,0.99255,0.99423,0.99292,0.99320,0.99231,0.99235,0.99065,0.99036,0.99213,0.99294,0.98944,0.99162,0.99364,0.99072,0.99032,0.99218,0.99148,0.99099,0.99118,0.99150,0.99049,0.98668,0.99165,0.98868,0.99245,0.99326,0.99297,0.99368,0.99461,0.99086,0.99032,0.99046,0.99100,0.99258,0.99335,0.99136,0.98894,0.99021,0.98789,0.99312,0.99078,0.99044,0.00000,0.00000,0.99265,0.99244,0.99418,0.99002,0.99149,0.99165,0.99145,0.99239,0.99305,0.98866,0.99095,0.99331,0.99112,0.99235,0.98945,0.99190,0.99239,0.99145,0.98851,0.99192,0.99215,0.99045,0.98979,0.99066,0.99070,0.99141,0.98934,0.99242,0.99243,0.99244,0.99262,0.99319,0.99245,0.98867,0.00000,0.99082,0.99237,0.99249,0.99227,0.04366,0.00000,0.00000,0.00996,0.00000,0.00956,0.08318,0.00000,0.00000,0.00000,0.00000,0.00000,0.00000,0.01092,0.00000,0.02669,0.00000,0.13611,0.32234,0.39899,0.08318,0.07562,0.00000,0.02773,0.04331,0.00000,0.04916,0.00000,0.00000,0.05293,0.00000,0.00404,0.00000,0.11291,0.11585,0.08625,0.12809,0.15321,0.00000,0.03444,0.06283,0.13557,0.07476,0.08203,0.05159,0.00000,0.01739,0.09881,0.07988,0.00000,0.04794,0.00000,0.00000,0.09998,0.00000,0.15266,0.17746,0.20172,0.04218,0.22414,0.12664,0.13465,0.15304,0.14391,0.02679,0.16109,0.05931,0.31047,0.18871,0.31518,0.32104,0.14797,0.15827,0.04550,0.19625,0.06388,0.15916,0.15111,0.20733,0.04960,0.15242,0.14242,0.17078,0.17038,0.26995,0.11590,0.27477,0.11418,0.17915,0.41251,0.04909,0.13959,0.12255,0.19663,0.11528,0.18414,0.25166,0.16993,0.45616,0.42422,0.11927,0.12835,0.10165,0.13939,0.22669,0.33856,0.07930,0.15140,0.10722,0.17251,0.41540,0.49860,0.00000,0.00000,0.17431,0.09056,0.05754,0.04171,0.00000,0.00000,0.00000,0.00000,0.05757,0.00356,0.22689,0.00107,0.00000,0.00000,0.00000,0.00000,0.00000,0.00000,0.00000,0.00000,0.00000,0.50482,0.00000,0.00000,0.00000,0.00000,0.00000,0.00000,0.05351,0.89571,0.02409,0.03593,0.00921,0.03192,0.00000,0.00000,0.00000,0.00000,0.49567,0.50627,0.00000,0.00000,0.00000,0.00000,0.00000,0.02429,0.04788,0.03115,0.03863,0.05951,0.05386,0.04942,0.00000,0.00000,0.00000,0.00000,0.03403,0.04486,0.00000,0.00000,0.00000,0.00000,0.00000,0.00000,0.00000,0.00000,0.02784,0.01981,0.00000,0.00000,0.00000,0.00000,0.02673,0.00000,0.00000,0.00000,0.00000,0.00000,0.41768,0.42345,0.00000,0.00000,0.00000,0.00000,0.00000,0.00000,0.00732,0.00587,0.04776,0.00000,0.05772,0.22594,0.00000,0.00000,0.00000,0.00000,0.00000,0.00000,0.00000,0.00000,0.00000,0.00000,0.00000,0.00000,0.00000,0.00000,0.00000,0.00000,0.00000,0.00000,0.00000,0.00000,0.00000,0.04054,0.02468,0.93906,0.94682,0.06377,0.07620,0.98162,0.96766
ORN_DC1_L,0.99228,0.98991,0.00000,0.99255,1.00000,0.99424,0.99290,0.99288,0.99201,0.99459,0.99096,0.99193,0.99253,0.99501,0.99294,0.99346,0.99353,0.99202,0.99348,0.99392,0.99057,0.99411,0.99218,0.99358,0.99166,0.98592,0.99309,0.98965,0.99099,0.99189,0.99314,0.99443,0.99418,0.99323,0.99175,0.98843,0.99308,0.99137,0.99241,0.99307,0.99064,0.99339,0.99272,0.99354,0.99376,0.99215,0.00000,0.00000,0.99400,0.99341,0.99217,0.99259,0.99296,0.99244,0.99181,0.99162,0.99177,0.99204,0.99209,0.99195,0.99209,0.99111,0.99115,0.99367,0.99265,0.99179,0.99068,0.99239,0.99332,0.99095,0.99157,0.99245,0.99269,0.99073,0.99194,0.99228,0.99419,0.99194,0.99168,0.99275,0.98982,0.99183,0.00000,0.99215,0.99285,0.99230,0.99194,0.04197,0.00000,0.00000,0.01008,0.00000,0.00836,0.07269,0.00000,0.00000,0.00000,0.00000,0.00000,0.00000,0.04426,0.00000,0.02527,0.00000,0.13217,0.33326,0.37660,0.07269,0.09252,0.00000,0.02790,0.03785,0.00000,0.04877,0.00000,0.00000,0.05287,0.00000,0.00423,0.00000,0.09434,0.14456,0.07895,0.12753,0.16685,0.00000,0.03618,0.05834,0.12398,0.11316,0.07523,0.08746,0.00000,0.05419,0.08814,0.12445,0.00000,0.05431,0.00000,0.00000,0.09252,0.00000,0.15246,0.17582,0.20160,0.03994,0.21364,0.13085,0.14335,0.13888,0.11525,0.02726,0.13568,0.05857,0.29811,0.19191,0.30627,0.31667,0.14897,0.15469,0.04923,0.18569,0.06929,0.15740,0.15614,0.20528,0.05946,0.13525,0.14469,0.16605,0.17409,0.26379,0.12623,0.26477,0.11574,0.17104,0.40100,0.04903,0.13471,0.12400,0.18681,0.11745,0.17432,0.24718,0.18209,0.47796,0.42145,0.10878,0.10843,0.10171,0.14069,0.25025,0.33570,0.08526,0.15062,0.10931,0.16586,0.42807,0.50373,0.00000,0.00000,0.16916,0.07297,0.05257,0.06901,0.00000,0.00000,0.00000,0.00000,0.03191,0.01246,0.20728,0.00156,0.00000,0.00000,0.00000,0.00296,0.00000,0.00000,0.00000,0.00000,0.00000,0.49880,0.00000,0.00000,0.00000,0.00000,0.00000,0.00000,0.05372,0.89728,0.02582,0.03842,0.01022,0.03387,0.00000,0.00000,0.00000,0.00000,0.49251,0.49828,0.00000,0.00000,0.00000,0.00000,0.00000,0.03122,0.05101,0.03398,0.04320,0.06612,0.05721,0.05368,0.00000,0.00000,0.00000,0.00000,0.03736,0.04816,0.00000,0.00000,0.00000,0.00000,0.00000,0.00000,0.00000,0.00000,0.02828,0.02012,0.00000,0.00000,0.00000,0.00000,0.02785,0.00000,0.00000,0.00661,0.00203,0.00256,0.41120,0.41546,0.00000,0.00000,0.00000,0.00000,0.00000,0.00000,0.00709,0.00606,0.04870,0.00000,0.05849,0.22215,0.00230,0.00000,0.00000,0.00000,0.00000,0.00000,0.00000,0.00000,0.00000,0.00000,0.00000,0.00000,0.00000,0.00000,0.00000,0.00000,0.00000,0.00000,0.00000,0.00000,0.00000,0.03842,0.02734,0.93795,0.94447,0.05734,0.06010,0.98108,0.96244
ORN_DL1_L,0.99211,0.99213,0.00000,0.99423,0.99424,1.00000,0.99410,0.99458,0.99455,0.99436,0.99140,0.99442,0.99390,0.99569,0.99187,0.99417,0.99362,0.99248,0.99344,0.99490,0.99128,0.99542,0.99379,0.99330,0.99262,0.98765,0.99282,0.99243,0.99308,0.99382,0.99473,0.99460,0.99472,0.99299,0.99314,0.99069,0.99331,0.99304,0.99406,0.99473,0.99153,0.99316,0.99136,0.99363,0.99382,0.99288,0.00000,0.00000,0.99420,0.99466,0.99422,0.99260,0.99354,0.99461,0.99173,0.99507,0.99256,0.99171,0.99391,0.99483,0.99382,0.99235,0.99297,0.99404,0.99474,0.99390,0.99337,0.99270,0.99485,0.99226,0.99295,0.99386,0.99396,0.99271,0.99308,0.99343,0.99598,0.99467,0.99387,0.99320,0.99298,0.99329,0.00000,0.99412,0.99402,0.99414,0.99238,0.04229,0.00000,0.00000,0.01016,0.00000,0.00562,0.07325,0.00000,0.00000,0.00000,0.00000,0.00000,0.00000,0.01924,0.00000,0.02350,0.00000,0.12651,0.34016,0.37543,0.07325,0.08656,0.00000,0.02811,0.03814,0.00000,0.04563,0.00000,0.00000,0.05327,0.00000,0.00498,0.00000,0.10187,0.12282,0.07925,0.12065,0.16517,0.00000,0.03630,0.05788,0.12329,0.09048,0.07600,0.06503,0.00000,0.02863,0.08773,0.09634,0.00000,0.04651,0.00000,0.00000,0.09840,0.00000,0.15845,0.17103,0.21047,0.03714,0.20588,0.13140,0.14559,0.13649,0.12634,0.02941,0.14564,0.06601,0.29257,0.19509,0.30986,0.32137,0.15078,0.15276,0.05621,0.18646,0.08156,0.15434,0.15898,0.20613,0.06906,0.14050,0.14967,0.16956,0.17841,0.26691,0.13013,0.25840,0.12939,0.16444,0.40990,0.05633,0.13008,0.13057,0.19198,0.12753,0.17466,0.23729,0.17026,0.46002,0.40459,0.12305,0.12199,0.09649,0.13542,0.22740,0.31585,0.08894,0.14916,0.11056,0.16314,0.42712,0.48859,0.00000,0.00000,0.17421,0.08681,0.05629,0.05193,0.00000,0.00000,0.00000,0.00000,0.03957,0.00628,0.22697,0.00094,0.00000,0.00000,0.00000,0.00000,0.00000,0.00000,0.00000,0.00000,0.00000,0.49953,0.00000,0.00000,0.00000,0.00000,0.00000,0.00000,0.05336,0.89447,0.02546,0.03717,0.01096,0.03413,0.00000,0.00000,0.00000,0.00000,0.49271,0.49982,0.00000,0.00000,0.00000,0.00000,0.00000,0.02643,0.04991,0.03266,0.04205,0.06344,0.05521,0.05217,0.00000,0.00000,0.00000,0.00000,0.03550,0.04647,0.00000,0.00000,0.00000,0.00000,0.00000,0.00000,0.00000,0.00000,0.02717,0.01933,0.00000,0.00000,0.00000,0.00000,0.02806,0.00000,0.00000,0.00000,0.00000,0.00000,0.40963,0.41461,0.00000,0.00000,0.00000,0.00000,0.00000,0.00000,0.00737,0.00564,0.04863,0.00000,0.05817,0.22315,0.00000,0.00000,0.00000,0.00000,0.00000,0.00000,0.00000,0.00000,0.00000,0.00000,0.00000,0.00000,0.00000,0.00000,0.00000,0.00000,0.00000,0.00000,0.00000,0.00000,0.00000,0.03544,0.02786,0.94317,0.94763,0.05818,0.06137,0.98229,0.96390
ORN_DL1_R,0.99160,0.99132,0.00000,0.99292,0.99290,0.99410,1.00000,0.99082,0.99105,0.99353,0.98861,0.99458,0.99154,0.99422,0.98930,0.99179,0.99420,0.99238,0.99239,0.99324,0.99128,0.99225,0.99284,0.99370,0.99231,0.98529,0.99255,0.99106,0.99292,0.99270,0.99124,0.99292,0.99322,0.99127,0.99305,0.99087,0.99238,0.99307,0.98948,0.99169,0.98742,0.99315,0.98824,0.99301,0.99220,0.99323,0.00000,0.00000,0.99163,0.99271,0.99256,0.98959,0.99112,0.99080,0.99063,0.99216,0.99238,0.98870,0.99162,0.99325,0.99208,0.99082,0.99192,0.99139,0.99171,0.99162,0.98934,0.99150,0.99159,0.99121,0.99057,0.99037,0.99149,0.99139,0.99026,0.99145,0.99425,0.99121,0.99115,0.99327,0.99139,0.98927,0.00000,0.98927,0.99116,0.99143,0.99103,0.03945,0.00000,0.00000,0.00805,0.00000,0.00864,0.07516,0.00000,0.00000,0.00000,0.00000,0.00000,0.00000,0.00628,0.00000,0.02612,0.00000,0.12982,0.34339,0.38730,0.07516,0.08882,0.00000,0.02809,0.03913,0.00000,0.04962,0.00000,0.00000,0.05466,0.00000,0.00401,0.00000,0.09991,0.11264,0.07239,0.12673,0.16906,0.00000,0.03442,0.05970,0.12684,0.08106,0.07514,0.05238,0.00000,0.01162,0.08190,0.08474,0.00000,0.04492,0.00000,0.00000,0.10097,0.00000,0.14734,0.17032,0.19504,0.04129,0.21203,0.13594,0.14194,0.14654,0.11718,0.02830,0.14035,0.06168,0.28997,0.20090,0.31263,0.32811,0.14467,0.15942,0.05069,0.19116,0.05631,0.15770,0.15380,0.20657,0.05724,0.14020,0.14746,0.17137,0.17398,0.26849,0.12176,0.26751,0.10359,0.17559,0.39623,0.05033,0.13787,0.12575,0.19571,0.12251,0.18437,0.23078,0.17406,0.46744,0.43740,0.11113,0.11968,0.09185,0.14974,0.24908,0.35315,0.08809,0.15293,0.10820,0.16822,0.40289,0.50398,0.00000,0.00000,0.16234,0.08908,0.06164,0.03662,0.00000,0.00000,0.00000,0.00000,0.03045,0.00000,0.21627,0.00193,0.00000,0.00000,0.00000,0.00000,0.00000,0.00000,0.00000,0.00000,0.00000,0.49690,0.00000,0.00000,0.00000,0.00000,0.00000,0.00000,0.04938,0.89350,0.02383,0.03497,0.00765,0.03090,0.00000,0.00000,0.00000,0.00000,0.48863,0.49754,0.00000,0.00000,0.00000,0.00000,0.00000,0.02066,0.04591,0.02997,0.03794,0.05704,0.05092,0.04765,0.00000,0.00000,0.00000,0.00000,0.03221,0.04301,0.00000,0.00000,0.00000,0.00000,0.00000,0.00000,0.00000,0.00000,0.02686,0.01911,0.00000,0.00000,0.00000,0.00000,0.02632,0.00000,0.00000,0.00000,0.00000,0.00000,0.40627,0.41315,0.00000,0.00000,0.00000,0.00000,0.00000,0.00000,0.00614,0.00578,0.04451,0.00000,0.05300,0.22409,0.00000,0.00000,0.00000,0.00000,0.00000,0.00000,0.00000,0.00000,0.00000,0.00000,0.00000,0.00000,0.00000,0.00000,0.00000,0.00000,0.00000,0.00000,0.00000,0.00000,0.00000,0.03584,0.02762,0.94263,0.94838,0.05554,0.05626,0.98005,0.96385
ORN_DL3_L,0.99263,0.99012,0.00000,0.99320,0.99288,0.99458,0.99082,1.00000,0.99300,0.99230,0.99003,0.99170,0.99077,0.99322,0.98857,0.99121,0.99126,0.99185,0.99108,0.99392,0.99060,0.99189,0.98930,0.99207,0.99045,0.98581,0.99209,0.98840,0.99088,0.99192,0.99265,0.99237,0.99475,0.99178,0.99098,0.99070,0.99162,0.99039,0.99182,0.99154,0.98890,0.99245,0.98960,0.99201,0.99141,0.99108,0.00000,0.00000,0.99294,0.99097,0.99214,0.99031,0.99272,0.99171,0.99122,0.99103,0.99127,0.98831,0.99046,0.99292,0.99018,0.99311,0.98770,0.99267,0.99198,0.99168,0.98950,0.99027,0.99111,0.99140,0.99010,0.99067,0.99069,0.99205,0.99000,0.99275,0.99273,0.99295,0.99121,0.99246,0.99189,0.99107,0.00000,0.99342,0.99249,0.99155,0.99316,0.04141,0.00000,0.00000,0.00348,0.00000,0.00907,0.06456,0.00000,0.00000,0.00000,0.00000,0.00000,0.00000,0.02449,0.00000,0.02531,0.00000,0.12912,0.32566,0.39363,0.06456,0.09325,0.00000,0.02710,0.04108,0.00000,0.04916,0.00000,0.00000,0.05021,0.00000,0.00383,0.00000,0.11195,0.14951,0.08052,0.12612,0.15892,0.00000,0.03861,0.06138,0.12090,0.10079,0.07525,0.07624,0.00000,0.03730,0.08869,0.11235,0.00000,0.04905,0.00000,0.00000,0.08927,0.00000,0.15357,0.17454,0.19949,0.04001,0.22846,0.13613,0.13900,0.15291,0.14680,0.03389,0.16622,0.07198,0.31623,0.20570,0.31759,0.33206,0.15891,0.16256,0.05217,0.19395,0.07965,0.16356,0.15426,0.20789,0.06454,0.14914,0.14583,0.17163,0.17765,0.26667,0.11963,0.27305,0.10893,0.18267,0.40427,0.04795,0.13737,0.12564,0.19281,0.12323,0.18063,0.26079,0.18247,0.46976,0.42067,0.14171,0.13720,0.10473,0.14856,0.23778,0.32694,0.08355,0.15317,0.10681,0.16644,0.42500,0.51780,0.00000,0.00000,0.15927,0.07920,0.05587,0.06137,0.00000,0.00000,0.00000,0.00000,0.04529,0.01353,0.23013,0.00609,0.00000,0.00000,0.00000,0.00000,0.00000,0.00000,0.00000,0.00000,0.00000,0.50411,0.00000,0.00000,0.00000,0.00000,0.00000,0.00000,0.06171,0.89487,0.03055,0.04336,0.01369,0.04109,0.00000,0.00000,0.00000,0.00000,0.49964,0.50945,0.00000,0.00000,0.00000,0.00000,0.00000,0.04067,0.05831,0.03986,0.05418,0.07771,0.06516,0.06420,0.00000,0.00000,0.00000,0.00000,0.04361,0.05574,0.00000,0.00000,0.00000,0.00000,0.00000,0.00000,0.00000,0.00000,0.02837,0.02057,0.00000,0.00000,0.00000,0.00000,0.03153,0.00000,0.00000,0.00000,0.00000,0.00000,0.42108,0.42560,0.00000,0.00000,0.00000,0.00000,0.00000,0.00000,0.00918,0.00557,0.05569,0.00000,0.06836,0.22755,0.00000,0.00000,0.00000,0.00000,0.00000,0.00000,0.00000,0.00000,0.00000,0.00000,0.00000,0.00000,0.00000,0.00000,0.00000,0.00000,0.00000,0.00000,0.00000,0.00000,0.00000,0.03652,0.03028,0.93769,0.94416,0.06573,0.07698,0.98267,0.96684
ORN_DL3_R,0.99152,0.99075,0.00000,0.99231,0.99201,0.99455,0.99105,0.99300,1.00000,0.99146,0.98947,0.99196,0.99333,0.99353,0.99026,0.99152,0.99228,0.99045,0.99110,0.99284,0.99281,0.99161,0.99249,0.99242,0.98993,0.98948,0.99241,0.99155,0.99092,0.99305,0.99393,0.99301,0.99269,0.99274,0.99363,0.98981,0.99218,0.99289,0.99221,0.99361,0.99148,0.99087,0.99052,0.99124,0.99233,0.98940,0.00000,0.00000,0.99280,0.99333,0.99263,0.99106,0.99300,0.99211,0.99159,0.99274,0.99030,0.98910,0.98932,0.99157,0.99315,0.99161,0.99098,0.99103,0.99093,0.99023,0.99121,0.98857,0.99215,0.98850,0.99235,0.99105,0.99181,0.98916,0.99034,0.99025,0.99249,0.99077,0.99325,0.99035,0.99227,0.99196,0.00000,0.99367,0.99273,0.99289,0.99241,0.04434,0.00000,0.00000,0.00968,0.00000,0.00883,0.07680,0.00000,0.00000,0.00000,0.00000,0.00000,0.00000,0.02384,0.00000,0.02464,0.00000,0.12568,0.32277,0.36841,0.07680,0.07680,0.00000,0.02638,0.04570,0.00000,0.04662,0.00000,0.00000,0.04887,0.00000,0.00447,0.00000,0.11557,0.14176,0.09129,0.11977,0.16130,0.00000,0.03742,0.06666,0.12518,0.08959,0.08156,0.07159,0.00000,0.03421,0.09915,0.10808,0.00000,0.04774,0.00000,0.00000,0.09775,0.00000,0.15528,0.16801,0.20187,0.03895,0.23312,0.14413,0.13560,0.16180,0.14865,0.02641,0.17094,0.06509,0.31783,0.20015,0.31969,0.31369,0.16860,0.17227,0.05711,0.18794,0.06474,0.15783,0.15412,0.20503,0.05199,0.15100,0.14516,0.17348,0.18102,0.27178,0.12686,0.26853,0.12772,0.18609,0.40612,0.04875,0.13502,0.12241,0.19429,0.12898,0.18476,0.26318,0.18807,0.47947,0.42247,0.13118,0.13056,0.10793,0.14402,0.24529,0.33494,0.08811,0.15442,0.09974,0.16078,0.42752,0.49870,0.00000,0.00000,0.18465,0.09146,0.06028,0.06293,0.00000,0.00000,0.00000,0.00000,0.04668,0.00987,0.24050,0.00099,0.00000,0.00000,0.00000,0.00000,0.00000,0.00000,0.00000,0.00000,0.00000,0.48481,0.00000,0.00000,0.00000,0.00000,0.00000,0.00000,0.05847,0.89601,0.02915,0.04059,0.01080,0.03789,0.00000,0.00000,0.00000,0.00000,0.48097,0.49314,0.00000,0.00000,0.00000,0.00000,0.00000,0.03563,0.05627,0.03745,0.04897,0.07430,0.06155,0.05966,0.00000,0.00000,0.00000,0.00000,0.04104,0.05239,0.00000,0.00000,0.00000,0.00000,0.00000,0.00000,0.00000,0.00000,0.02640,0.01878,0.00000,0.00000,0.00000,0.00000,0.02942,0.00000,0.00000,0.00000,0.00000,0.00000,0.40003,0.41031,0.00000,0.00000,0.00000,0.00000,0.00000,0.00000,0.00773,0.00542,0.05237,0.00000,0.06414,0.22006,0.00000,0.00000,0.00000,0.00000,0.00000,0.00000,0.00000,0.00000,0.00000,0.00000,0.00000,0.00000,0.00000,0.00000,0.00000,0.00000,0.00000,0.00000,0.00000,0.00000,0.00000,0.03830,0.02613,0.94043,0.94390,0.06632,0.07322,0.98045,0.96364
ORN_DL4_L,0.99122,0.99076,0.00000,0.99235,0.99459,0.99436,0.99353,0.99230,0.99146,1.00000,0.99092,0.99408,0.99290,0.99508,0.99004,0.99382,0.99311,0.99314,0.99319,0.99459,0.99124,0.99460,0.99223,0.99363,0.99052,0.98661,0.99254,0.99289,0.99117,0.99393,0.99204,0.99444,0.99461,0.99324,0.99211,0.98923,0.99381,0.99214,0.99221,0.99351,0.98942,0.99370,0.99120,0.99426,0.99412,0.99382,0.00000,0.00000,0.99274,0.99340,0.99230,0.99029,0.99313,0.99262,0.99312,0.99308,0.99130,0.98969,0.99145,0.99355,0.99187,0.99392,0.99240,0.99512,0.99161,0.99170,0.99104,0.99198,0.99246,0.99329,0.99268,0.99154,0.99329,0.99116,0.99132,0.99221,0.99386,0.99375,0.99117,0.99356,0.99104,0.99335,0.00000,0.99076,0.99352,0.99173,0.99214,0.04598,0.00000,0.00000,0.01355,0.00000,0.00610,0.07963,0.00000,0.00000,0.00000,0.00000,0.00000,0.00000,0.02471,0.00000,0.02768,0.00000,0.13031,0.32308,0.38416,0.07963,0.09411,0.00000,0.02413,0.04146,0.00000,0.05258,0.00000,0.00000,0.04344,0.00000,0.00502,0.00000,0.09930,0.12815,0.07996,0.13039,0.16130,0.00000,0.03897,0.06195,0.12944,0.10051,0.07939,0.07070,0.00000,0.03330,0.09030,0.10408,0.00000,0.04929,0.00000,0.00000,0.10135,0.00000,0.16306,0.17107,0.21086,0.04375,0.21169,0.14001,0.14028,0.13871,0.11494,0.03061,0.13775,0.06360,0.29075,0.20948,0.29933,0.34564,0.16136,0.15920,0.06154,0.18597,0.07425,0.15712,0.16347,0.20774,0.06995,0.14001,0.15366,0.17010,0.18628,0.27142,0.12597,0.26413,0.12141,0.16355,0.39237,0.05428,0.12706,0.12983,0.18778,0.13323,0.17741,0.24104,0.18400,0.46335,0.43397,0.11256,0.11331,0.09830,0.15081,0.24228,0.34833,0.09009,0.15805,0.10867,0.16433,0.41671,0.51189,0.00000,0.00000,0.16483,0.07270,0.05589,0.05820,0.00000,0.00000,0.00000,0.00000,0.03899,0.01365,0.20996,0.00546,0.00000,0.00000,0.00000,0.00000,0.00000,0.00000,0.00000,0.00000,0.00000,0.50101,0.00000,0.00000,0.00000,0.00000,0.00000,0.00000,0.05136,0.89526,0.02464,0.03649,0.01001,0.03056,0.00000,0.00000,0.00000,0.00000,0.49506,0.50460,0.00000,0.00000,0.00000,0.00000,0.00000,0.02736,0.04882,0.03196,0.04043,0.06113,0.05386,0.05049,0.00000,0.00000,0.00000,0.00000,0.03465,0.04567,0.00000,0.00000,0.00000,0.00000,0.00000,0.00000,0.00000,0.00000,0.02773,0.01973,0.00000,0.00000,0.00000,0.00000,0.02657,0.00000,0.00000,0.00000,0.00000,0.00000,0.41634,0.41723,0.00000,0.00000,0.00000,0.00000,0.00000,0.00000,0.00651,0.00562,0.04668,0.00000,0.05596,0.22965,0.00000,0.00000,0.00000,0.00000,0.00000,0.00000,0.00000,0.00000,0.00000,0.00000,0.00000,0.00000,0.00000,0.00000,0.00000,0.00000,0.00000,0.00000,0.00000,0.00000,0.00000,0.03595,0.02934,0.93935,0.94520,0.05510,0.05486,0.98189,0.96514
ORN_DL4_R,0.99145,0.98864,0.00000,0.99065,0.99096,0.99140,0.98861,0.99003,0.98947,0.99092,1.00000,0.98886,0.99157,0.99010,0.99121,0.99233,0.99131,0.98868,0.99077,0.99191,0.98968,0.99225,0.99097,0.99090,0.98623,0.98712,0.99218,0.98954,0.99096,0.99141,0.99070,0.99201,0.99243,0.99258,0.98705,0.98667,0.98978,0.99047,0.99327,0.99139,0.99207,0.98898,0.99175,0.99059,0.99141,0.98843,0.00000,0.00000,0.99303,0.99157,0.99173,0.99144,0.99106,0.99114,0.99035,0.99134,0.98789,0.99263,0.99139,0.99135,0.99121,0.98845,0.98969,0.99130,0.99207,0.98842,0.98902,0.98981,0.99009,0.98902,0.99068,0.99319,0.99198,0.98835,0.99068,0.98896,0.99231,0.99028,0.99264,0.98852,0.98800,0.99130,0.00000,0.99220,0.98996,0.99052,0.99066,0.04906,0.00000,0.00000,0.01129,0.00000,0.00597,0.07789,0.00000,0.00000,0.00000,0.00000,0.00000,0.00000,0.02045,0.00000,0.02291,0.00000,0.12037,0.32916,0.35867,0.07789,0.07789,0.00000,0.02518,0.03476,0.00000,0.04355,0.00000,0.00000,0.04957,0.00000,0.00416,0.00000,0.09576,0.11506,0.06768,0.11463,0.16626,0.00000,0.03062,0.05517,0.12315,0.08401,0.07702,0.05840,0.00000,0.02620,0.07838,0.08651,0.00000,0.04489,0.00000,0.00000,0.11015,0.00000,0.17144,0.15890,0.22121,0.03621,0.23568,0.13912,0.14215,0.14392,0.13456,0.02812,0.15511,0.06019,0.32433,0.19689,0.32533,0.31433,0.14382,0.15545,0.05233,0.18650,0.07943,0.16134,0.16048,0.21059,0.06246,0.15210,0.14487,0.17343,0.17277,0.27309,0.12667,0.26044,0.11349,0.17469,0.42559,0.05086,0.14301,0.13158,0.20313,0.12346,0.19036,0.24051,0.17112,0.47404,0.42513,0.11645,0.12474,0.10039,0.14486,0.25231,0.35034,0.08683,0.16006,0.11208,0.17633,0.43115,0.49270,0.00000,0.00000,0.17023,0.06449,0.05231,0.04629,0.00000,0.00000,0.00000,0.00000,0.03945,0.00668,0.21550,0.00100,0.00000,0.00000,0.00000,0.00000,0.00000,0.00000,0.00000,0.00000,0.00000,0.49546,0.00000,0.00000,0.00000,0.00000,0.00000,0.00000,0.06143,0.89111,0.02838,0.04116,0.01212,0.04270,0.00000,0.00000,0.00000,0.00000,0.48798,0.49514,0.00000,0.00000,0.00000,0.00000,0.00000,0.03078,0.05540,0.03704,0.04741,0.06994,0.06173,0.05859,0.00000,0.00000,0.00000,0.00000,0.04087,0.05246,0.00000,0.00000,0.00000,0.00000,0.00000,0.00000,0.00000,0.00000,0.02889,0.02080,0.00000,0.00000,0.00000,0.00000,0.03209,0.00000,0.00000,0.00000,0.00000,0.00000,0.40339,0.40809,0.00000,0.00000,0.00000,0.00000,0.00000,0.00000,0.00784,0.00549,0.05451,0.00000,0.06705,0.21955,0.00000,0.00000,0.00000,0.00000,0.00000,0.00000,0.00000,0.00000,0.00000,0.00000,0.00000,0.00000,0.00000,0.00000,0.00000,0.00000,0.00000,0.00000,0.00000,0.00000,0.00000,0.03851,0.02644,0.93587,0.93824,0.06316,0.06932,0.97760,0.95910
ORN_DL5_R,0.99013,0.98950,0.00000,0.99036,0.99193,0.99442,0.99458,0.99170,0.99196,0.99408,0.98886,1.00000,0.99310,0.99475,0.98894,0.99195,0.99193,0.99288,0.99281,0.99393,0.99206,0.99228,0.99271,0.99428,0.99154,0.98629,0.99197,0.99236,0.99277,0.99226,0.99077,0.99205,0.99355,0.99156,0.99118,0.98873,0.99271,0.99271,0.99115,0.99259,0.98747,0.99092,0.98900,0.99233,0.99081,0.99186,0.00000,0.00000,0.99139,0.99129,0.99172,0.98720,0.99210,0.99117,0.99277,0.99122,0.99037,0.98792,0.99159,0.99277,0.99211,0.99282,0.99184,0.99290,0.99119,0.99089,0.99088,0.99031,0.99067,0.99191,0.99061,0.99007,0.99204,0.99010,0.98932,0.99039,0.99359,0.99086,0.99129,0.99210,0.99060,0.99145,0.00000,0.99028,0.99244,0.99056,0.98980,0.04667,0.00000,0.00000,0.01261,0.00000,0.00568,0.06736,0.00000,0.00000,0.00000,0.00000,0.00000,0.00000,0.01327,0.00000,0.02774,0.00000,0.12799,0.32913,0.38591,0.06736,0.10105,0.00000,0.02844,0.04409,0.00000,0.05366,0.00000,0.00000,0.05389,0.00000,0.00467,0.00000,0.09864,0.12551,0.07167,0.13072,0.15775,0.00000,0.03827,0.06417,0.12111,0.09466,0.08131,0.06389,0.00000,0.02156,0.08293,0.10149,0.00000,0.04587,0.00000,0.00000,0.12051,0.00000,0.16817,0.16756,0.21396,0.04384,0.20284,0.13558,0.14553,0.14070,0.11466,0.03102,0.13360,0.06575,0.28398,0.20582,0.29879,0.33106,0.14662,0.14965,0.05057,0.18571,0.06755,0.15327,0.14975,0.19499,0.06868,0.13322,0.13976,0.15966,0.16931,0.25633,0.12977,0.26624,0.11172,0.17551,0.38234,0.05110,0.13566,0.12651,0.18843,0.12231,0.17381,0.23415,0.18184,0.45596,0.42457,0.11967,0.11400,0.09166,0.14504,0.22991,0.33886,0.08579,0.14426,0.10164,0.15868,0.40987,0.51417,0.00000,0.00000,0.16767,0.08110,0.05657,0.04979,0.00000,0.00000,0.00000,0.00000,0.03628,0.00953,0.21081,0.00540,0.00000,0.00000,0.00000,0.00000,0.00000,0.00000,0.00000,0.00000,0.00000,0.47755,0.00000,0.00000,0.00000,0.00000,0.00000,0.00000,0.05626,0.89194,0.02666,0.03773,0.00998,0.03250,0.00000,0.00000,0.00000,0.00000,0.47241,0.48089,0.00000,0.00000,0.00000,0.00000,0.00000,0.02673,0.05176,0.03364,0.04147,0.06353,0.05660,0.05278,0.00000,0.00000,0.00000,0.00000,0.03568,0.04810,0.00000,0.00000,0.00000,0.00000,0.00000,0.00000,0.00000,0.00000,0.02715,0.01932,0.00000,0.00000,0.00000,0.00000,0.02808,0.00000,0.00000,0.00000,0.00000,0.00000,0.38961,0.39364,0.00000,0.00000,0.00000,0.00000,0.00000,0.00000,0.00769,0.00570,0.05053,0.00000,0.06076,0.21714,0.00000,0.00000,0.00000,0.00000,0.00000,0.00000,0.00000,0.00000,0.00000,0.00000,0.00000,0.00000,0.00000,0.00000,0.00000,0.00000,0.00000,0.00000,0.00000,0.00000,0.00000,0.03715,0.02736,0.93987,0.94200,0.05537,0.05629,0.97683,0.95867
ORN_DM1_L,0.99111,0.99031,0.00000,0.99213,0.99253,0.99390,0.99154,0.99077,0.99333,0.99290,0.99157,0.99310,1.00000,0.99348,0.99151,0.99282,0.99312,0.99104,0.99053,0.99423,0.99239,0.99247,0.99346,0.99386,0.98937,0.98905,0.99324,0.99297,0.99199,0.99276,0.99257,0.99355,0.99279,0.99304,0.99116,0.98796,0.99178,0.99472,0.99266,0.99279,0.99151,0.98982,0.99126,0.99242,0.99170,0.99042,0.00000,0.00000,0.99196,0.99211,0.99224,0.98882,0.99246,0.99199,0.99222,0.99140,0.99070,0.99060,0.99028,0.99231,0.99304,0.99153,0.99259,0.99272,0.99116,0.99028,0.98910,0.99042,0.99225,0.98942,0.99157,0.99232,0.99255,0.98781,0.98946,0.98966,0.99218,0.99176,0.99405,0.99028,0.98983,0.99187,0.00000,0.99115,0.99378,0.99118,0.99165,0.04884,0.00000,0.00000,0.00767,0.00000,0.00549,0.09110,0.00000,0.00000,0.00000,0.00000,0.00000,0.00000,0.03161,0.00000,0.02488,0.00000,0.11713,0.33261,0.36690,0.09110,0.07809,0.00000,0.02820,0.04259,0.00000,0.04688,0.00000,0.00000,0.05206,0.00000,0.00417,0.00000,0.11549,0.13497,0.09446,0.11581,0.16388,0.00000,0.04056,0.06169,0.13256,0.09527,0.08998,0.07453,0.00000,0.04295,0.10260,0.10461,0.00000,0.04660,0.00000,0.00000,0.11135,0.00000,0.16599,0.17031,0.21525,0.03932,0.22349,0.13650,0.13774,0.14714,0.12827,0.02450,0.15086,0.05639,0.30519,0.18958,0.31668,0.31001,0.15318,0.15546,0.04961,0.18065,0.07821,0.15360,0.14492,0.19626,0.06028,0.13943,0.13563,0.16389,0.16633,0.26105,0.12384,0.25862,0.12459,0.17710,0.40603,0.04822,0.13599,0.11831,0.18950,0.12052,0.18090,0.25002,0.17301,0.47219,0.41468,0.11404,0.11496,0.10254,0.14277,0.24107,0.32908,0.08098,0.14842,0.09814,0.15934,0.43386,0.48766,0.00000,0.00000,0.16933,0.07185,0.06473,0.06436,0.00000,0.00000,0.00000,0.00000,0.03625,0.01227,0.21715,0.00215,0.00000,0.00000,0.00000,0.00291,0.00000,0.00000,0.00000,0.00000,0.00000,0.47672,0.00000,0.00000,0.00000,0.00000,0.00000,0.00000,0.05708,0.89601,0.02608,0.03733,0.00921,0.03139,0.00000,0.00000,0.00000,0.00000,0.47151,0.48078,0.00000,0.00000,0.00000,0.00000,0.00000,0.02337,0.05076,0.03307,0.04213,0.06220,0.05618,0.05263,0.00000,0.00000,0.00000,0.00000,0.03593,0.04777,0.00000,0.00000,0.00000,0.00000,0.00000,0.00000,0.00000,0.00000,0.02687,0.01912,0.00000,0.00000,0.00000,0.00000,0.02713,0.00000,0.00000,0.00651,0.00200,0.00253,0.38657,0.39629,0.00000,0.00000,0.00000,0.00000,0.00000,0.00000,0.00720,0.00597,0.04924,0.00000,0.06127,0.21574,0.00227,0.00000,0.00000,0.00000,0.00000,0.00000,0.00000,0.00000,0.00000,0.00000,0.00000,0.00000,0.00000,0.00000,0.00000,0.00000,0.00000,0.00000,0.00000,0.00000,0.00000,0.03952,0.02423,0.93761,0.93985,0.05804,0.06264,0.97814,0.95805
ORN_DM1_R,0.99113,0.99003,0.00000,0.99294,0.99501,0.99569,0.99422,0.99322,0.99353,0.99508,0.99010,0.99475,0.99348,1.00000,0.99150,0.99264,0.99374,0.99329,0.99341,0.99446,0.99289,0.99427,0.99309,0.99427,0.99283,0.98508,0.99315,0.99245,0.99195,0.99346,0.99363,0.99416,0.99435,0.99283,0.99326,0.99031,0.99354,0.99279,0.99199,0.99377,0.98861,0.99312,0.99088,0.99336,0.99375,0.99366,0.00000,0.00000,0.99374,0.99447,0.99263,0.99111,0.99437,0.99331,0.99185,0.99245,0.99177,0.99116,0.99274,0.99268,0.99285,0.99273,0.99259,0.99458,0.99246,0.99318,0.99118,0.99169,0.99297,0.99335,0.99212,0.99241,0.99329,0.99089,0.99068,0.99326,0.99389,0.99253,0.99158,0.99389,0.99318,0.99349,0.00000,0.99218,0.99348,0.99262,0.99174,0.04571,0.00000,0.00000,0.00778,0.00000,0.00278,0.06597,0.00000,0.00000,0.00000,0.00000,0.00000,0.00000,0.03811,0.00000,0.02522,0.00000,0.13194,0.32928,0.38787,0.06597,0.08576,0.00000,0.02712,0.03778,0.00000,0.04791,0.00000,0.00000,0.05278,0.00000,0.00458,0.00000,0.10372,0.14608,0.08417,0.12589,0.15865,0.00000,0.03293,0.05823,0.12053,0.10380,0.08060,0.08149,0.00000,0.04882,0.09368,0.11878,0.00000,0.05286,0.00000,0.00000,0.10262,0.00000,0.16263,0.17444,0.20973,0.03987,0.20323,0.13270,0.14309,0.13779,0.11018,0.03173,0.13176,0.06656,0.28305,0.20409,0.29523,0.32808,0.15362,0.15392,0.05280,0.17996,0.07340,0.14696,0.15859,0.20203,0.06491,0.13142,0.14845,0.16292,0.18022,0.26263,0.13108,0.26072,0.12509,0.16751,0.38168,0.05443,0.12484,0.13032,0.18796,0.12316,0.17281,0.24045,0.18561,0.46714,0.42917,0.12533,0.12194,0.09362,0.14108,0.23658,0.34913,0.08910,0.14602,0.11135,0.16503,0.42003,0.50462,0.00000,0.00000,0.17260,0.08600,0.05367,0.06707,0.00000,0.00000,0.00000,0.00000,0.02940,0.01244,0.20172,0.00155,0.00000,0.00000,0.00000,0.00000,0.00000,0.00000,0.00000,0.00000,0.00000,0.49641,0.00000,0.00000,0.00000,0.00000,0.00000,0.00000,0.04970,0.89415,0.02389,0.03516,0.00869,0.02785,0.00000,0.00000,0.00000,0.00000,0.48833,0.49389,0.00000,0.00000,0.00000,0.00000,0.00000,0.02493,0.04658,0.03030,0.03915,0.05843,0.05157,0.04846,0.00000,0.00000,0.00000,0.00000,0.03259,0.04418,0.00000,0.00000,0.00000,0.00000,0.00000,0.00000,0.00000,0.00000,0.02691,0.01915,0.00000,0.00000,0.00000,0.00000,0.02511,0.00000,0.00000,0.00000,0.00000,0.00000,0.40940,0.41143,0.00000,0.00000,0.00000,0.00000,0.00000,0.00000,0.00662,0.00558,0.04384,0.00000,0.05373,0.22311,0.00000,0.00000,0.00000,0.00000,0.00000,0.00000,0.00000,0.00000,0.00000,0.00000,0.00000,0.00000,0.00000,0.00000,0.00000,0.00000,0.00000,0.00000,0.00000,0.00000,0.00000,0.03772,0.02407,0.94069,0.94559,0.05061,0.04999,0.98222,0.96332
ORN_DM2_L,0.99011,0.98775,0.00000,0.98944,0.99294,0.99187,0.98930,0.98857,0.99026,0.99004,0.99121,0.98894,0.99151,0.99150,1.00000,0.99144,0.99138,0.98771,0.99152,0.99245,0.98952,0.99133,0.99331,0.99215,0.98778,0.98894,0.99259,0.99188,0.99020,0.98942,0.99196,0.99210,0.98959,0.99463,0.98986,0.98465,0.99034,0.99179,0.99129,0.99390,0.99260,0.98909,0.99288,0.98877,0.99065,0.98872,0.00000,0.00000,0.99239,0.99221,0.99075,0.99133,0.99122,0.98939,0.98859,0.98972,0.98721,0.99285,0.99021,0.99048,0.99163,0.98734,0.99123,0.99071,0.99112,0.98803,0.98803,0.98959,0.99043,0.98578,0.99150,0.99190,0.99238,0.98566,0.99143,0.99003,0.99180,0.98685,0.99179,0.98799,0.98665,0.99022,0.00000,0.99106,0.99078,0.99058,0.98918,0.04728,0.00000,0.00000,0.00804,0.00000,0.00575,0.07506,0.00000,0.00000,0.00000,0.00000,0.00000,0.00000,0.03942,0.00000,0.02207,0.00000,0.12965,0.32929,0.37239,0.07506,0.08871,0.00000,0.02502,0.03350,0.00000,0.04356,0.00000,0.00000,0.04777,0.00000,0.00364,0.00000,0.09386,0.13739,0.07537,0.12071,0.16582,0.00000,0.03171,0.05363,0.12434,0.10708,0.08073,0.08506,0.00000,0.05254,0.08585,0.12067,0.00000,0.05227,0.00000,0.00000,0.10614,0.00000,0.17335,0.17932,0.22091,0.03489,0.20754,0.13054,0.14176,0.12838,0.10498,0.02254,0.12822,0.05382,0.29277,0.18507,0.30440,0.29761,0.13733,0.14828,0.05282,0.16805,0.07983,0.14016,0.14936,0.19758,0.05747,0.13507,0.14098,0.16183,0.16533,0.26202,0.12636,0.24677,0.11351,0.16350,0.41705,0.05092,0.12825,0.12348,0.18840,0.11676,0.17452,0.22261,0.16996,0.47091,0.42233,0.10055,0.10190,0.09823,0.12858,0.24470,0.34198,0.08141,0.14280,0.10474,0.15979,0.42735,0.47623,0.00000,0.00000,0.16212,0.07534,0.05542,0.06625,0.00000,0.00000,0.00000,0.00000,0.03041,0.01287,0.21501,0.00193,0.00000,0.00000,0.00000,0.00000,0.00000,0.00000,0.00000,0.00000,0.00000,0.48529,0.00000,0.00000,0.00000,0.00000,0.00000,0.00000,0.06470,0.89445,0.03032,0.04362,0.01235,0.04526,0.00000,0.00000,0.00000,0.00000,0.48214,0.48711,0.00000,0.00000,0.00000,0.00000,0.00000,0.03353,0.05932,0.03933,0.05024,0.07653,0.06555,0.06245,0.00000,0.00000,0.00000,0.00000,0.04376,0.05541,0.00000,0.00000,0.00000,0.00000,0.00000,0.00000,0.00000,0.00000,0.02784,0.01981,0.00000,0.00000,0.00000,0.00000,0.03432,0.00000,0.00000,0.00000,0.00000,0.00000,0.39317,0.40214,0.00000,0.00000,0.00000,0.00000,0.00000,0.00000,0.00873,0.00578,0.05747,0.00000,0.07027,0.21366,0.00000,0.00000,0.00000,0.00000,0.00000,0.00000,0.00000,0.00000,0.00000,0.00000,0.00000,0.00000,0.00000,0.00000,0.00000,0.00000,0.00000,0.00000,0.00000,0.00000,0.00000,0.03789,0.02778,0.93544,0.93906,0.04986,0.04668,0.97826,0.95544
ORN_DM2_R,0.99247,0.99241,0.00000,0.99162,0.99346,0.99417,0.99179,0.99121,0.99152,0.99382,0.99233,0.99195,0.99282,0.99264,0.99144,1.00000,0.99228,0.98964,0.99349,0.99343,0.98863,0.99436,0.99274,0.99203,0.98783,0.98947,0.99185,0.99197,0.99218,0.99357,0.99312,0.99323,0.99393,0.99434,0.98946,0.98738,0.99082,0.99211,0.99358,0.99389,0.99150,0.99052,0.99169,0.99212,0.99243,0.99171,0.00000,0.00000,0.99221,0.99366,0.99377,0.99144,0.99278,0.99231,0.99092,0.99388,0.99040,0.99270,0.99282,0.99203,0.99330,0.98945,0.99302,0.99324,0.99257,0.99169,0.99247,0.99218,0.99313,0.98959,0.99199,0.99314,0.99282,0.99026,0.99443,0.98984,0.99510,0.99169,0.99350,0.98933,0.98769,0.99299,0.00000,0.99297,0.99210,0.99022,0.99066,0.04278,0.00000,0.00000,0.00794,0.00000,0.00568,0.07409,0.00000,0.00000,0.00000,0.00000,0.00000,0.00000,0.01592,0.00000,0.02575,0.00000,0.12798,0.32370,0.35947,0.07409,0.08756,0.00000,0.02470,0.03858,0.00000,0.04892,0.00000,0.00000,0.04715,0.00000,0.00467,0.00000,0.09616,0.11832,0.06984,0.12493,0.16198,0.00000,0.03331,0.05825,0.12175,0.08501,0.06965,0.05644,0.00000,0.02290,0.08074,0.08446,0.00000,0.04665,0.00000,0.00000,0.09954,0.00000,0.15854,0.18393,0.20816,0.04071,0.22179,0.13240,0.14434,0.12760,0.12907,0.02975,0.15051,0.06456,0.31006,0.19253,0.31837,0.31519,0.14672,0.14537,0.05214,0.17774,0.06955,0.15733,0.15287,0.20255,0.06329,0.14139,0.14367,0.16238,0.17390,0.25779,0.12019,0.25108,0.12839,0.15662,0.41999,0.05905,0.12826,0.12701,0.18378,0.12868,0.17180,0.23665,0.16244,0.46448,0.41431,0.12985,0.12578,0.09688,0.14356,0.24954,0.33257,0.08835,0.14598,0.10315,0.15761,0.42897,0.48274,0.00000,0.00000,0.16956,0.06765,0.04986,0.04419,0.00000,0.00000,0.00000,0.00000,0.03502,0.00318,0.21513,0.00159,0.00000,0.00000,0.00000,0.00301,0.00000,0.00000,0.00000,0.00000,0.00000,0.49449,0.00000,0.00000,0.00000,0.00000,0.00000,0.00000,0.05815,0.89557,0.02744,0.04046,0.01109,0.03859,0.00000,0.00000,0.00000,0.00000,0.48966,0.49672,0.00000,0.00000,0.00000,0.00000,0.00000,0.03182,0.05428,0.03593,0.04617,0.06954,0.06028,0.05744,0.00000,0.00000,0.00000,0.00000,0.03951,0.05108,0.00000,0.00000,0.00000,0.00000,0.00000,0.00000,0.00000,0.00000,0.02815,0.02003,0.00000,0.00000,0.00000,0.00000,0.03022,0.00000,0.00000,0.00674,0.00207,0.00261,0.40525,0.41290,0.00000,0.00000,0.00000,0.00000,0.00000,0.00000,0.00792,0.00570,0.05230,0.00000,0.06366,0.22229,0.00235,0.00000,0.00000,0.00000,0.00000,0.00000,0.00000,0.00000,0.00000,0.00000,0.00000,0.00000,0.00000,0.00000,0.00000,0.00000,0.00000,0.00000,0.00000,0.00000,0.00000,0.03780,0.03406,0.93866,0.94126,0.06090,0.06484,0.97990,0.95942
ORN_DM3_L,0.99185,0.99172,0.00000,0.99364,0.99353,0.99362,0.99420,0.99126,0.99228,0.99311,0.99131,0.99193,0.99312,0.99374,0.99138,0.99228,1.00000,0.99112,0.99272,0.99423,0.99235,0.99316,0.99372,0.99429,0.99233,0.98792,0.99403,0.99156,0.99293,0.99298,0.99336,0.99491,0.99312,0.99174,0.99307,0.98963,0.99103,0.99378,0.99129,0.99347,0.99067,0.99104,0.99085,0.99266,0.99334,0.99180,0.00000,0.00000,0.99299,0.99387,0.99424,0.99089,0.99129,0.99204,0.99116,0.99252,0.99081,0.99004,0.99041,0.99328,0.99246,0.99127,0.99344,0.99171,0.99184,0.99121,0.98887,0.99188,0.99350,0.99000,0.99116,0.99347,0.99311,0.98884,0.98974,0.99169,0.99429,0.99079,0.99309,0.99200,0.99131,0.99126,0.00000,0.99073,0.99250,0.99406,0.99285,0.04384,0.00000,0.00000,0.01053,0.00000,0.00582,0.06212,0.00000,0.00000,0.00000,0.00000,0.00000,0.00000,0.02991,0.00000,0.02436,0.00000,0.13115,0.33981,0.38503,0.06212,0.07593,0.00000,0.02914,0.03953,0.00000,0.04569,0.00000,0.00000,0.05522,0.00000,0.00368,0.00000,0.08882,0.12312,0.07904,0.12211,0.17123,0.00000,0.04446,0.06031,0.11735,0.09264,0.07426,0.07246,0.00000,0.03934,0.08684,0.10431,0.00000,0.05044,0.00000,0.00000,0.09664,0.00000,0.15584,0.16871,0.20190,0.03851,0.22831,0.13053,0.13647,0.15221,0.13227,0.02245,0.15224,0.04779,0.30985,0.18750,0.32560,0.31119,0.13904,0.15797,0.04577,0.19129,0.07301,0.15660,0.15008,0.20517,0.05477,0.14151,0.13925,0.16781,0.16556,0.26396,0.12445,0.26616,0.11158,0.17950,0.41093,0.05079,0.13737,0.12461,0.19577,0.11675,0.18290,0.24778,0.17359,0.48579,0.43878,0.09920,0.10378,0.10172,0.14645,0.26485,0.35819,0.08476,0.14794,0.10687,0.17202,0.41353,0.49727,0.00000,0.00000,0.16986,0.08999,0.05768,0.05723,0.00000,0.00000,0.00000,0.00000,0.04743,0.00976,0.22590,0.00065,0.00000,0.00000,0.00000,0.00000,0.00000,0.00000,0.00000,0.00000,0.00000,0.49724,0.00000,0.00000,0.00000,0.00000,0.00000,0.00000,0.05104,0.89637,0.02384,0.03533,0.01022,0.03330,0.00000,0.00000,0.00000,0.00000,0.48609,0.49488,0.00000,0.00000,0.00000,0.00000,0.00000,0.02348,0.04679,0.03068,0.03811,0.05806,0.05152,0.04849,0.00000,0.00000,0.00000,0.00000,0.03328,0.04382,0.00000,0.00000,0.00000,0.00000,0.00000,0.00000,0.00000,0.00000,0.02713,0.01930,0.00000,0.00000,0.00000,0.00000,0.02753,0.00000,0.00000,0.00000,0.00000,0.00000,0.40482,0.41416,0.00000,0.00000,0.00000,0.00000,0.00000,0.00000,0.00645,0.00536,0.04542,0.00000,0.05488,0.22250,0.00000,0.00000,0.00000,0.00000,0.00000,0.00000,0.00000,0.00000,0.00000,0.00000,0.00000,0.00000,0.00000,0.00000,0.00000,0.00000,0.00000,0.00000,0.00000,0.00000,0.00000,0.03920,0.02590,0.93909,0.94526,0.06073,0.06984,0.98000,0.96258
ORN_DM3_R,0.98882,0.98593,0.00000,0.99072,0.99202,0.99248,0.99238,0.99185,0.99045,0.99314,0.98868,0.99288,0.99104,0.99329,0.98771,0.98964,0.99112,1.00000,0.99116,0.99429,0.99085,0.99180,0.98845,0.99145,0.98988,0.98356,0.99207,0.98979,0.99038,0.98999,0.99134,0.99298,0.99292,0.98965,0.99162,0.98845,0.99186,0.99048,0.99183,0.99083,0.98658,0.99259,0.98787,0.99375,0.99159,0.99242,0.00000,0.00000,0.99110,0.99098,0.99112,0.98680,0.99414,0.99070,0.99173,0.98868,0.99017,0.98671,0.98983,0.99337,0.98866,0.99360,0.98916,0.99305,0.98927,0.99206,0.98755,0.98925,0.98963,0.99300,0.98916,0.98774,0.99169,0.99024,0.98676,0.99180,0.99155,0.99210,0.98898,0.99335,0.99193,0.98885,0.00000,0.98895,0.99199,0.99003,0.99123,0.04737,0.00000,0.00000,0.00664,0.00000,0.00577,0.08205,0.00000,0.00000,0.00000,0.00000,0.00000,0.00000,0.03502,0.00000,0.02614,0.00000,0.12992,0.31727,0.38759,0.08205,0.09573,0.00000,0.02659,0.04476,0.00000,0.05086,0.00000,0.00000,0.04786,0.00000,0.00438,0.00000,0.11133,0.14587,0.07244,0.12829,0.15926,0.00000,0.04231,0.06406,0.13128,0.10298,0.07927,0.07652,0.00000,0.04376,0.08418,0.11338,0.00000,0.05157,0.00000,0.00000,0.10105,0.00000,0.16395,0.17082,0.20943,0.04132,0.20815,0.14821,0.13131,0.14901,0.11846,0.02926,0.13943,0.06869,0.28163,0.21132,0.29339,0.33084,0.14802,0.15457,0.05113,0.19114,0.07968,0.15714,0.14563,0.19640,0.05637,0.13746,0.13550,0.15881,0.16785,0.25953,0.11643,0.27058,0.10240,0.18183,0.37061,0.04499,0.13628,0.11976,0.18602,0.11842,0.18340,0.23342,0.17484,0.46004,0.42935,0.12166,0.12536,0.09853,0.15216,0.25082,0.34735,0.07976,0.14783,0.10071,0.16494,0.40400,0.52662,0.00000,0.00000,0.16439,0.07507,0.05440,0.05440,0.00000,0.00000,0.00000,0.00000,0.03301,0.00322,0.19880,0.00193,0.00000,0.00000,0.00000,0.00000,0.00000,0.00000,0.00000,0.00000,0.00000,0.47479,0.00000,0.00000,0.00000,0.00000,0.00000,0.00000,0.04991,0.89203,0.02373,0.03500,0.00923,0.02886,0.00000,0.00000,0.00000,0.00000,0.47224,0.48141,0.00000,0.00000,0.00000,0.00000,0.00000,0.01938,0.04579,0.02918,0.03754,0.05577,0.05079,0.04769,0.00000,0.00000,0.00000,0.00000,0.03167,0.04313,0.00000,0.00000,0.00000,0.00000,0.00000,0.00000,0.00000,0.00000,0.02790,0.01985,0.00000,0.00000,0.00000,0.00000,0.02541,0.00000,0.00000,0.00000,0.00000,0.00000,0.39473,0.39796,0.00000,0.00000,0.00000,0.00000,0.00000,0.00000,0.00662,0.00627,0.04274,0.00000,0.05376,0.21796,0.00000,0.00000,0.00000,0.00000,0.00000,0.00000,0.00000,0.00000,0.00000,0.00000,0.00000,0.00000,0.00000,0.00000,0.00000,0.00000,0.00000,0.00000,0.00000,0.00000,0.00000,0.04047,0.02848,0.93757,0.94259,0.05371,0.05854,0.97861,0.96176
ORN_DM4_L,0.99150,0.98906,0.00000,0.99032,0.99348,0.99344,0.99239,0.99108,0.99110,0.99319,0.99077,0.99281,0.99053,0.99341,0.99152,0.99349,0.99272,0.99116,1.00000,0.99498,0.98911,0.99309,0.99207,0.99224,0.98927,0.98817,0.99479,0.99218,0.99134,0.99051,0.99242,0.99347,0.99404,0.99275,0.99039,0.98765,0.99106,0.99156,0.99140,0.99356,0.98949,0.99212,0.99203,0.99282,0.99326,0.99277,0.00000,0.00000,0.99160,0.99284,0.99374,0.99134,0.99140,0.99005,0.99156,0.99223,0.98884,0.98900,0.99191,0.99243,0.99113,0.99038,0.99113,0.99186,0.99190,0.99048,0.98985,0.99184,0.99029,0.99054,0.98953,0.99111,0.99324,0.99053,0.99183,0.98955,0.99322,0.99114,0.99170,0.99061,0.98804,0.99075,0.00000,0.99064,0.99227,0.99226,0.99051,0.04526,0.00000,0.00000,0.00770,0.00000,0.00826,0.05880,0.00000,0.00000,0.00000,0.00000,0.00000,0.00000,0.03775,0.00000,0.02690,0.00000,0.12413,0.33114,0.37624,0.05880,0.07840,0.00000,0.02613,0.03742,0.00000,0.04936,0.00000,0.00000,0.05227,0.00000,0.00453,0.00000,0.08306,0.12293,0.06097,0.12258,0.16536,0.00000,0.02555,0.05708,0.11331,0.09730,0.07068,0.07483,0.00000,0.04639,0.07020,0.10473,0.00000,0.04985,0.00000,0.00000,0.10163,0.00000,0.16513,0.17134,0.21311,0.04252,0.21558,0.12698,0.14000,0.12856,0.12236,0.02561,0.14445,0.05554,0.30271,0.19169,0.31608,0.32502,0.12807,0.13857,0.05134,0.19098,0.07508,0.16320,0.15179,0.20470,0.06139,0.14070,0.14287,0.16544,0.16683,0.25707,0.11855,0.25950,0.09784,0.15311,0.41255,0.05104,0.12886,0.12297,0.18794,0.11772,0.16811,0.22556,0.16278,0.47100,0.42423,0.11056,0.10983,0.09672,0.13995,0.25142,0.34482,0.08342,0.14484,0.10295,0.16113,0.41042,0.49676,0.00000,0.00000,0.16354,0.08517,0.05451,0.05951,0.00000,0.00000,0.00000,0.00000,0.03397,0.01232,0.22036,0.00092,0.00000,0.00000,0.00000,0.00000,0.00000,0.00000,0.00000,0.00000,0.00000,0.49412,0.00000,0.00000,0.00000,0.00000,0.00000,0.00000,0.05896,0.89119,0.02870,0.04139,0.00989,0.04334,0.00000,0.00000,0.00000,0.00000,0.48690,0.49499,0.00000,0.00000,0.00000,0.00000,0.00000,0.03087,0.05572,0.03708,0.04727,0.07119,0.06125,0.05869,0.00000,0.00000,0.00000,0.00000,0.04089,0.05209,0.00000,0.00000,0.00000,0.00000,0.00000,0.00000,0.00000,0.00000,0.02860,0.02035,0.00000,0.00000,0.00000,0.00000,0.03286,0.00000,0.00000,0.00000,0.00000,0.00000,0.40050,0.40811,0.00000,0.00000,0.00000,0.00000,0.00000,0.00000,0.00768,0.00553,0.05373,0.00000,0.06457,0.22296,0.00000,0.00000,0.00000,0.00000,0.00000,0.00000,0.00000,0.00000,0.00000,0.00000,0.00000,0.00000,0.00000,0.00000,0.00000,0.00000,0.00000,0.00000,0.00000,0.00000,0.00000,0.04106,0.03015,0.93900,0.94355,0.05629,0.05968,0.97921,0.96071
ORN_DM4_R,0.99196,0.99022,0.00000,0.99218,0.99392,0.99490,0.99324,0.99392,0.99284,0.99459,0.99191,0.99393,0.99423,0.99446,0.99245,0.99343,0.99423,0.99429,0.99498,1.00000,0.99284,0.99356,0.99225,0.99442,0.98973,0.98942,0.99598,0.99331,0.99283,0.99235,0.99354,0.99529,0.99506,0.99363,0.99357,0.99050,0.99302,0.99404,0.99236,0.99417,0.99062,0.99400,0.99225,0.99428,0.99325,0.99401,0.00000,0.00000,0.99332,0.99346,0.99452,0.99060,0.99421,0.99228,0.99349,0.99187,0.99147,0.98985,0.99132,0.99469,0.99321,0.99327,0.99266,0.99510,0.99260,0.99188,0.99010,0.99238,0.99172,0.99278,0.99216,0.99236,0.99377,0.99092,0.99105,0.99224,0.99378,0.99248,0.99332,0.99309,0.99223,0.99265,0.00000,0.99247,0.99488,0.99272,0.99398,0.04081,0.00000,0.00000,0.00757,0.00000,0.00542,0.07710,0.00000,0.00000,0.00000,0.00000,0.00000,0.00000,0.03375,0.00000,0.02645,0.00000,0.12851,0.32861,0.38552,0.07710,0.08995,0.00000,0.02784,0.04206,0.00000,0.05043,0.00000,0.00000,0.05140,0.00000,0.00412,0.00000,0.10239,0.13914,0.07358,0.12675,0.16628,0.00000,0.04020,0.06236,0.12744,0.10218,0.07506,0.07672,0.00000,0.04369,0.08396,0.10890,0.00000,0.05091,0.00000,0.00000,0.09495,0.00000,0.16073,0.17094,0.20467,0.04182,0.22353,0.13700,0.14105,0.14113,0.12508,0.03190,0.14813,0.06328,0.30394,0.20137,0.31270,0.32676,0.14690,0.15279,0.05330,0.18565,0.08429,0.15819,0.14868,0.20080,0.07006,0.14140,0.13934,0.16474,0.16761,0.25837,0.12168,0.26251,0.11038,0.16284,0.40035,0.04857,0.12971,0.12083,0.18851,0.11863,0.17559,0.23833,0.17564,0.47673,0.43309,0.11783,0.11707,0.10134,0.14461,0.25444,0.35079,0.08247,0.14712,0.10202,0.16336,0.41862,0.50594,0.00000,0.00000,0.15993,0.09659,0.05903,0.06046,0.00000,0.00000,0.00000,0.00000,0.03579,0.01212,0.21994,0.00697,0.00000,0.00000,0.00000,0.00000,0.00000,0.00000,0.00000,0.00000,0.00000,0.48546,0.00000,0.00000,0.00000,0.00000,0.00000,0.00000,0.05397,0.89432,0.02435,0.03611,0.01036,0.03293,0.00000,0.00000,0.00000,0.00000,0.48094,0.49113,0.00000,0.00000,0.00000,0.00000,0.00000,0.02186,0.04838,0.03132,0.04037,0.05958,0.05351,0.05067,0.00000,0.00000,0.00000,0.00000,0.03426,0.04502,0.00000,0.00000,0.00000,0.00000,0.00000,0.00000,0.00000,0.00000,0.02749,0.01956,0.00000,0.00000,0.00000,0.00000,0.02795,0.00000,0.00000,0.00000,0.00000,0.00000,0.39736,0.40394,0.00000,0.00000,0.00000,0.00000,0.00000,0.00000,0.00733,0.00544,0.04735,0.00000,0.05863,0.22092,0.00000,0.00000,0.00000,0.00000,0.00000,0.00000,0.00000,0.00000,0.00000,0.00000,0.00000,0.00000,0.00000,0.00000,0.00000,0.00000,0.00000,0.00000,0.00000,0.00000,0.00000,0.03741,0.02688,0.93983,0.94488,0.05692,0.06159,0.98110,0.96192
ORN_DM5_L,0.99014,0.98855,0.00000,0.99148,0.99057,0.99128,0.99128,0.99060,0.99281,0.99124,0.98968,0.99206,0.99239,0.99289,0.98952,0.98863,0.99235,0.99085,0.98911,0.99284,1.00000,0.98993,0.98973,0.99356,0.98895,0.98805,0.99267,0.99145,0.99298,0.99123,0.98955,0.99191,0.99201,0.99109,0.99170,0.98992,0.99221,0.99339,0.99158,0.99147,0.98726,0.99068,0.98818,0.99135,0.98975,0.99075,0.00000,0.00000,0.99123,0.99113,0.99114,0.98750,0.99282,0.98979,0.99358,0.98983,0.98933,0.98652,0.98812,0.99288,0.99111,0.99218,0.98938,0.99198,0.98839,0.98905,0.98805,0.98892,0.98926,0.99047,0.98997,0.98918,0.99052,0.98723,0.98716,0.99161,0.99111,0.98969,0.99164,0.99182,0.99206,0.98934,0.00000,0.98953,0.99230,0.99120,0.99227,0.04747,0.00000,0.00000,0.00969,0.00000,0.00693,0.09044,0.00000,0.00000,0.00000,0.00000,0.00000,0.00000,0.02375,0.00000,0.02660,0.00000,0.13978,0.32348,0.39169,0.09044,0.09044,0.00000,0.02649,0.04036,0.00000,0.05057,0.00000,0.00000,0.04933,0.00000,0.00439,0.00000,0.10389,0.13819,0.08044,0.13311,0.15829,0.00000,0.03688,0.06536,0.13938,0.09651,0.08012,0.07552,0.00000,0.03536,0.09589,0.11632,0.00000,0.05212,0.00000,0.00000,0.09593,0.00000,0.15490,0.16850,0.20298,0.04204,0.22284,0.14203,0.13421,0.16463,0.12685,0.02491,0.14974,0.05665,0.29722,0.20315,0.30674,0.31939,0.15575,0.16872,0.04996,0.18467,0.05948,0.15933,0.14976,0.20186,0.05066,0.14768,0.13691,0.16728,0.17050,0.27065,0.12123,0.27888,0.10187,0.20707,0.38695,0.04733,0.14204,0.11815,0.19448,0.12243,0.19143,0.24690,0.18753,0.46461,0.43542,0.10617,0.11482,0.10302,0.14622,0.24575,0.35066,0.07995,0.15908,0.09926,0.16569,0.39730,0.52048,0.00000,0.00000,0.17093,0.10001,0.05620,0.06067,0.00000,0.00000,0.00000,0.00000,0.03664,0.00775,0.21668,0.00078,0.00000,0.00000,0.00000,0.00000,0.00000,0.00000,0.00000,0.00000,0.00000,0.48226,0.00000,0.00000,0.00000,0.00000,0.00000,0.00000,0.05047,0.89509,0.02289,0.03430,0.00920,0.02727,0.00000,0.00000,0.00000,0.00000,0.47802,0.48936,0.00000,0.00000,0.00000,0.00000,0.00000,0.02331,0.04578,0.02973,0.03731,0.05659,0.05116,0.04693,0.00000,0.00000,0.00000,0.00000,0.03222,0.04304,0.00000,0.00000,0.00000,0.00000,0.00000,0.00000,0.00000,0.00000,0.02659,0.01892,0.00000,0.00000,0.00000,0.00000,0.02496,0.00000,0.00000,0.00000,0.00000,0.00000,0.39850,0.40563,0.00000,0.00000,0.00000,0.00000,0.00000,0.00000,0.00711,0.00522,0.04544,0.00000,0.05464,0.22128,0.00000,0.00000,0.00000,0.00000,0.00000,0.00000,0.00000,0.00000,0.00000,0.00000,0.00000,0.00000,0.00000,0.00000,0.00000,0.00000,0.00000,0.00000,0.00000,0.00000,0.00000,0.04020,0.02576,0.93811,0.94259,0.05707,0.05928,0.97850,0.96376
ORN_DM5_R,0.99084,0.99047,0.00000,0.99099,0.99411,0.99542,0.99225,0.99189,0.99161,0.99460,0.99225,0.99228,0.99247,0.99427,0.99133,0.99436,0.99316,0.99180,0.99309,0.99356,0.98993,1.00000,0.99243,0.99280,0.99042,0.98552,0.99189,0.99229,0.99153,0.99245,0.99180,0.99473,0.99485,0.99296,0.99127,0.98774,0.99133,0.99066,0.99177,0.99375,0.99195,0.99252,0.99243,0.99294,0.99474,0.99251,0.00000,0.00000,0.99442,0.99396,0.99261,0.99208,0.99243,0.99406,0.99092,0.99407,0.98984,0.99222,0.99305,0.99350,0.99381,0.99008,0.99322,0.99440,0.99415,0.99151,0.99198,0.99221,0.99496,0.99300,0.99185,0.99313,0.99405,0.99189,0.99318,0.99142,0.99516,0.99324,0.99165,0.99173,0.98917,0.99352,0.00000,0.99201,0.99266,0.99217,0.99124,0.04598,0.00000,0.00000,0.01004,0.00000,0.00610,0.07239,0.00000,0.00000,0.00000,0.00000,0.00000,0.00000,0.03422,0.00000,0.02342,0.00000,0.12307,0.33653,0.36670,0.07239,0.07963,0.00000,0.02654,0.03554,0.00000,0.04452,0.00000,0.00000,0.05068,0.00000,0.00386,0.00000,0.09148,0.12473,0.07800,0.11720,0.17090,0.00000,0.03330,0.05494,0.12095,0.09411,0.07141,0.07165,0.00000,0.04271,0.08639,0.10175,0.00000,0.04865,0.00000,0.00000,0.10135,0.00000,0.16250,0.17107,0.21153,0.03702,0.21320,0.13870,0.14249,0.12746,0.11766,0.02875,0.13915,0.06495,0.29704,0.20243,0.31189,0.32262,0.13983,0.14653,0.04885,0.18161,0.07375,0.14930,0.15433,0.20088,0.06097,0.13397,0.14522,0.16301,0.17169,0.25700,0.12512,0.25126,0.11971,0.15602,0.40928,0.05662,0.12749,0.12735,0.18615,0.12451,0.17242,0.23407,0.16948,0.47403,0.41901,0.11530,0.11805,0.09860,0.13633,0.24971,0.33877,0.08331,0.14238,0.10811,0.16265,0.42657,0.49386,0.00000,0.00000,0.16586,0.06548,0.04637,0.05611,0.00000,0.00000,0.00000,0.00000,0.03495,0.00683,0.21722,0.00137,0.00000,0.00000,0.00000,0.00000,0.00000,0.00000,0.00000,0.00000,0.00000,0.49880,0.00000,0.00000,0.00000,0.00000,0.00000,0.00000,0.05858,0.89814,0.02646,0.03789,0.00953,0.03056,0.00000,0.00000,0.00000,0.00000,0.49271,0.49993,0.00000,0.00000,0.00000,0.00000,0.00000,0.02463,0.05077,0.03347,0.04526,0.06366,0.05685,0.05391,0.00000,0.00000,0.00000,0.00000,0.03602,0.04868,0.00000,0.00000,0.00000,0.00000,0.00000,0.00000,0.00000,0.00000,0.02755,0.01999,0.00000,0.00000,0.00000,0.00000,0.02624,0.00000,0.00000,0.00000,0.00000,0.00000,0.40811,0.41313,0.00000,0.00000,0.00000,0.00000,0.00000,0.00000,0.00876,0.00562,0.05049,0.00000,0.06267,0.22298,0.00000,0.00000,0.00000,0.00000,0.00000,0.00000,0.00000,0.00000,0.00000,0.00000,0.00000,0.00000,0.00000,0.00000,0.00000,0.00000,0.00000,0.00000,0.00000,0.00000,0.00000,0.03275,0.02635,0.93947,0.94404,0.05796,0.05782,0.98005,0.96201
ORN_DM6_L,0.99242,0.99073,0.00000,0.99118,0.99218,0.99379,0.99284,0.98930,0.99249,0.99223,0.99097,0.99271,0.99346,0.99309,0.99331,0.99274,0.99372,0.98845,0.99207,0.99225,0.98973,0.99243,1.00000,0.99384,0.99188,0.99051,0.99370,0.99284,0.99200,0.99259,0.99192,0.99173,0.99148,0.99264,0.99288,0.98918,0.99159,0.99359,0.99139,0.99214,0.99119,0.98953,0.99105,0.99044,0.99108,0.98997,0.00000,0.00000,0.99344,0.99357,0.99197,0.99097,0.99092,0.99144,0.98926,0.99223,0.99110,0.99132,0.99098,0.99140,0.99252,0.98919,0.99280,0.99105,0.99231,0.99083,0.99023,0.99051,0.99166,0.98786,0.99247,0.99379,0.99202,0.98867,0.99157,0.99017,0.99413,0.98910,0.99381,0.98911,0.98828,0.99162,0.00000,0.99108,0.99033,0.99146,0.99085,0.04909,0.00000,0.00000,0.00835,0.00000,0.00000,0.07086,0.00000,0.00000,0.00000,0.00000,0.00000,0.00000,0.03070,0.00000,0.02501,0.00000,0.13463,0.34903,0.38456,0.07086,0.08503,0.00000,0.02913,0.03478,0.00000,0.04731,0.00000,0.00000,0.05669,0.00000,0.00416,0.00000,0.09883,0.12316,0.08114,0.12687,0.17174,0.00000,0.03276,0.05537,0.12358,0.09718,0.08383,0.07079,0.00000,0.03826,0.09106,0.10252,0.00000,0.05157,0.00000,0.00000,0.10471,0.00000,0.15593,0.16169,0.21160,0.03953,0.21305,0.13596,0.14597,0.13179,0.11660,0.02620,0.14281,0.06117,0.30046,0.19013,0.31316,0.31027,0.14895,0.15253,0.05526,0.17844,0.06602,0.14694,0.15311,0.19991,0.05559,0.13833,0.14990,0.16895,0.17238,0.26857,0.12363,0.25048,0.12760,0.16918,0.41215,0.05567,0.12842,0.13004,0.19507,0.13040,0.18252,0.23397,0.17582,0.47875,0.43385,0.11604,0.11777,0.09342,0.14078,0.24829,0.34796,0.08765,0.15105,0.10472,0.16129,0.42970,0.48052,0.00000,0.00000,0.16334,0.07116,0.05970,0.05577,0.00000,0.00000,0.00000,0.00000,0.02895,0.01002,0.22174,0.00134,0.00000,0.00000,0.00000,0.00317,0.00000,0.00000,0.00000,0.00000,0.00000,0.49310,0.00000,0.00000,0.00000,0.00000,0.00000,0.00000,0.06267,0.89647,0.03148,0.04283,0.01376,0.04059,0.00000,0.00000,0.00000,0.00000,0.48707,0.49509,0.00000,0.00000,0.00000,0.00000,0.00000,0.04285,0.06060,0.04074,0.05194,0.08083,0.06540,0.06377,0.00000,0.00000,0.00000,0.00000,0.04468,0.05611,0.00000,0.00000,0.00000,0.00000,0.00000,0.00000,0.00000,0.00000,0.02750,0.01957,0.00000,0.00000,0.00000,0.00000,0.03179,0.00000,0.00000,0.00709,0.00217,0.00275,0.39676,0.40932,0.00000,0.00000,0.00000,0.00000,0.00000,0.00000,0.00809,0.00550,0.05595,0.00000,0.06860,0.22079,0.00247,0.00000,0.00000,0.00000,0.00000,0.00000,0.00000,0.00000,0.00000,0.00000,0.00000,0.00000,0.00000,0.00000,0.00000,0.00000,0.00000,0.00000,0.00000,0.00000,0.00000,0.03519,0.02845,0.93781,0.94183,0.05242,0.05079,0.97977,0.95933
ORN_DM6_R,0.99237,0.99066,0.00000,0.99150,0.99358,0.99330,0.99370,0.99207,0.99242,0.99363,0.99090,0.99428,0.99386,0.99427,0.99215,0.99203,0.99429,0.99145,0.99224,0.99442,0.99356,0.99280,0.99384,1.00000,0.99218,0.98701,0.99330,0.99313,0.99428,0.99368,0.99077,0.99330,0.99297,0.99295,0.99272,0.99162,0.99414,0.99409,0.99201,0.99264,0.98887,0.99238,0.99024,0.99331,0.99255,0.99191,0.00000,0.00000,0.99304,0.99357,0.99141,0.98937,0.99251,0.99228,0.99233,0.99117,0.99121,0.99040,0.99254,0.99285,0.99256,0.99148,0.99235,0.99372,0.99175,0.99112,0.98964,0.99043,0.99124,0.99155,0.99297,0.99237,0.99280,0.99001,0.99027,0.99261,0.99428,0.99156,0.99305,0.99162,0.99044,0.99141,0.00000,0.99076,0.99165,0.99253,0.99161,0.04668,0.00000,0.00000,0.00794,0.00000,0.00568,0.07412,0.00000,0.00000,0.00000,0.00000,0.00000,0.00000,0.01946,0.00000,0.02378,0.00000,0.13476,0.33921,0.38397,0.07412,0.08086,0.00000,0.02920,0.03859,0.00000,0.04538,0.00000,0.00000,0.05390,0.00000,0.00396,0.00000,0.10113,0.12815,0.07837,0.12425,0.16757,0.00000,0.04169,0.05948,0.12607,0.08674,0.07992,0.06479,0.00000,0.02695,0.08986,0.10275,0.00000,0.04944,0.00000,0.00000,0.10481,0.00000,0.16209,0.18108,0.21050,0.03759,0.20810,0.13200,0.13792,0.14974,0.10951,0.02330,0.13522,0.05292,0.29150,0.19518,0.30583,0.31716,0.14472,0.15947,0.04743,0.17926,0.07358,0.15187,0.14658,0.19859,0.05704,0.13655,0.13604,0.16097,0.16457,0.26264,0.12697,0.26863,0.10766,0.18329,0.39341,0.04498,0.13363,0.11940,0.19008,0.11177,0.17987,0.23706,0.18252,0.47097,0.43311,0.10477,0.10648,0.08746,0.14077,0.25331,0.34756,0.07877,0.14776,0.10072,0.16309,0.41448,0.50103,0.00000,0.00000,0.16009,0.06767,0.05407,0.05255,0.00000,0.00000,0.00000,0.00000,0.02753,0.00635,0.20845,0.00095,0.00000,0.00000,0.00000,0.00301,0.00000,0.00000,0.00000,0.00000,0.00000,0.49105,0.00000,0.00000,0.00000,0.00000,0.00000,0.00000,0.05659,0.89574,0.02587,0.03787,0.01020,0.03657,0.00000,0.00000,0.00000,0.00000,0.48306,0.49140,0.00000,0.00000,0.00000,0.00000,0.00000,0.02547,0.05129,0.03354,0.04063,0.06290,0.05661,0.05291,0.00000,0.00000,0.00000,0.00000,0.03641,0.04739,0.00000,0.00000,0.00000,0.00000,0.00000,0.00000,0.00000,0.00000,0.02682,0.01908,0.00000,0.00000,0.00000,0.00000,0.02962,0.00000,0.00000,0.00674,0.00207,0.00261,0.39955,0.40832,0.00000,0.00000,0.00000,0.00000,0.00000,0.00000,0.00769,0.00523,0.05187,0.00000,0.06166,0.22167,0.00235,0.00000,0.00000,0.00000,0.00000,0.00000,0.00000,0.00000,0.00000,0.00000,0.00000,0.00000,0.00000,0.00000,0.00000,0.00000,0.00000,0.00000,0.00000,0.00000,0.00000,0.03502,0.02743,0.93647,0.93940,0.04841,0.04940,0.97968,0.96046
ORN_V_L,0.99107,0.98775,0.00000,0.99049,0.99166,0.99262,0.99231,0.99045,0.98993,0.99052,0.98623,0.99154,0.98937,0.99283,0.98778,0.98783,0.99233,0.98988,0.98927,0.98973,0.98895,0.99042,0.99188,0.99218,1.00000,0.98100,0.98991,0.98933,0.99012,0.99044,0.98965,0.99014,0.99095,0.98779,0.99358,0.99249,0.99263,0.99183,0.98889,0.98799,0.98613,0.99098,0.98500,0.99072,0.99064,0.99066,0.00000,0.00000,0.99155,0.99149,0.99062,0.98867,0.98940,0.99297,0.98806,0.98851,0.99310,0.98706,0.99031,0.99089,0.98914,0.99070,0.98893,0.98887,0.98951,0.99224,0.98732,0.98895,0.99074,0.98999,0.98869,0.99099,0.98945,0.99175,0.98639,0.99245,0.99201,0.98999,0.98870,0.99116,0.99045,0.98857,0.00000,0.98765,0.98701,0.99213,0.98978,0.04797,0.00000,0.00000,0.00192,0.00000,0.00292,0.06923,0.00000,0.00000,0.00000,0.00000,0.00000,0.00000,0.02364,0.00000,0.02647,0.00000,0.13154,0.33034,0.38826,0.06923,0.09000,0.00000,0.03539,0.03399,0.00000,0.04988,0.00000,0.00000,0.06923,0.00000,0.00406,0.00000,0.10151,0.13425,0.07834,0.12841,0.16081,0.00000,0.03695,0.05270,0.12311,0.09553,0.07902,0.06904,0.00000,0.03185,0.08934,0.10589,0.00000,0.04937,0.00000,0.00000,0.09693,0.00000,0.14894,0.17520,0.19508,0.04184,0.20552,0.12854,0.13597,0.14669,0.11253,0.02844,0.13537,0.05961,0.28084,0.19093,0.29397,0.31691,0.14975,0.16102,0.04469,0.18886,0.05627,0.16047,0.15533,0.20764,0.05616,0.13654,0.15303,0.17082,0.17789,0.27299,0.11563,0.27208,0.11662,0.18427,0.36396,0.05391,0.13566,0.13256,0.19781,0.12365,0.18662,0.23942,0.18125,0.46381,0.43342,0.11813,0.11978,0.09024,0.14397,0.24465,0.34340,0.08490,0.15367,0.11232,0.17066,0.40905,0.50719,0.00000,0.00000,0.18603,0.06910,0.05575,0.05591,0.00000,0.00000,0.00000,0.00000,0.03471,0.00979,0.20922,0.00098,0.00000,0.00000,0.00000,0.00000,0.00000,0.00000,0.00000,0.00000,0.00000,0.49396,0.00000,0.00000,0.00000,0.00000,0.00000,0.00000,0.06015,0.89157,0.03007,0.04239,0.01299,0.04384,0.00000,0.00000,0.00000,0.00000,0.48632,0.49034,0.00000,0.00000,0.00000,0.00000,0.00000,0.03663,0.05823,0.03867,0.05031,0.07633,0.06238,0.06184,0.00000,0.00000,0.00000,0.00000,0.04242,0.05399,0.00000,0.00000,0.00000,0.00000,0.00000,0.00000,0.00000,0.00000,0.02721,0.01936,0.00000,0.00000,0.00000,0.00000,0.03263,0.00000,0.00000,0.00000,0.00000,0.00000,0.40791,0.41355,0.00000,0.00000,0.00000,0.00000,0.00000,0.00000,0.00814,0.00439,0.05466,0.00000,0.06562,0.22245,0.00000,0.00000,0.00000,0.00000,0.00000,0.00000,0.00000,0.00000,0.00000,0.00000,0.00000,0.00000,0.00000,0.00000,0.00000,0.00000,0.00000,0.00000,0.00000,0.00000,0.00000,0.04285,0.02754,0.93877,0.94672,0.05016,0.04991,0.98011,0.96275
ORN_V_R,0.98628,0.98749,0.00000,0.98668,0.98592,0.98765,0.98529,0.98581,0.98948,0.98661,0.98712,0.98629,0.98905,0.98508,0.98894,0.98947,0.98792,0.98356,0.98817,0.98942,0.98805,0.98552,0.99051,0.98701,0.98100,1.00000,0.99053,0.98933,0.98679,0.98684,0.98855,0.98674,0.98592,0.99081,0.98760,0.98465,0.98447,0.98881,0.98881,0.99049,0.98939,0.98409,0.98824,0.98621,0.98576,0.98411,0.00000,0.00000,0.98771,0.98667,0.98949,0.98679,0.98712,0.98375,0.98803,0.98803,0.98454,0.98521,0.98181,0.98784,0.98836,0.98335,0.98791,0.98568,0.98611,0.98474,0.98848,0.98499,0.98521,0.98005,0.98724,0.98783,0.98931,0.98193,0.98845,0.98443,0.98867,0.98357,0.99170,0.98289,0.98297,0.98655,0.00000,0.98886,0.98852,0.98587,0.98681,0.05097,0.00000,0.00000,0.00895,0.00000,0.00573,0.07470,0.00000,0.00000,0.00000,0.00000,0.00000,0.00000,0.02586,0.00000,0.02996,0.00000,0.14261,0.33878,0.38700,0.07470,0.06112,0.00000,0.02792,0.03334,0.00000,0.05131,0.00000,0.00000,0.05433,0.00000,0.00471,0.00000,0.09354,0.11620,0.07654,0.13324,0.17017,0.00000,0.03187,0.05460,0.12839,0.07685,0.07832,0.06072,0.00000,0.03463,0.08800,0.08516,0.00000,0.05341,0.00000,0.00000,0.10036,0.00000,0.16724,0.16488,0.22298,0.04735,0.23814,0.14265,0.13160,0.14506,0.14262,0.02836,0.16823,0.06614,0.32664,0.19355,0.33255,0.31133,0.15378,0.15289,0.06883,0.18542,0.07991,0.16797,0.14815,0.20276,0.03913,0.15352,0.14633,0.17580,0.16819,0.26649,0.11801,0.25700,0.10431,0.17303,0.43212,0.04248,0.13126,0.11297,0.19423,0.13108,0.18735,0.24056,0.16328,0.47418,0.42903,0.10788,0.12647,0.10128,0.14310,0.25499,0.33671,0.09026,0.15351,0.08849,0.15305,0.42076,0.47097,0.00000,0.00000,0.17575,0.10209,0.05882,0.05141,0.00000,0.00000,0.00000,0.00000,0.04666,0.00640,0.24365,0.00064,0.00000,0.00000,0.00000,0.00000,0.00000,0.00000,0.00000,0.00000,0.00000,0.47571,0.00000,0.00000,0.00000,0.00000,0.00000,0.00000,0.06328,0.89280,0.03245,0.04499,0.01498,0.04709,0.00000,0.00000,0.00000,0.00000,0.47283,0.48708,0.00000,0.00000,0.00000,0.00000,0.00000,0.05134,0.06303,0.04327,0.05560,0.08634,0.06880,0.06777,0.00000,0.00000,0.00000,0.00000,0.04782,0.05879,0.00000,0.00000,0.00000,0.00000,0.00000,0.00000,0.00000,0.00000,0.02568,0.01827,0.00000,0.00000,0.00000,0.00000,0.03447,0.00000,0.00000,0.00000,0.00000,0.00000,0.38394,0.40384,0.00000,0.00000,0.00000,0.00000,0.00000,0.00000,0.00846,0.00575,0.05943,0.00000,0.07072,0.21821,0.00000,0.00000,0.00000,0.00000,0.00000,0.00000,0.00000,0.00000,0.00000,0.00000,0.00000,0.00000,0.00000,0.00000,0.00000,0.00000,0.00000,0.00000,0.00000,0.00000,0.00000,0.03373,0.02892,0.93728,0.93937,0.06574,0.06982,0.97298,0.95433
ORN_VA1d_L,0.99195,0.98783,0.00000,0.99165,0.99309,0.99282,0.99255,0.99209,0.99241,0.99254,0.99218,0.99197,0.99324,0.99315,0.99259,0.99185,0.99403,0.99207,0.99479,0.99598,0.99267,0.99189,0.99370,0.99330,0.98991,0.99053,1.00000,0.99235,0.99262,0.99100,0.99242,0.99341,0.99333,0.99371,0.99225,0.98982,0.99222,0.99354,0.99225,0.99334,0.99082,0.99200,0.99187,0.99320,0.99198,0.99226,0.00000,0.00000,0.99315,0.99244,0.99398,0.99125,0.99351,0.99017,0.99233,0.99135,0.99050,0.98984,0.99024,0.99352,0.99145,0.99161,0.99119,0.99252,0.99266,0.99112,0.98896,0.99158,0.98969,0.99006,0.98990,0.99173,0.99357,0.98903,0.99053,0.99103,0.99261,0.99034,0.99383,0.99111,0.99060,0.99159,0.00000,0.99190,0.99358,0.99273,0.99370,0.04367,0.00000,0.00000,0.00572,0.00000,0.00580,0.07564,0.00000,0.00000,0.00000,0.00000,0.00000,0.00000,0.04605,0.00000,0.02629,0.00000,0.13752,0.33968,0.39806,0.07564,0.07564,0.00000,0.02903,0.03938,0.00000,0.04833,0.00000,0.00000,0.05501,0.00000,0.00404,0.00000,0.09936,0.14332,0.06758,0.12827,0.17187,0.00000,0.03764,0.06070,0.12967,0.10269,0.07336,0.08236,0.00000,0.05638,0.07982,0.11275,0.00000,0.05650,0.00000,0.00000,0.09627,0.00000,0.15738,0.16732,0.20408,0.04155,0.23072,0.13773,0.13564,0.14658,0.13107,0.02495,0.15365,0.05657,0.31621,0.19712,0.32194,0.31951,0.13816,0.15122,0.05041,0.19221,0.07462,0.16253,0.14517,0.20309,0.05547,0.14584,0.13758,0.16670,0.16241,0.26237,0.11084,0.26802,0.10851,0.17309,0.41087,0.04578,0.13318,0.11838,0.19253,0.11650,0.18181,0.24178,0.17542,0.49103,0.44784,0.11222,0.11628,0.10414,0.14456,0.26336,0.36788,0.07793,0.15024,0.09832,0.16509,0.42089,0.50893,0.00000,0.00000,0.15851,0.08964,0.05841,0.06544,0.00000,0.00000,0.00000,0.00000,0.04214,0.01297,0.22552,0.00097,0.00000,0.00000,0.00000,0.00000,0.00000,0.00000,0.00000,0.00000,0.00000,0.48482,0.00000,0.00000,0.00000,0.00000,0.00000,0.00000,0.05709,0.89469,0.02721,0.03931,0.01109,0.03939,0.00000,0.00000,0.00000,0.00000,0.47875,0.48874,0.00000,0.00000,0.00000,0.00000,0.00000,0.02729,0.05348,0.03535,0.04539,0.06770,0.05894,0.05631,0.00000,0.00000,0.00000,0.00000,0.03920,0.05011,0.00000,0.00000,0.00000,0.00000,0.00000,0.00000,0.00000,0.00000,0.02600,0.01850,0.00000,0.00000,0.00000,0.00000,0.03085,0.00000,0.00000,0.00000,0.00000,0.00000,0.39322,0.40340,0.00000,0.00000,0.00000,0.00000,0.00000,0.00000,0.00785,0.00534,0.05112,0.00000,0.06256,0.21953,0.00000,0.00000,0.00000,0.00000,0.00000,0.00000,0.00000,0.00000,0.00000,0.00000,0.00000,0.00000,0.00000,0.00000,0.00000,0.00000,0.00000,0.00000,0.00000,0.00000,0.00000,0.04150,0.02541,0.93801,0.94304,0.05924,0.06253,0.98080,0.96142
ORN_VA1d_R,0.98948,0.98902,0.00000,0.98868,0.98965,0.99243,0.99106,0.98840,0.99155,0.99289,0.98954,0.99236,0.99297,0.99245,0.99188,0.99197,0.99156,0.98979,0.99218,0.99331,0.99145,0.99229,0.99284,0.99313,0.98933,0.98933,0.99235,1.00000,0.99219,0.99155,0.98948,0.99179,0.99105,0.99348,0.99117,0.98880,0.99251,0.99323,0.99094,0.99336,0.98983,0.99059,0.99003,0.99074,0.99097,0.99174,0.00000,0.00000,0.99208,0.99227,0.99153,0.98953,0.99080,0.99153,0.99190,0.99069,0.98845,0.98792,0.98979,0.99108,0.99242,0.99024,0.99251,0.99183,0.98983,0.98875,0.98998,0.98992,0.99017,0.98941,0.99184,0.99063,0.99297,0.98683,0.99058,0.98997,0.99179,0.98918,0.99193,0.98871,0.98819,0.99209,0.00000,0.99004,0.99034,0.99010,0.99055,0.04724,0.00000,0.00000,0.01040,0.00000,0.00575,0.07500,0.00000,0.00000,0.00000,0.00000,0.00000,0.00000,0.02328,0.00000,0.02607,0.00000,0.12273,0.33585,0.36799,0.07500,0.08182,0.00000,0.02879,0.03905,0.00000,0.04872,0.00000,0.00000,0.05455,0.00000,0.00437,0.00000,0.09484,0.12139,0.07593,0.12135,0.16354,0.00000,0.04141,0.05973,0.12291,0.09208,0.07599,0.06851,0.00000,0.03341,0.08468,0.09959,0.00000,0.04622,0.00000,0.00000,0.10606,0.00000,0.17269,0.17771,0.21489,0.04120,0.20940,0.13899,0.13778,0.13035,0.11043,0.02579,0.13698,0.05998,0.28513,0.20217,0.29982,0.32342,0.14690,0.14842,0.05616,0.17466,0.07602,0.15491,0.15072,0.19925,0.06498,0.13385,0.14626,0.16633,0.17187,0.26368,0.12563,0.25163,0.11595,0.16988,0.38909,0.05810,0.13408,0.12630,0.19175,0.13772,0.18657,0.22070,0.17023,0.45634,0.42175,0.10363,0.10998,0.09240,0.13686,0.23208,0.34045,0.09430,0.15019,0.09831,0.15473,0.40743,0.49645,0.00000,0.00000,0.16296,0.07571,0.05321,0.05645,0.00000,0.00000,0.00000,0.00000,0.02786,0.00964,0.21435,0.00129,0.00000,0.00000,0.00000,0.00000,0.00000,0.00000,0.00000,0.00000,0.00000,0.47449,0.00000,0.00000,0.00000,0.00000,0.00000,0.00000,0.05903,0.89347,0.02721,0.03911,0.01100,0.03700,0.00000,0.00000,0.00000,0.00000,0.47110,0.48062,0.00000,0.00000,0.00000,0.00000,0.00000,0.02964,0.05391,0.03546,0.04479,0.06800,0.05903,0.05653,0.00000,0.00000,0.00000,0.00000,0.03895,0.05024,0.00000,0.00000,0.00000,0.00000,0.00000,0.00000,0.00000,0.00000,0.02680,0.01907,0.00000,0.00000,0.00000,0.00000,0.03028,0.00000,0.00000,0.00000,0.00000,0.00000,0.38622,0.39524,0.00000,0.00000,0.00000,0.00000,0.00000,0.00000,0.00755,0.00529,0.05249,0.00000,0.06450,0.21769,0.00000,0.00000,0.00000,0.00000,0.00000,0.00000,0.00000,0.00000,0.00000,0.00000,0.00000,0.00000,0.00000,0.00000,0.00000,0.00000,0.00000,0.00000,0.00000,0.00000,0.00000,0.04023,0.02462,0.93931,0.94077,0.05252,0.04804,0.97732,0.95737
ORN_VA1v_L,0.99202,0.99114,0.00000,0.99245,0.99099,0.99308,0.99292,0.99088,0.99092,0.99117,0.99096,0.99277,0.99199,0.99195,0.99020,0.99218,0.99293,0.99038,0.99134,0.99283,0.99298,0.99153,0.99200,0.99428,0.99012,0.98679,0.99262,0.99219,1.00000,0.99136,0.99031,0.99120,0.99326,0.99104,0.99136,0.99083,0.99218,0.99427,0.99279,0.99127,0.98863,0.99116,0.98742,0.99280,0.98924,0.99167,0.00000,0.00000,0.99268,0.99235,0.99343,0.98800,0.99181,0.99187,0.99094,0.99110,0.98978,0.99032,0.99360,0.99265,0.99152,0.98998,0.99093,0.99296,0.99161,0.99166,0.98790,0.99237,0.99061,0.99062,0.98944,0.99082,0.99117,0.99097,0.98900,0.99240,0.99310,0.98946,0.99249,0.98965,0.99103,0.98835,0.00000,0.98930,0.99091,0.99144,0.99008,0.04493,0.00000,0.00000,0.01815,0.00000,0.00895,0.07783,0.00000,0.00000,0.00000,0.00000,0.00000,0.00000,0.00372,0.00000,0.02497,0.00000,0.13443,0.33537,0.37973,0.07783,0.07783,0.00000,0.02987,0.04052,0.00000,0.04683,0.00000,0.00000,0.05660,0.00000,0.00378,0.00000,0.09937,0.11509,0.06124,0.12516,0.15899,0.00000,0.04362,0.06293,0.12824,0.07203,0.06937,0.05053,0.00000,0.01274,0.07641,0.08092,0.00000,0.04568,0.00000,0.00000,0.08805,0.00000,0.15698,0.17867,0.20197,0.03947,0.20868,0.13007,0.13649,0.14747,0.12862,0.02616,0.15066,0.05945,0.29413,0.18838,0.31168,0.30529,0.13857,0.15915,0.04733,0.18193,0.06803,0.15623,0.14930,0.20486,0.05112,0.14364,0.13603,0.16662,0.15890,0.26795,0.12212,0.26758,0.10097,0.18762,0.40375,0.04785,0.14926,0.12223,0.19749,0.11296,0.18574,0.22317,0.16214,0.44718,0.41130,0.12013,0.12687,0.09203,0.13690,0.23179,0.32671,0.08206,0.15403,0.10486,0.16715,0.39953,0.49338,0.00000,0.00000,0.16410,0.07856,0.05345,0.04098,0.00000,0.00000,0.00000,0.00000,0.03416,0.00334,0.21635,0.00133,0.00000,0.00000,0.00000,0.00316,0.00000,0.00000,0.00000,0.00000,0.00000,0.49345,0.00000,0.00000,0.00000,0.00000,0.00000,0.00000,0.05547,0.89641,0.02669,0.03949,0.01141,0.03840,0.00000,0.00000,0.00000,0.00000,0.48614,0.49317,0.00000,0.00000,0.00000,0.00000,0.00000,0.03075,0.05286,0.03491,0.04401,0.06741,0.05798,0.05579,0.00000,0.00000,0.00000,0.00000,0.03848,0.04938,0.00000,0.00000,0.00000,0.00000,0.00000,0.00000,0.00000,0.00000,0.02710,0.01929,0.00000,0.00000,0.00000,0.00000,0.03078,0.00000,0.00000,0.00708,0.00217,0.00275,0.40154,0.41108,0.00000,0.00000,0.00000,0.00000,0.00000,0.00000,0.00734,0.00549,0.04981,0.00000,0.06031,0.22118,0.00246,0.00000,0.00000,0.00000,0.00000,0.00000,0.00000,0.00000,0.00000,0.00000,0.00000,0.00000,0.00000,0.00000,0.00000,0.00000,0.00000,0.00000,0.00000,0.00000,0.00000,0.03888,0.02588,0.93722,0.94051,0.05729,0.06086,0.97839,0.96052
ORN_VA1v_R,0.99319,0.99377,0.00000,0.99326,0.99189,0.99382,0.99270,0.99192,0.99305,0.99393,0.99141,0.99226,0.99276,0.99346,0.98942,0.99357,0.99298,0.98999,0.99051,0.99235,0.99123,0.99245,0.99259,0.99368,0.99044,0.98684,0.99100,0.99155,0.99136,1.00000,0.99173,0.99308,0.99411,0.99239,0.99103,0.99096,0.99258,0.99330,0.99346,0.99253,0.98948,0.99164,0.98938,0.99278,0.99253,0.99123,0.00000,0.00000,0.99320,0.99366,0.99322,0.99128,0.99053,0.99374,0.99153,0.99420,0.99217,0.99026,0.99134,0.99310,0.99336,0.99289,0.99211,0.99311,0.99095,0.99042,0.99216,0.99114,0.99188,0.99223,0.99367,0.99325,0.99065,0.99129,0.99154,0.99126,0.99425,0.99376,0.99275,0.99187,0.99102,0.99204,0.00000,0.99165,0.99166,0.99169,0.99248,0.05114,0.00000,0.00000,0.01134,0.00000,0.00575,0.06813,0.00000,0.00000,0.00000,0.00000,0.00000,0.00000,0.00984,0.00000,0.02404,0.00000,0.12945,0.31632,0.37592,0.06813,0.07494,0.00000,0.02574,0.03345,0.00000,0.04469,0.00000,0.00000,0.04769,0.00000,0.00473,0.00000,0.10199,0.11312,0.08078,0.12052,0.15911,0.00000,0.04184,0.05324,0.12049,0.07252,0.08182,0.04981,0.00000,0.01567,0.09160,0.07948,0.00000,0.04559,0.00000,0.00000,0.10068,0.00000,0.14992,0.16947,0.20408,0.03801,0.22511,0.13914,0.13589,0.14406,0.13075,0.02811,0.15370,0.06210,0.30926,0.20484,0.31010,0.33458,0.15416,0.15655,0.05134,0.18109,0.06114,0.15490,0.15829,0.20658,0.05858,0.14511,0.14864,0.17226,0.18105,0.27116,0.12109,0.25412,0.12480,0.17475,0.39809,0.05364,0.13451,0.13208,0.19885,0.13029,0.18470,0.25020,0.17589,0.46308,0.42709,0.11702,0.12165,0.08834,0.14570,0.25302,0.34693,0.09394,0.15400,0.10861,0.17082,0.41656,0.49099,0.00000,0.00000,0.17054,0.08202,0.05722,0.04347,0.00000,0.00000,0.00000,0.00000,0.03795,0.00321,0.21711,0.00096,0.00000,0.00000,0.00000,0.00000,0.00000,0.00000,0.00000,0.00000,0.00000,0.49704,0.00000,0.00000,0.00000,0.00000,0.00000,0.00000,0.05435,0.89611,0.02616,0.03776,0.01076,0.03287,0.00000,0.00000,0.00000,0.00000,0.49064,0.50222,0.00000,0.00000,0.00000,0.00000,0.00000,0.03090,0.05138,0.03382,0.04259,0.06556,0.05641,0.05327,0.00000,0.00000,0.00000,0.00000,0.03689,0.04801,0.00000,0.00000,0.00000,0.00000,0.00000,0.00000,0.00000,0.00000,0.02847,0.02026,0.00000,0.00000,0.00000,0.00000,0.02809,0.00000,0.00000,0.00000,0.00000,0.00000,0.41063,0.41627,0.00000,0.00000,0.00000,0.00000,0.00000,0.00000,0.00730,0.00577,0.04976,0.00000,0.05898,0.22553,0.00000,0.00000,0.00000,0.00000,0.00000,0.00000,0.00000,0.00000,0.00000,0.00000,0.00000,0.00000,0.00000,0.00000,0.00000,0.00000,0.00000,0.00000,0.00000,0.00000,0.00000,0.04079,0.03100,0.94172,0.94587,0.05932,0.06447,0.98193,0.96618
ORN_VA2_L,0.99196,0.99196,0.00000,0.99297,0.99314,0.99473,0.99124,0.99265,0.99393,0.99204,0.99070,0.99077,0.99257,0.99363,0.99196,0.99312,0.99336,0.99134,0.99242,0.99354,0.98955,0.99180,0.99192,0.99077,0.98965,0.98855,0.99242,0.98948,0.99031,0.99173,1.00000,0.99398,0.99278,0.99192,0.99169,0.98782,0.98989,0.99225,0.99224,0.99410,0.99222,0.99090,0.99104,0.99139,0.99334,0.99116,0.00000,0.00000,0.99213,0.99325,0.99363,0.99151,0.99186,0.99175,0.98891,0.99238,0.99088,0.99045,0.99051,0.99318,0.99170,0.99108,0.99332,0.99223,0.99243,0.99112,0.99100,0.98992,0.99188,0.98916,0.99061,0.99232,0.99224,0.98916,0.99158,0.99144,0.99393,0.99040,0.99246,0.99160,0.99034,0.99178,0.00000,0.99267,0.99239,0.99274,0.99206,0.04991,0.00000,0.00000,0.01245,0.00000,0.00561,0.07314,0.00000,0.00000,0.00000,0.00000,0.00000,0.00000,0.03842,0.00000,0.02542,0.00000,0.12634,0.32201,0.38092,0.07314,0.08644,0.00000,0.02807,0.03808,0.00000,0.04829,0.00000,0.00000,0.05319,0.00000,0.00461,0.00000,0.10480,0.14601,0.07314,0.12333,0.16158,0.00000,0.03564,0.05780,0.12409,0.10294,0.07946,0.08027,0.00000,0.04920,0.08365,0.11209,0.00000,0.05132,0.00000,0.00000,0.09826,0.00000,0.15633,0.17294,0.21038,0.04018,0.23091,0.14330,0.13755,0.14289,0.14734,0.02800,0.16736,0.06862,0.31696,0.19592,0.32846,0.31976,0.16596,0.17037,0.06526,0.19565,0.07566,0.16566,0.16783,0.21962,0.06395,0.15779,0.15911,0.18437,0.18945,0.27957,0.12685,0.26968,0.11637,0.17023,0.41694,0.05265,0.13160,0.13129,0.19960,0.13287,0.18620,0.24964,0.16910,0.48378,0.42803,0.13835,0.13597,0.11528,0.15229,0.25422,0.33242,0.09395,0.16128,0.11246,0.17136,0.42559,0.48894,0.00000,0.00000,0.17584,0.08669,0.06044,0.06672,0.00000,0.00000,0.00000,0.00000,0.04445,0.01254,0.23522,0.00188,0.00000,0.00000,0.00000,0.00297,0.00000,0.00000,0.00000,0.00000,0.00000,0.50187,0.00000,0.00000,0.00000,0.00000,0.00000,0.00000,0.05533,0.89424,0.02731,0.03904,0.01072,0.03809,0.00000,0.00000,0.00000,0.00000,0.49672,0.50508,0.00000,0.00000,0.00000,0.00000,0.00000,0.03393,0.05280,0.03488,0.04452,0.06822,0.05765,0.05603,0.00000,0.00000,0.00000,0.00000,0.03766,0.04909,0.00000,0.00000,0.00000,0.00000,0.00000,0.00000,0.00000,0.00000,0.02680,0.01907,0.00000,0.00000,0.00000,0.00000,0.02953,0.00000,0.00000,0.00665,0.00204,0.00258,0.41913,0.42511,0.00000,0.00000,0.00000,0.00000,0.00000,0.00000,0.00805,0.00563,0.04944,0.00000,0.06020,0.22726,0.00231,0.00000,0.00000,0.00000,0.00000,0.00000,0.00000,0.00000,0.00000,0.00000,0.00000,0.00000,0.00000,0.00000,0.00000,0.00000,0.00000,0.00000,0.00000,0.00000,0.00000,0.04153,0.02907,0.94075,0.94497,0.06862,0.07681,0.98120,0.96443
ORN_VA2_R,0.99115,0.98953,0.00000,0.99368,0.99443,0.99460,0.99292,0.99237,0.99301,0.99444,0.99201,0.99205,0.99355,0.99416,0.99210,0.99323,0.99491,0.99298,0.99347,0.99529,0.99191,0.99473,0.99173,0.99330,0.99014,0.98674,0.99341,0.99179,0.99120,0.99308,0.99398,1.00000,0.99458,0.99315,0.99165,0.98811,0.99118,0.99273,0.99320,0.99375,0.99076,0.99271,0.99206,0.99413,0.99409,0.99167,0.00000,0.00000,0.99261,0.99447,0.99375,0.98996,0.99300,0.99268,0.99164,0.99222,0.99015,0.98938,0.99087,0.99478,0.99262,0.99191,0.99295,0.99344,0.99214,0.99058,0.98947,0.99147,0.99306,0.99165,0.99276,0.99201,0.99318,0.99014,0.99148,0.99223,0.99305,0.99373,0.99219,0.99360,0.99106,0.99251,0.00000,0.99139,0.99448,0.99268,0.99223,0.04202,0.00000,0.00000,0.01239,0.00000,0.00837,0.08602,0.00000,0.00000,0.00000,0.00000,0.00000,0.00000,0.03475,0.00000,0.02530,0.00000,0.13234,0.32612,0.37507,0.08602,0.09264,0.00000,0.02794,0.03790,0.00000,0.04883,0.00000,0.00000,0.05293,0.00000,0.00424,0.00000,0.10289,0.12998,0.08591,0.12769,0.16456,0.00000,0.03607,0.05811,0.13318,0.10467,0.08124,0.07578,0.00000,0.04301,0.09646,0.10637,0.00000,0.05224,0.00000,0.00000,0.09778,0.00000,0.16123,0.16817,0.20753,0.03999,0.23531,0.14096,0.14006,0.14591,0.13627,0.02514,0.15844,0.05560,0.31245,0.19359,0.32696,0.32026,0.15072,0.15636,0.05335,0.19150,0.07377,0.16366,0.15558,0.20921,0.06042,0.14958,0.14298,0.16940,0.17592,0.26628,0.12685,0.26821,0.12063,0.16842,0.41083,0.05123,0.13808,0.12511,0.19394,0.12360,0.18162,0.25184,0.17063,0.48075,0.43028,0.10353,0.10856,0.10283,0.15251,0.26112,0.35128,0.08339,0.15227,0.10734,0.17265,0.42086,0.49851,0.00000,0.00000,0.16376,0.07306,0.06335,0.05805,0.00000,0.00000,0.00000,0.00000,0.04178,0.00936,0.22697,0.00187,0.00000,0.00000,0.00000,0.00000,0.00000,0.00000,0.00000,0.00000,0.00000,0.49943,0.00000,0.00000,0.00000,0.00000,0.00000,0.00000,0.05195,0.89699,0.02252,0.03335,0.00784,0.02594,0.00000,0.00000,0.00000,0.00000,0.49489,0.50280,0.00000,0.00000,0.00000,0.00000,0.00000,0.01751,0.04485,0.02853,0.03570,0.05461,0.05035,0.04581,0.00000,0.00000,0.00000,0.00000,0.03096,0.04219,0.00000,0.00000,0.00000,0.00000,0.00000,0.00000,0.00000,0.00000,0.02765,0.01968,0.00000,0.00000,0.00000,0.00000,0.02459,0.00000,0.00000,0.00000,0.00000,0.00000,0.41350,0.41929,0.00000,0.00000,0.00000,0.00000,0.00000,0.00000,0.00732,0.00560,0.04571,0.00000,0.05518,0.22547,0.00000,0.00000,0.00000,0.00000,0.00000,0.00000,0.00000,0.00000,0.00000,0.00000,0.00000,0.00000,0.00000,0.00000,0.00000,0.00000,0.00000,0.00000,0.00000,0.00000,0.00000,0.03910,0.02830,0.93762,0.94404,0.06124,0.06993,0.98344,0.96420
ORN_VA6_L,0.99392,0.99198,0.00000,0.99461,0.99418,0.99472,0.99322,0.99475,0.99269,0.99461,0.99243,0.99355,0.99279,0.99435,0.98959,0.99393,0.99312,0.99292,0.99404,0.99506,0.99201,0.99485,0.99148,0.99297,0.99095,0.98592,0.99333,0.99105,0.99326,0.99411,0.99278,0.99458,1.00000,0.99280,0.99180,0.99123,0.99281,0.99323,0.99373,0.99294,0.98977,0.99403,0.99093,0.99439,0.99283,0.99403,0.00000,0.00000,0.99441,0.99348,0.99404,0.99110,0.99302,0.99347,0.99309,0.99305,0.99279,0.98981,0.99221,0.99445,0.99268,0.99428,0.99071,0.99509,0.99296,0.99227,0.98982,0.99363,0.99338,0.99419,0.99110,0.99153,0.99266,0.99374,0.99164,0.99315,0.99401,0.99494,0.99177,0.99397,0.99249,0.99174,0.00000,0.99261,0.99459,0.99199,0.99371,0.04983,0.00000,0.00000,0.00783,0.00000,0.00280,0.07968,0.00000,0.00000,0.00000,0.00000,0.00000,0.00000,0.02528,0.00000,0.02538,0.00000,0.12615,0.31643,0.38638,0.07968,0.08632,0.00000,0.02508,0.03803,0.00000,0.04822,0.00000,0.00000,0.04648,0.00000,0.00390,0.00000,0.10298,0.12639,0.07753,0.12315,0.15465,0.00000,0.03559,0.05637,0.12910,0.09050,0.07895,0.06547,0.00000,0.03386,0.08999,0.09698,0.00000,0.04794,0.00000,0.00000,0.09296,0.00000,0.15007,0.17162,0.20316,0.04013,0.22441,0.13579,0.13852,0.14699,0.13578,0.02750,0.15543,0.06306,0.31038,0.20307,0.31975,0.33537,0.14979,0.15838,0.05023,0.19185,0.06202,0.16118,0.15358,0.20880,0.05857,0.15443,0.14509,0.17344,0.17855,0.26755,0.11739,0.27438,0.11324,0.16949,0.40698,0.05094,0.13299,0.12316,0.19475,0.11957,0.18280,0.25144,0.17672,0.46514,0.42897,0.12111,0.12767,0.10427,0.14959,0.23932,0.34633,0.08417,0.15404,0.10496,0.16877,0.41320,0.51476,0.00000,0.00000,0.16620,0.07289,0.05521,0.05194,0.00000,0.00000,0.00000,0.00000,0.04809,0.00626,0.21872,0.00219,0.00000,0.00000,0.00000,0.00000,0.00000,0.00000,0.00000,0.00000,0.00000,0.50521,0.00000,0.00000,0.00000,0.00000,0.00000,0.00000,0.05601,0.89527,0.02627,0.03821,0.01027,0.03203,0.00000,0.00000,0.00000,0.00000,0.49993,0.51013,0.00000,0.00000,0.00000,0.00000,0.00000,0.02886,0.05078,0.03374,0.04425,0.06431,0.05675,0.05371,0.00000,0.00000,0.00000,0.00000,0.03698,0.04857,0.00000,0.00000,0.00000,0.00000,0.00000,0.00000,0.00000,0.00000,0.02890,0.02092,0.00000,0.00000,0.00000,0.00000,0.02738,0.00000,0.00000,0.00000,0.00000,0.00000,0.41889,0.42273,0.00000,0.00000,0.00000,0.00000,0.00000,0.00000,0.00827,0.00515,0.04937,0.00000,0.06053,0.22965,0.00000,0.00000,0.00000,0.00000,0.00000,0.00000,0.00000,0.00000,0.00000,0.00000,0.00000,0.00000,0.00000,0.00000,0.00000,0.00000,0.00000,0.00000,0.00000,0.00000,0.00000,0.04160,0.02846,0.93988,0.94694,0.06327,0.07099,0.98136,0.96831
ORN_VA6_R,0.99191,0.99013,0.00000,0.99086,0.99323,0.99299,0.99127,0.99178,0.99274,0.99324,0.99258,0.99156,0.99304,0.99283,0.99463,0.99434,0.99174,0.98965,0.99275,0.99363,0.99109,0.99296,0.99264,0.99295,0.98779,0.99081,0.99371,0.99348,0.99104,0.99239,0.99192,0.99315,0.99280,1.00000,0.99065,0.98675,0.99304,0.99241,0.99310,0.99532,0.99304,0.99099,0.99460,0.99139,0.99252,0.99082,0.00000,0.00000,0.99324,0.99258,0.99238,0.99319,0.99368,0.99142,0.99324,0.99338,0.98877,0.99244,0.99055,0.99167,0.99349,0.99042,0.99073,0.99238,0.99248,0.98957,0.99238,0.99069,0.99223,0.98874,0.99298,0.99325,0.99435,0.98765,0.99435,0.99002,0.99345,0.98996,0.99308,0.98979,0.98894,0.99295,0.00000,0.99475,0.99265,0.99101,0.99121,0.04438,0.00000,0.00000,0.00533,0.00000,0.00270,0.07046,0.00000,0.00000,0.00000,0.00000,0.00000,0.00000,0.02776,0.00000,0.02449,0.00000,0.12170,0.33016,0.36889,0.07046,0.09608,0.00000,0.03060,0.03669,0.00000,0.04802,0.00000,0.00000,0.05765,0.00000,0.00444,0.00000,0.09651,0.13968,0.07624,0.12155,0.16213,0.00000,0.03993,0.05467,0.11923,0.10348,0.07158,0.07444,0.00000,0.03651,0.08439,0.11210,0.00000,0.04737,0.00000,0.00000,0.09964,0.00000,0.16539,0.17942,0.21463,0.03871,0.22306,0.14111,0.14761,0.13987,0.12265,0.02796,0.14458,0.06175,0.30950,0.20394,0.31723,0.31845,0.15370,0.15601,0.05445,0.17582,0.07200,0.15392,0.14736,0.19623,0.06445,0.13609,0.14298,0.16249,0.17468,0.25953,0.12623,0.25632,0.12193,0.16461,0.42734,0.05318,0.12172,0.12150,0.18181,0.12648,0.17325,0.24049,0.18124,0.46900,0.42570,0.11253,0.11381,0.09754,0.14277,0.24285,0.34852,0.08769,0.14423,0.09760,0.15286,0.42844,0.49543,0.00000,0.00000,0.15400,0.07672,0.04998,0.05889,0.00000,0.00000,0.00000,0.00000,0.03331,0.00906,0.21559,0.00091,0.00000,0.00000,0.00000,0.00000,0.00000,0.00000,0.00000,0.00000,0.00000,0.48592,0.00000,0.00000,0.00000,0.00000,0.00000,0.00000,0.06443,0.89881,0.03018,0.04342,0.01202,0.04056,0.00000,0.00000,0.00000,0.00000,0.48305,0.49052,0.00000,0.00000,0.00000,0.00000,0.00000,0.03511,0.05847,0.03929,0.05285,0.07572,0.06598,0.06295,0.00000,0.00000,0.00000,0.00000,0.04343,0.05623,0.00000,0.00000,0.00000,0.00000,0.00000,0.00000,0.00000,0.00000,0.02757,0.01995,0.00000,0.00000,0.00000,0.00000,0.03193,0.00000,0.00000,0.00000,0.00000,0.00000,0.39475,0.40333,0.00000,0.00000,0.00000,0.00000,0.00000,0.00000,0.00953,0.00633,0.05732,0.00000,0.07009,0.21532,0.00000,0.00000,0.00000,0.00000,0.00000,0.00000,0.00000,0.00000,0.00000,0.00000,0.00000,0.00000,0.00000,0.00000,0.00000,0.00000,0.00000,0.00000,0.00000,0.00000,0.00000,0.03952,0.02668,0.93842,0.94098,0.05714,0.05877,0.98057,0.96058
ORN_VL1_L,0.99136,0.98941,0.00000,0.99032,0.99175,0.99314,0.99305,0.99098,0.99363,0.99211,0.98705,0.99118,0.99116,0.99326,0.98986,0.98946,0.99307,0.99162,0.99039,0.99357,0.99170,0.99127,0.99288,0.99272,0.99358,0.98760,0.99225,0.99117,0.99136,0.99103,0.99169,0.99165,0.99180,0.99065,1.00000,0.99301,0.99275,0.99323,0.98916,0.99195,0.98759,0.99338,0.98752,0.99206,0.99268,0.99250,0.00000,0.00000,0.99249,0.99369,0.99105,0.98995,0.99177,0.99164,0.99018,0.98976,0.99211,0.98755,0.98843,0.99235,0.99127,0.99050,0.99068,0.99092,0.98982,0.99285,0.98859,0.98847,0.99093,0.99060,0.99110,0.99121,0.99127,0.99108,0.98846,0.99196,0.99242,0.99011,0.99033,0.99151,0.99200,0.98930,0.00000,0.98928,0.99104,0.99140,0.99228,0.04183,0.00000,0.00000,0.00603,0.00000,0.00305,0.07969,0.00000,0.00000,0.00000,0.00000,0.00000,0.00000,0.02093,0.00000,0.02557,0.00000,0.13041,0.34072,0.38446,0.07969,0.07245,0.00000,0.02737,0.04149,0.00000,0.04710,0.00000,0.00000,0.05071,0.00000,0.00387,0.00000,0.11153,0.13069,0.09243,0.12272,0.17606,0.00000,0.03966,0.06053,0.12919,0.08565,0.07945,0.06682,0.00000,0.03115,0.09897,0.09750,0.00000,0.04848,0.00000,0.00000,0.09016,0.00000,0.14871,0.17120,0.19216,0.04041,0.21342,0.14296,0.13185,0.14319,0.11754,0.03013,0.14571,0.06730,0.28971,0.20055,0.30221,0.32237,0.16772,0.17416,0.06010,0.18367,0.05838,0.15475,0.15498,0.20511,0.04945,0.13959,0.15352,0.17559,0.18412,0.27582,0.11509,0.26612,0.11630,0.17688,0.37480,0.04747,0.12795,0.12596,0.19573,0.12954,0.18677,0.24086,0.18398,0.47627,0.44251,0.12118,0.12680,0.09275,0.14865,0.26047,0.35053,0.08914,0.15586,0.10497,0.16441,0.40779,0.49802,0.00000,0.00000,0.16701,0.09400,0.05784,0.05398,0.00000,0.00000,0.00000,0.00000,0.03363,0.01025,0.21842,0.00546,0.00000,0.00000,0.00000,0.00000,0.00000,0.00000,0.00000,0.00000,0.00000,0.48533,0.00000,0.00000,0.00000,0.00000,0.00000,0.00000,0.06054,0.89429,0.03171,0.04324,0.01407,0.04150,0.00000,0.00000,0.00000,0.00000,0.48388,0.49360,0.00000,0.00000,0.00000,0.00000,0.00000,0.04792,0.06077,0.04090,0.05449,0.08403,0.06484,0.06582,0.00000,0.00000,0.00000,0.00000,0.04465,0.05601,0.00000,0.00000,0.00000,0.00000,0.00000,0.00000,0.00000,0.00000,0.02631,0.01872,0.00000,0.00000,0.00000,0.00000,0.03152,0.00000,0.00000,0.00000,0.00000,0.00000,0.40292,0.41199,0.00000,0.00000,0.00000,0.00000,0.00000,0.00000,0.00852,0.00511,0.05434,0.00000,0.06656,0.22315,0.00000,0.00000,0.00000,0.00000,0.00000,0.00000,0.00000,0.00000,0.00000,0.00000,0.00000,0.00000,0.00000,0.00000,0.00000,0.00000,0.00000,0.00000,0.00000,0.00000,0.00000,0.03549,0.02963,0.94240,0.94851,0.05227,0.05015,0.98060,0.96282
ORN_VL1_R,0.99119,0.98864,0.00000,0.99046,0.98843,0.99069,0.99087,0.99070,0.98981,0.98923,0.98667,0.98873,0.98796,0.99031,0.98465,0.98738,0.98963,0.98845,0.98765,0.99050,0.98992,0.98774,0.98918,0.99162,0.99249,0.98465,0.98982,0.98880,0.99083,0.99096,0.98782,0.98811,0.99123,0.98675,0.99301,1.00000,0.99136,0.99147,0.98856,0.98662,0.98449,0.99062,0.98238,0.99056,0.98832,0.99144,0.00000,0.00000,0.99135,0.98891,0.99049,0.98748,0.98888,0.99044,0.98916,0.98814,0.99281,0.98412,0.98741,0.99095,0.98738,0.98929,0.98691,0.98940,0.98762,0.99037,0.98689,0.98774,0.98699,0.98971,0.98721,0.98807,0.98861,0.99164,0.98516,0.99119,0.99015,0.99018,0.98948,0.98976,0.99086,0.98610,0.00000,0.98695,0.98706,0.98918,0.99109,0.04657,0.00000,0.00000,0.00203,0.00000,0.00309,0.07333,0.00000,0.00000,0.00000,0.00000,0.00000,0.00000,0.01059,0.00000,0.02803,0.00000,0.13932,0.33039,0.39133,0.07333,0.05866,0.00000,0.02689,0.04200,0.00000,0.04896,0.00000,0.00000,0.05133,0.00000,0.00431,0.00000,0.10680,0.11989,0.07802,0.12814,0.16153,0.00000,0.03390,0.06192,0.12717,0.06478,0.07452,0.04866,0.00000,0.01687,0.08988,0.07578,0.00000,0.04907,0.00000,0.00000,0.07985,0.00000,0.13681,0.17922,0.18865,0.04431,0.21946,0.14056,0.12257,0.15284,0.13022,0.03364,0.15881,0.07398,0.29584,0.20572,0.30471,0.33312,0.15576,0.17068,0.05698,0.18801,0.06060,0.17140,0.15466,0.21559,0.04453,0.15206,0.15328,0.18325,0.18250,0.28551,0.10744,0.27514,0.10873,0.18153,0.36642,0.04317,0.13674,0.11840,0.20203,0.12482,0.20008,0.24046,0.18083,0.45851,0.43525,0.12553,0.14413,0.08908,0.14339,0.24073,0.35358,0.09004,0.16640,0.10149,0.16733,0.39507,0.50869,0.00000,0.00000,0.17629,0.08782,0.05692,0.04450,0.00000,0.00000,0.00000,0.00000,0.03268,0.00346,0.22212,0.00138,0.00000,0.00000,0.00000,0.00000,0.00000,0.00000,0.00000,0.00000,0.00000,0.49963,0.00000,0.00000,0.00000,0.00000,0.00000,0.00000,0.05903,0.89081,0.03098,0.04461,0.01376,0.05085,0.00000,0.00000,0.00000,0.00000,0.49582,0.50700,0.00000,0.00000,0.00000,0.00000,0.00000,0.04573,0.06004,0.04063,0.05422,0.08177,0.06482,0.06563,0.00000,0.00000,0.00000,0.00000,0.04519,0.05511,0.00000,0.00000,0.00000,0.00000,0.00000,0.00000,0.00000,0.00000,0.02773,0.01973,0.00000,0.00000,0.00000,0.00000,0.03489,0.00000,0.00000,0.00000,0.00000,0.00000,0.41814,0.42628,0.00000,0.00000,0.00000,0.00000,0.00000,0.00000,0.00786,0.00517,0.05548,0.00000,0.06562,0.23298,0.00000,0.00000,0.00000,0.00000,0.00000,0.00000,0.00000,0.00000,0.00000,0.00000,0.00000,0.00000,0.00000,0.00000,0.00000,0.00000,0.00000,0.00000,0.00000,0.00000,0.00000,0.04023,0.03350,0.93969,0.94743,0.05670,0.05677,0.98211,0.96823
ORN_VL2a_L,0.99326,0.98980,0.00000,0.99100,0.99308,0.99331,0.99238,0.99162,0.99218,0.99381,0.98978,0.99271,0.99178,0.99354,0.99034,0.99082,0.99103,0.99186,0.99106,0.99302,0.99221,0.99133,0.99159,0.99414,0.99263,0.98447,0.99222,0.99251,0.99218,0.99258,0.98989,0.99118,0.99281,0.99304,0.99275,0.99136,1.00000,0.99273,0.99235,0.99216,0.98777,0.99275,0.99048,0.99238,0.99130,0.99321,0.00000,0.00000,0.99241,0.99232,0.99054,0.99081,0.99289,0.99193,0.99163,0.99138,0.99171,0.98725,0.99048,0.99151,0.99060,0.99337,0.98973,0.99294,0.99039,0.99181,0.99024,0.99090,0.98967,0.99176,0.99283,0.99126,0.99223,0.99156,0.98878,0.99280,0.99305,0.99196,0.99113,0.99173,0.99054,0.98990,0.00000,0.99079,0.99116,0.99169,0.99129,0.04186,0.00000,0.00000,0.00960,0.00000,0.00278,0.07910,0.00000,0.00000,0.00000,0.00000,0.00000,0.00000,0.01644,0.00000,0.02520,0.00000,0.12524,0.32373,0.38356,0.07910,0.08569,0.00000,0.02856,0.04314,0.00000,0.04826,0.00000,0.00000,0.05273,0.00000,0.00493,0.00000,0.10630,0.13516,0.08380,0.12225,0.15685,0.00000,0.04094,0.06279,0.12816,0.09179,0.07877,0.07018,0.00000,0.02702,0.09325,0.10687,0.00000,0.04604,0.00000,0.00000,0.09228,0.00000,0.15086,0.17500,0.19603,0.03983,0.19893,0.14168,0.14067,0.14421,0.10627,0.03238,0.12896,0.06491,0.28033,0.21204,0.28670,0.33714,0.15894,0.16410,0.05025,0.18632,0.05991,0.16292,0.15300,0.20451,0.06223,0.14123,0.14552,0.16338,0.18120,0.27269,0.12590,0.27710,0.11984,0.18116,0.38543,0.05242,0.13020,0.12514,0.18966,0.12579,0.18388,0.23498,0.19278,0.44814,0.42578,0.10582,0.11296,0.09695,0.14136,0.22405,0.34312,0.08941,0.15321,0.10340,0.16091,0.40295,0.51858,0.00000,0.00000,0.16406,0.06620,0.05481,0.06123,0.00000,0.00000,0.00000,0.00000,0.03550,0.01243,0.20344,0.00653,0.00000,0.00000,0.00000,0.00295,0.00000,0.00000,0.00000,0.00129,0.00000,0.48540,0.00000,0.00000,0.00000,0.00000,0.00000,0.00000,0.06222,0.89616,0.03150,0.04557,0.01367,0.04770,0.00000,0.00000,0.00000,0.00000,0.48208,0.49032,0.00000,0.00000,0.00000,0.00000,0.00000,0.03612,0.06086,0.04092,0.05480,0.07918,0.06621,0.06567,0.00000,0.00000,0.00000,0.00000,0.04548,0.05742,0.00000,0.00000,0.00000,0.00000,0.00000,0.00000,0.00442,0.00428,0.02853,0.02030,0.00000,0.00000,0.00000,0.00000,0.03465,0.00000,0.00000,0.00659,0.00202,0.00256,0.39978,0.40251,0.00000,0.00000,0.00000,0.00000,0.00000,0.00000,0.00752,0.00604,0.05551,0.00000,0.06782,0.21887,0.00229,0.00000,0.00000,0.00000,0.00000,0.00000,0.00000,0.00000,0.00000,0.00000,0.00000,0.00000,0.00000,0.00000,0.00000,0.00000,0.00000,0.00000,0.00000,0.00000,0.00000,0.04041,0.02350,0.93926,0.94352,0.05378,0.05049,0.97870,0.96216
ORN_VL2a_R,0.99319,0.99214,0.00000,0.99258,0.99137,0.99304,0.99307,0.99039,0.99289,0.99214,0.99047,0.99271,0.99472,0.99279,0.99179,0.99211,0.99378,0.99048,0.99156,0.99404,0.99339,0.99066,0.99359,0.99409,0.99183,0.98881,0.99354,0.99323,0.99427,0.99330,0.99225,0.99273,0.99323,0.99241,0.99323,0.99147,0.99273,1.00000,0.99297,0.99209,0.99112,0.99139,0.98960,0.99278,0.99172,0.99162,0.00000,0.00000,0.99371,0.99287,0.99338,0.99024,0.99208,0.99271,0.99227,0.99203,0.99219,0.98965,0.99104,0.99314,0.99266,0.99223,0.99197,0.99152,0.99020,0.99021,0.98868,0.99114,0.99089,0.99052,0.99070,0.99222,0.99134,0.98952,0.98918,0.99061,0.99261,0.99112,0.99424,0.99024,0.99120,0.99067,0.00000,0.99037,0.99223,0.99147,0.99259,0.05324,0.00000,0.00000,0.00183,0.00000,0.00278,0.07904,0.00000,0.00000,0.00000,0.00000,0.00000,0.00000,0.01643,0.00000,0.02518,0.00000,0.13173,0.32350,0.37336,0.07904,0.07904,0.00000,0.02781,0.04311,0.00000,0.04745,0.00000,0.00000,0.05269,0.00000,0.00422,0.00000,0.10851,0.12705,0.07721,0.12428,0.15965,0.00000,0.03530,0.06200,0.12742,0.08313,0.08244,0.06235,0.00000,0.02701,0.09033,0.09409,0.00000,0.04794,0.00000,0.00000,0.09221,0.00000,0.15281,0.17345,0.20436,0.03980,0.22387,0.13338,0.13425,0.15292,0.13298,0.02514,0.15581,0.05520,0.30783,0.18909,0.32076,0.30480,0.14659,0.16288,0.04483,0.18079,0.06092,0.15774,0.14574,0.20384,0.05693,0.14902,0.13866,0.17374,0.16498,0.27326,0.11047,0.26601,0.10655,0.18200,0.40170,0.04593,0.13739,0.11745,0.19619,0.11810,0.19149,0.23970,0.17038,0.46902,0.42825,0.11276,0.11802,0.09805,0.14260,0.25242,0.34451,0.08104,0.15772,0.09808,0.16485,0.41129,0.49187,0.00000,0.00000,0.17792,0.07889,0.06097,0.05414,0.00000,0.00000,0.00000,0.00000,0.04281,0.00931,0.22358,0.00186,0.00000,0.00000,0.00000,0.00000,0.00000,0.00000,0.00000,0.00000,0.00000,0.48103,0.00000,0.00000,0.00000,0.00000,0.00000,0.00000,0.05607,0.89570,0.02551,0.03753,0.00997,0.03575,0.00000,0.00000,0.00000,0.00000,0.47473,0.48295,0.00000,0.00000,0.00000,0.00000,0.00000,0.02738,0.05076,0.03318,0.04160,0.06359,0.05606,0.05305,0.00000,0.00000,0.00000,0.00000,0.03645,0.04739,0.00000,0.00000,0.00000,0.00000,0.00000,0.00000,0.00000,0.00000,0.02589,0.01842,0.00000,0.00000,0.00000,0.00000,0.02985,0.00000,0.00000,0.00000,0.00000,0.00000,0.39093,0.40135,0.00000,0.00000,0.00000,0.00000,0.00000,0.00000,0.00775,0.00558,0.04940,0.00000,0.06033,0.21669,0.00000,0.00000,0.00000,0.00000,0.00000,0.00000,0.00000,0.00000,0.00000,0.00000,0.00000,0.00000,0.00000,0.00000,0.00000,0.00000,0.00000,0.00000,0.00000,0.00000,0.00000,0.04057,0.03003,0.94049,0.94618,0.05915,0.06394,0.98003,0.96293
ORN_VM4_L,0.99236,0.99092,0.00000,0.99335,0.99241,0.99406,0.98948,0.99182,0.99221,0.99221,0.99327,0.99115,0.99266,0.99199,0.99129,0.99358,0.99129,0.99183,0.99140,0.99236,0.99158,0.99177,0.99139,0.99201,0.98889,0.98881,0.99225,0.99094,0.99279,0.99346,0.99224,0.99320,0.99373,0.99310,0.98916,0.98856,0.99235,0.99297,1.00000,0.99303,0.99092,0.99051,0.99052,0.99267,0.99192,0.99007,0.00000,0.00000,0.99326,0.99289,0.99381,0.99124,0.99281,0.99275,0.99268,0.99289,0.99071,0.99108,0.99262,0.99360,0.99202,0.99246,0.99028,0.99277,0.99203,0.99179,0.99081,0.99149,0.99268,0.99096,0.99111,0.99220,0.99275,0.99001,0.99128,0.99159,0.99262,0.99327,0.99409,0.99158,0.99004,0.99082,0.00000,0.99247,0.99279,0.99144,0.99098,0.05055,0.00000,0.00000,0.00794,0.00000,0.00000,0.09428,0.00000,0.00000,0.00000,0.00000,0.00000,0.00000,0.01592,0.00000,0.02377,0.00000,0.13469,0.31247,0.37767,0.09428,0.08081,0.00000,0.02544,0.03306,0.00000,0.04497,0.00000,0.00000,0.04714,0.00000,0.00503,0.00000,0.09367,0.11352,0.07226,0.12418,0.15217,0.00000,0.03904,0.05293,0.13916,0.07990,0.07586,0.05605,0.00000,0.02290,0.08872,0.08754,0.00000,0.04842,0.00000,0.00000,0.09952,0.00000,0.16619,0.17771,0.21699,0.03757,0.22438,0.14043,0.13491,0.15548,0.13899,0.02767,0.15822,0.06352,0.30987,0.19508,0.31338,0.31862,0.14999,0.15725,0.05665,0.18711,0.08819,0.16061,0.15423,0.21094,0.06477,0.15566,0.14229,0.16977,0.17773,0.27449,0.12189,0.27164,0.11344,0.18336,0.41248,0.04890,0.13542,0.12399,0.19431,0.12546,0.19010,0.24460,0.16877,0.45053,0.41662,0.11746,0.12338,0.09897,0.14767,0.23475,0.33000,0.09062,0.16185,0.10493,0.16745,0.41586,0.49222,0.00000,0.00000,0.17524,0.06763,0.05087,0.04621,0.00000,0.00000,0.00000,0.00000,0.04877,0.00317,0.22136,0.00032,0.00000,0.00000,0.00000,0.00301,0.00000,0.00000,0.00000,0.00000,0.00000,0.49233,0.00000,0.00000,0.00000,0.00000,0.00000,0.00000,0.05895,0.89573,0.02902,0.04162,0.01219,0.03858,0.00000,0.00000,0.00000,0.00000,0.48975,0.49775,0.00000,0.00000,0.00000,0.00000,0.00000,0.03563,0.05649,0.03752,0.04873,0.07360,0.06240,0.06016,0.00000,0.00000,0.00000,0.00000,0.04127,0.05315,0.00000,0.00000,0.00000,0.00000,0.00000,0.00000,0.00000,0.00000,0.02814,0.02003,0.00000,0.00000,0.00000,0.00000,0.03082,0.00000,0.00000,0.00673,0.00207,0.00261,0.40626,0.41371,0.00000,0.00000,0.00000,0.00000,0.00000,0.00000,0.00815,0.00618,0.05361,0.00000,0.06490,0.22224,0.00234,0.00000,0.00000,0.00000,0.00000,0.00000,0.00000,0.00000,0.00000,0.00000,0.00000,0.00000,0.00000,0.00000,0.00000,0.00000,0.00000,0.00000,0.00000,0.00000,0.00000,0.04109,0.02868,0.93775,0.94129,0.06335,0.07089,0.97933,0.96256
ORN_VM4_R,0.99130,0.99214,0.00000,0.99136,0.99307,0.99473,0.99169,0.99154,0.99361,0.99351,0.99139,0.99259,0.99279,0.99377,0.99390,0.99389,0.99347,0.99083,0.99356,0.99417,0.99147,0.99375,0.99214,0.99264,0.98799,0.99049,0.99334,0.99336,0.99127,0.99253,0.99410,0.99375,0.99294,0.99532,0.99195,0.98662,0.99216,0.99209,0.99303,1.00000,0.99247,0.99190,0.99298,0.99264,0.99350,0.99272,0.00653,0.00653,0.99314,0.99443,0.99422,0.99263,0.99253,0.99209,0.99275,0.99342,0.98962,0.99001,0.99166,0.99352,0.99452,0.99132,0.99366,0.99318,0.99198,0.98983,0.99344,0.99123,0.99260,0.99080,0.99264,0.99319,0.99421,0.98821,0.99373,0.99149,0.99492,0.99059,0.99358,0.99108,0.98980,0.99324,0.00000,0.99360,0.99482,0.99307,0.99197,0.04898,0.00000,0.00000,0.01448,0.00000,0.00275,0.06526,0.00000,0.00000,0.00000,0.00000,0.00000,0.00000,0.04027,0.00000,0.02303,0.00000,0.11746,0.32907,0.36792,0.06526,0.09136,0.00000,0.02393,0.04271,0.00000,0.04586,0.00000,0.00000,0.04568,0.00000,0.00488,0.00000,0.09064,0.13414,0.06855,0.11613,0.16846,0.00000,0.03317,0.06186,0.11476,0.10954,0.07545,0.08244,0.00000,0.04764,0.07540,0.11779,0.00000,0.04845,0.00000,0.00000,0.11166,0.00000,0.17205,0.18349,0.21785,0.03640,0.22060,0.13701,0.14126,0.13995,0.12750,0.02591,0.14729,0.05948,0.30253,0.19728,0.31394,0.31866,0.14798,0.15371,0.05471,0.17770,0.07679,0.15424,0.15499,0.20387,0.06884,0.14302,0.14497,0.16558,0.17819,0.26254,0.12890,0.25838,0.11509,0.16650,0.41292,0.05321,0.12310,0.12595,0.18743,0.12865,0.17401,0.23323,0.17079,0.47225,0.41719,0.10860,0.10945,0.10772,0.14097,0.25023,0.33310,0.09063,0.14693,0.10416,0.16012,0.41289,0.48934,0.00000,0.00000,0.16334,0.09810,0.05643,0.06109,0.00000,0.00000,0.00000,0.00000,0.04483,0.00923,0.22290,0.00092,0.00000,0.00000,0.00000,0.00000,0.00000,0.00000,0.00000,0.00000,0.00000,0.48754,0.00000,0.00000,0.00000,0.00000,0.00000,0.00000,0.05751,0.89537,0.02703,0.03919,0.01095,0.03542,0.00000,0.00000,0.00000,0.00000,0.48362,0.49110,0.00000,0.00000,0.00000,0.00000,0.00000,0.02713,0.05289,0.03461,0.04390,0.06633,0.05816,0.05488,0.00000,0.00000,0.00000,0.00000,0.03743,0.04957,0.00000,0.00000,0.00000,0.00000,0.00000,0.00000,0.00000,0.00000,0.02792,0.01987,0.00000,0.00000,0.00000,0.00000,0.02957,0.00000,0.00000,0.00000,0.00000,0.00000,0.40073,0.40697,0.00000,0.00000,0.00000,0.00000,0.00000,0.00000,0.00767,0.00552,0.05195,0.00000,0.06213,0.21902,0.00000,0.00000,0.00000,0.00000,0.00000,0.00000,0.00000,0.00000,0.00000,0.00000,0.00000,0.00000,0.00000,0.00000,0.00000,0.00000,0.00000,0.00000,0.00000,0.00000,0.00000,0.03429,0.02449,0.94224,0.94486,0.06178,0.06415,0.97792,0.96019
ORN_VM5d_L,0.98923,0.98915,0.00000,0.98894,0.99064,0.99153,0.98742,0.98890,0.99148,0.98942,0.99207,0.98747,0.99151,0.98861,0.99260,0.99150,0.99067,0.98658,0.98949,0.99062,0.98726,0.99195,0.99119,0.98887,0.98613,0.98939,0.99082,0.98983,0.98863,0.98948,0.99222,0.99076,0.98977,0.99304,0.98759,0.98449,0.98777,0.99112,0.99092,0.99247,1.00000,0.98819,0.99162,0.98863,0.99162,0.98707,0.00000,0.00000,0.99267,0.99049,0.99120,0.99192,0.98938,0.99120,0.98910,0.99178,0.98691,0.99137,0.98923,0.98976,0.99231,0.98749,0.99066,0.98895,0.99104,0.98580,0.98958,0.98899,0.99104,0.98521,0.99018,0.99325,0.99280,0.98631,0.99131,0.98745,0.99209,0.98756,0.99286,0.98577,0.98622,0.99199,0.00000,0.99406,0.98949,0.99133,0.99063,0.04846,0.00000,0.00000,0.00970,0.00000,0.00295,0.07695,0.00000,0.00000,0.00000,0.00000,0.00000,0.00000,0.04041,0.00000,0.02469,0.00000,0.12591,0.33177,0.34379,0.07695,0.08394,0.00000,0.02954,0.04006,0.00000,0.04712,0.00000,0.00000,0.05596,0.00000,0.00411,0.00000,0.10040,0.14817,0.06812,0.12149,0.16734,0.00000,0.03749,0.06096,0.12063,0.10536,0.07463,0.08418,0.00000,0.05176,0.07856,0.11567,0.00000,0.05153,0.00000,0.00000,0.10881,0.00000,0.17172,0.15925,0.22068,0.03902,0.23898,0.14286,0.14135,0.14308,0.14346,0.02646,0.16457,0.06276,0.32616,0.19190,0.32863,0.29059,0.14681,0.15878,0.05272,0.17683,0.08247,0.15308,0.15188,0.20536,0.05674,0.14760,0.14093,0.17054,0.16992,0.26846,0.12319,0.24590,0.11177,0.16933,0.42785,0.05000,0.12823,0.11971,0.18934,0.11824,0.17994,0.24141,0.16361,0.47818,0.40232,0.11750,0.12332,0.11337,0.13485,0.24974,0.31955,0.08218,0.15508,0.10210,0.16082,0.43485,0.47098,0.00000,0.00000,0.17510,0.07767,0.05478,0.06927,0.00000,0.00000,0.00000,0.00000,0.04417,0.01319,0.23544,0.00132,0.00000,0.00000,0.00000,0.00000,0.00000,0.00000,0.00000,0.00000,0.00000,0.48358,0.00000,0.00000,0.00000,0.00000,0.00000,0.00000,0.06922,0.89447,0.03190,0.04418,0.01312,0.04640,0.00000,0.00000,0.00000,0.00000,0.47713,0.48523,0.00000,0.00000,0.00000,0.00000,0.00000,0.03569,0.06147,0.04177,0.05350,0.07846,0.06882,0.06520,0.00000,0.00000,0.00000,0.00000,0.04569,0.05840,0.00000,0.00000,0.00000,0.00000,0.00000,0.00000,0.00000,0.00000,0.02628,0.01907,0.00000,0.00000,0.00000,0.00000,0.03487,0.00000,0.00000,0.00000,0.00000,0.00000,0.39169,0.40386,0.00000,0.00000,0.00000,0.00000,0.00000,0.00000,0.01016,0.00592,0.06259,0.00000,0.07581,0.21224,0.00000,0.00000,0.00000,0.00000,0.00000,0.00000,0.00000,0.00000,0.00000,0.00000,0.00000,0.00000,0.00000,0.00000,0.00000,0.00000,0.00000,0.00000,0.00000,0.00000,0.00000,0.04120,0.02973,0.93848,0.94114,0.06857,0.07651,0.97779,0.95888
ORN_VM5d_R,0.99085,0.98985,0.00000,0.99021,0.99339,0.99316,0.99315,0.99245,0.99087,0.99370,0.98898,0.99092,0.98982,0.99312,0.98909,0.99052,0.99104,0.99259,0.99212,0.99400,0.99068,0.99252,0.98953,0.99238,0.99098,0.98409,0.99200,0.99059,0.99116,0.99164,0.99090,0.99271,0.99403,0.99099,0.99338,0.99062,0.99275,0.99139,0.99051,0.99190,0.98819,1.00000,0.98890,0.99409,0.99280,0.99528,0.00000,0.00000,0.99237,0.99303,0.99202,0.98952,0.99120,0.99115,0.99167,0.99110,0.99164,0.98820,0.98981,0.99373,0.99100,0.99150,0.98946,0.99391,0.99004,0.99165,0.98803,0.99227,0.99051,0.99383,0.98945,0.99067,0.99067,0.99313,0.99012,0.99380,0.99282,0.99383,0.98902,0.99298,0.99123,0.98994,0.00000,0.98966,0.99245,0.99023,0.99320,0.04484,0.00000,0.00000,0.00343,0.00000,0.00595,0.08472,0.00000,0.00000,0.00000,0.00000,0.00000,0.00000,0.02039,0.00000,0.02699,0.00000,0.13414,0.32717,0.38315,0.08472,0.08472,0.00000,0.02981,0.04621,0.00000,0.05086,0.00000,0.00000,0.05648,0.00000,0.00377,0.00000,0.10228,0.12247,0.07511,0.12943,0.16398,0.00000,0.03800,0.06693,0.13347,0.08910,0.07553,0.06458,0.00000,0.03036,0.08691,0.09404,0.00000,0.04952,0.00000,0.00000,0.08786,0.00000,0.14583,0.18133,0.19569,0.04266,0.20883,0.13269,0.13557,0.13984,0.11260,0.02526,0.13918,0.05738,0.28657,0.19623,0.29763,0.32584,0.14328,0.15302,0.04846,0.17625,0.06352,0.15195,0.15547,0.20807,0.05695,0.13948,0.14604,0.17169,0.17778,0.27034,0.11182,0.25479,0.09699,0.16640,0.38264,0.04385,0.13227,0.12335,0.19410,0.11662,0.18026,0.22632,0.16697,0.45570,0.42103,0.10284,0.11112,0.09365,0.14409,0.24818,0.33328,0.08364,0.15626,0.10761,0.16825,0.40091,0.50235,0.00000,0.00000,0.16074,0.09204,0.05626,0.05005,0.00000,0.00000,0.00000,0.00000,0.02622,0.00666,0.21183,0.00166,0.00000,0.00000,0.00000,0.00000,0.00000,0.00000,0.00000,0.00000,0.00000,0.50316,0.00000,0.00000,0.00000,0.00000,0.00000,0.00000,0.05501,0.89359,0.02723,0.04036,0.01185,0.03831,0.00000,0.00000,0.00000,0.00000,0.49883,0.50655,0.00000,0.00000,0.00000,0.00000,0.00000,0.03202,0.05366,0.03567,0.04615,0.06951,0.05931,0.05722,0.00000,0.00000,0.00000,0.00000,0.03957,0.05060,0.00000,0.00000,0.00000,0.00000,0.00000,0.00000,0.00000,0.00000,0.02775,0.01974,0.00000,0.00000,0.00000,0.00000,0.03007,0.00000,0.00000,0.00000,0.00000,0.00000,0.41825,0.42288,0.00000,0.00000,0.00000,0.00000,0.00000,0.00000,0.00708,0.00548,0.05063,0.00000,0.06024,0.22720,0.00000,0.00000,0.00000,0.00000,0.00000,0.00000,0.00000,0.00000,0.00000,0.00000,0.00000,0.00000,0.00000,0.00000,0.00000,0.00000,0.00000,0.00000,0.00000,0.00000,0.00000,0.04301,0.02523,0.94187,0.94951,0.05008,0.04829,0.98258,0.96631
ALPN_D_L,0.98973,0.98808,0.00000,0.98789,0.99272,0.99136,0.98824,0.98960,0.99052,0.99120,0.99175,0.98900,0.99126,0.99088,0.99288,0.99169,0.99085,0.98787,0.99203,0.99225,0.98818,0.99243,0.99105,0.99024,0.98500,0.98824,0.99187,0.99003,0.98742,0.98938,0.99104,0.99206,0.99093,0.99460,0.98752,0.98238,0.99048,0.98960,0.99052,0.99298,0.99162,0.98890,1.00000,0.98915,0.99219,0.98799,0.00000,0.00000,0.99164,0.99256,0.99034,0.99177,0.99151,0.99053,0.98898,0.99165,0.98629,0.99120,0.98878,0.98939,0.99194,0.98800,0.99033,0.99045,0.99140,0.98633,0.99008,0.99043,0.99108,0.98639,0.99215,0.99187,0.99234,0.98555,0.99214,0.98612,0.99216,0.98868,0.99120,0.98703,0.98592,0.99236,0.00000,0.99273,0.99226,0.98957,0.98933,0.04715,0.00000,0.00000,0.00944,0.00000,0.00287,0.07486,0.00000,0.00000,0.00000,0.00000,0.00000,0.00000,0.04557,0.00000,0.02402,0.00000,0.12249,0.32762,0.36112,0.07486,0.08847,0.00000,0.02798,0.03341,0.00000,0.04624,0.00000,0.00000,0.05444,0.00000,0.00436,0.00000,0.10174,0.13954,0.09449,0.11965,0.16666,0.00000,0.03146,0.05394,0.12134,0.11051,0.08599,0.08904,0.00000,0.05784,0.10068,0.12471,0.00000,0.05113,0.00000,0.00000,0.08998,0.00000,0.16370,0.16154,0.21510,0.03796,0.22733,0.13839,0.15444,0.13626,0.12223,0.02889,0.14395,0.05941,0.31898,0.19882,0.32100,0.31997,0.15248,0.14915,0.05466,0.17891,0.07821,0.15372,0.15205,0.19491,0.07360,0.13779,0.14071,0.15903,0.17552,0.25449,0.13236,0.25282,0.12432,0.16722,0.43691,0.05281,0.12340,0.12117,0.17893,0.12665,0.16715,0.25646,0.18513,0.48570,0.42762,0.10820,0.10951,0.10529,0.14389,0.25723,0.34512,0.08497,0.14295,0.10009,0.15345,0.44705,0.49262,0.00000,0.00000,0.16842,0.07556,0.06327,0.07106,0.00000,0.00000,0.00000,0.00000,0.03538,0.01283,0.22076,0.00160,0.00000,0.00000,0.00000,0.00000,0.00000,0.00000,0.00000,0.00000,0.00000,0.48553,0.00000,0.00000,0.00000,0.00000,0.00000,0.00000,0.06116,0.89643,0.02761,0.04035,0.01030,0.03898,0.00000,0.00000,0.00000,0.00000,0.47963,0.48503,0.00000,0.00000,0.00000,0.00000,0.00000,0.02958,0.05404,0.03569,0.04924,0.06917,0.06098,0.05826,0.00000,0.00000,0.00000,0.00000,0.03952,0.05179,0.00000,0.00000,0.00000,0.00000,0.00000,0.00000,0.00000,0.00000,0.02861,0.02072,0.00000,0.00000,0.00000,0.00000,0.03115,0.00000,0.00000,0.00000,0.00000,0.00000,0.38952,0.39606,0.00000,0.00000,0.00000,0.00000,0.00000,0.00000,0.00918,0.00576,0.05328,0.00000,0.06678,0.21169,0.00000,0.00000,0.00000,0.00000,0.00000,0.00000,0.00000,0.00000,0.00000,0.00000,0.00000,0.00000,0.00000,0.00000,0.00000,0.00000,0.00000,0.00000,0.00000,0.00000,0.00000,0.04303,0.02534,0.93640,0.93883,0.05759,0.06077,0.97597,0.95501
ALPN_D_R,0.99169,0.99145,0.00000,0.99312,0.99354,0.99363,0.99301,0.99201,0.99124,0.99426,0.99059,0.99233,0.99242,0.99336,0.98877,0.99212,0.99266,0.99375,0.99282,0.99428,0.99135,0.99294,0.99044,0.99331,0.99072,0.98621,0.99320,0.99074,0.99280,0.99278,0.99139,0.99413,0.99439,0.99139,0.99206,0.99056,0.99238,0.99278,0.99267,0.99264,0.98863,0.99409,0.98915,1.00000,0.99267,0.99472,0.00000,0.00000,0.99199,0.99273,0.99354,0.98909,0.99208,0.99224,0.99348,0.99215,0.99287,0.98942,0.99115,0.99508,0.99197,0.99285,0.99029,0.99414,0.99135,0.99274,0.98979,0.99285,0.99059,0.99452,0.98919,0.99094,0.99177,0.99287,0.98960,0.99218,0.99297,0.99431,0.99102,0.99307,0.99154,0.99046,0.00000,0.98954,0.99369,0.99176,0.99250,0.04460,0.00000,0.00000,0.00341,0.00000,0.00592,0.07725,0.00000,0.00000,0.00000,0.00000,0.00000,0.00000,0.02674,0.00000,0.02478,0.00000,0.13344,0.32687,0.38327,0.07725,0.07023,0.00000,0.02887,0.03448,0.00000,0.04525,0.00000,0.00000,0.05618,0.00000,0.00450,0.00000,0.09985,0.12171,0.07757,0.12273,0.16091,0.00000,0.03263,0.05377,0.12797,0.08243,0.07639,0.06148,0.00000,0.03371,0.08873,0.08871,0.00000,0.05070,0.00000,0.00000,0.10378,0.00000,0.16092,0.17583,0.20757,0.03918,0.21464,0.14121,0.13486,0.14456,0.12594,0.03330,0.14916,0.06724,0.29715,0.20220,0.30882,0.32803,0.14941,0.15745,0.05457,0.18887,0.06560,0.16588,0.15524,0.20950,0.05043,0.14666,0.14552,0.16767,0.17531,0.27078,0.11419,0.26646,0.10787,0.17283,0.38838,0.04522,0.13574,0.12156,0.19121,0.11767,0.18322,0.24058,0.17105,0.46142,0.42514,0.11284,0.12195,0.09316,0.14985,0.24833,0.33589,0.08163,0.15426,0.10473,0.16715,0.41023,0.49927,0.00000,0.00000,0.16785,0.08411,0.05607,0.05165,0.00000,0.00000,0.00000,0.00000,0.04043,0.01324,0.21525,0.00993,0.00000,0.00000,0.00000,0.00000,0.00000,0.00000,0.00000,0.00000,0.00000,0.49624,0.00000,0.00000,0.00000,0.00000,0.00000,0.00000,0.05101,0.89457,0.02308,0.03418,0.00878,0.02753,0.00000,0.00000,0.00000,0.00000,0.49249,0.49780,0.00000,0.00000,0.00000,0.00000,0.00000,0.01858,0.04538,0.02934,0.03610,0.05482,0.05062,0.04637,0.00000,0.00000,0.00000,0.00000,0.03161,0.04261,0.00000,0.00000,0.00000,0.00000,0.00000,0.00000,0.00000,0.00000,0.02830,0.02014,0.00000,0.00000,0.00000,0.00000,0.02546,0.00000,0.00000,0.00000,0.00000,0.00000,0.40884,0.41623,0.00000,0.00000,0.00000,0.00000,0.00000,0.00000,0.00607,0.00594,0.04528,0.00000,0.05398,0.22530,0.00000,0.00000,0.00000,0.00000,0.00000,0.00000,0.00000,0.00000,0.00000,0.00000,0.00000,0.00000,0.00000,0.00000,0.00000,0.00000,0.00000,0.00000,0.00000,0.00000,0.00000,0.03927,0.02912,0.93978,0.94595,0.05858,0.06329,0.98166,0.96549
ALPN_DA1_L,0.99163,0.99009,0.00000,0.99078,0.99376,0.99382,0.99220,0.99141,0.99233,0.99412,0.99141,0.99081,0.99170,0.99375,0.99065,0.99243,0.99334,0.99159,0.99326,0.99325,0.98975,0.99474,0.99108,0.99255,0.99064,0.98576,0.99198,0.99097,0.98924,0.99253,0.99334,0.99409,0.99283,0.99252,0.99268,0.98832,0.99130,0.99172,0.99192,0.99350,0.99162,0.99280,0.99219,0.99267,1.00000,0.99253,0.00000,0.00000,0.99410,0.99438,0.99258,0.99362,0.99172,0.99328,0.98999,0.99345,0.99063,0.99144,0.99217,0.99282,0.99300,0.99078,0.99235,0.99233,0.99184,0.99032,0.99242,0.99029,0.99316,0.99208,0.99222,0.99301,0.99361,0.98984,0.99292,0.99034,0.99385,0.99272,0.99104,0.99256,0.98977,0.99331,0.00000,0.99191,0.99190,0.99294,0.99206,0.04191,0.00000,0.00000,0.00915,0.00000,0.00556,0.07259,0.00000,0.00000,0.00000,0.00000,0.00000,0.00000,0.03466,0.00000,0.02523,0.00000,0.13198,0.32956,0.35415,0.07259,0.07259,0.00000,0.02713,0.03779,0.00000,0.04638,0.00000,0.00000,0.05279,0.00000,0.00493,0.00000,0.09930,0.12818,0.08211,0.12310,0.17035,0.00000,0.03051,0.05766,0.12057,0.09050,0.08023,0.07298,0.00000,0.04487,0.09193,0.10457,0.00000,0.05190,0.00000,0.00000,0.10265,0.00000,0.16233,0.17413,0.20737,0.03988,0.22251,0.14291,0.13939,0.14067,0.12425,0.02824,0.14767,0.06260,0.30792,0.20325,0.31788,0.32281,0.15332,0.16011,0.05744,0.18478,0.07961,0.16224,0.16076,0.21241,0.07049,0.14582,0.15492,0.17252,0.18632,0.27098,0.12036,0.26324,0.11385,0.16587,0.40564,0.05306,0.12859,0.12889,0.18859,0.12841,0.17838,0.24514,0.17631,0.48400,0.43133,0.11852,0.11708,0.10129,0.14764,0.26763,0.34760,0.08946,0.15520,0.11040,0.16744,0.42884,0.49327,0.00000,0.00000,0.17171,0.07944,0.05962,0.06146,0.00000,0.00000,0.00000,0.00000,0.03431,0.00933,0.21596,0.00124,0.00000,0.00000,0.00000,0.00000,0.00000,0.00000,0.00000,0.00000,0.00000,0.49958,0.00000,0.00000,0.00000,0.00000,0.00000,0.00000,0.05495,0.89464,0.02545,0.03709,0.00999,0.03382,0.00000,0.00000,0.00000,0.00000,0.49276,0.49903,0.00000,0.00000,0.00000,0.00000,0.00000,0.02369,0.04985,0.03246,0.04167,0.06203,0.05568,0.05193,0.00000,0.00000,0.00000,0.00000,0.03526,0.04703,0.00000,0.00000,0.00000,0.00000,0.00000,0.00000,0.00000,0.00000,0.02626,0.01869,0.00000,0.00000,0.00000,0.00000,0.02811,0.00000,0.00000,0.00000,0.00000,0.00000,0.41238,0.41749,0.00000,0.00000,0.00000,0.00000,0.00000,0.00000,0.00776,0.00605,0.05036,0.00000,0.05940,0.22250,0.00000,0.00000,0.00000,0.00000,0.00000,0.00000,0.00000,0.00000,0.00000,0.00000,0.00000,0.00000,0.00000,0.00000,0.00000,0.00000,0.00000,0.00000,0.00000,0.00000,0.00000,0.04179,0.03107,0.94368,0.94753,0.06027,0.06163,0.98226,0.96534
ALPN_DA1_R,0.99236,0.99053,0.00000,0.99044,0.99215,0.99288,0.99323,0.99108,0.98940,0.99382,0.98843,0.99186,0.99042,0.99366,0.98872,0.99171,0.99180,0.99242,0.99277,0.99401,0.99075,0.99251,0.98997,0.99191,0.99066,0.98411,0.99226,0.99174,0.99167,0.99123,0.99116,0.99167,0.99403,0.99082,0.99250,0.99144,0.99321,0.99162,0.99007,0.99272,0.98707,0.99528,0.98799,0.99472,0.99253,1.00000,0.00000,0.00000,0.99197,0.99264,0.99332,0.98979,0.99130,0.99154,0.99157,0.99122,0.99217,0.98742,0.99077,0.99360,0.99085,0.99210,0.99075,0.99428,0.98897,0.99191,0.98963,0.99238,0.99018,0.99468,0.98875,0.98970,0.99182,0.99195,0.98908,0.99356,0.99261,0.99224,0.98875,0.99350,0.99050,0.98946,0.00000,0.98832,0.99309,0.99064,0.99190,0.04618,0.00000,0.00000,0.00323,0.00000,0.00562,0.05999,0.00000,0.00000,0.00000,0.00000,0.00000,0.00000,0.04113,0.00000,0.02744,0.00000,0.12664,0.32602,0.38584,0.05999,0.08665,0.00000,0.02814,0.03817,0.00000,0.05114,0.00000,0.00000,0.05332,0.00000,0.00462,0.00000,0.09335,0.13048,0.07031,0.12648,0.15818,0.00000,0.03633,0.05718,0.11527,0.10235,0.07091,0.07371,0.00000,0.04666,0.07953,0.10317,0.00000,0.05164,0.00000,0.00000,0.08813,0.00000,0.14632,0.18309,0.19618,0.04338,0.20092,0.13305,0.13584,0.12454,0.10698,0.02795,0.13161,0.06330,0.27421,0.20025,0.29191,0.33503,0.14495,0.14943,0.05510,0.18358,0.06180,0.15667,0.15513,0.20710,0.06381,0.13592,0.14952,0.16887,0.18086,0.26471,0.10992,0.25667,0.10163,0.15677,0.37534,0.05026,0.12790,0.12494,0.18908,0.12378,0.17351,0.21871,0.16519,0.45124,0.42281,0.11195,0.11397,0.09876,0.14422,0.23385,0.34283,0.08682,0.14782,0.10658,0.16132,0.38778,0.50394,0.00000,0.00000,0.15930,0.08648,0.05256,0.05526,0.00000,0.00000,0.00000,0.00000,0.02723,0.00943,0.20380,0.00063,0.00000,0.00000,0.00000,0.00000,0.00000,0.00000,0.00000,0.00000,0.00000,0.49848,0.00000,0.00000,0.00000,0.00000,0.00000,0.00000,0.05249,0.89385,0.02537,0.03849,0.01097,0.03818,0.00000,0.00000,0.00000,0.00000,0.49396,0.50179,0.00000,0.00000,0.00000,0.00000,0.00000,0.02771,0.04988,0.03298,0.04272,0.06350,0.05543,0.05323,0.00000,0.00000,0.00000,0.00000,0.03617,0.04688,0.00000,0.00000,0.00000,0.00000,0.00000,0.00000,0.00000,0.00000,0.02852,0.02029,0.00000,0.00000,0.00000,0.00000,0.02960,0.00000,0.00000,0.00000,0.00000,0.00000,0.41363,0.41634,0.00000,0.00000,0.00000,0.00000,0.00000,0.00000,0.00692,0.00564,0.04780,0.00000,0.05711,0.22677,0.00000,0.00000,0.00000,0.00000,0.00000,0.00000,0.00000,0.00000,0.00000,0.00000,0.00000,0.00000,0.00000,0.00000,0.00000,0.00000,0.00000,0.00000,0.00000,0.00000,0.00000,0.03843,0.02663,0.94215,0.94876,0.05073,0.04641,0.98069,0.96433
ALPN_DA2_L,0.00000,0.00000,0.00000,0.00000,0.00000,0.00000,0.00000,0.00000,0.00000,0.00000,0.00000,0.00000,0.00000,0.00000,0.00000,0.00000,0.00000,0.00000,0.00000,0.00000,0.00000,0.00000,0.00000,0.00000,0.00000,0.00000,0.00000,0.00000,0.00000,0.00000,0.00000,0.00000,0.00000,0.00000,0.00000,0.00000,0.00000,0.00000,0.00000,0.00653,0.00000,0.00000,0.00000,0.00000,0.00000,0.00000,1.00000,1.00000,0.00000,0.00000,0.00000,0.00000,0.00000,0.00000,0.00000,0.00000,0.00000,0.00000,0.00000,0.00000,0.00000,0.00000,0.00000,0.00000,0.00000,0.00000,0.00000,0.00000,0.00000,0.00000,0.00000,0.00000,0.00000,0.00000,0.00000,0.00000,0.00000,0.00000,0.00000,0.00000,0.00000,0.00000,0.00000,0.00000,0.00000,0.00682,0.00000,0.00000,0.00000,0.00000,0.00000,0.00000,0.00000,0.00000,0.00000,0.00000,0.00000,0.00000,0.00000,0.00000,0.00000,0.00000,0.00000,0.00000,0.00000,0.00000,0.00000,0.00000,0.00000,0.00000,0.00000,0.00000,0.00000,0.00000,0.00000,0.00000,0.00000,0.00000,0.00000,0.00000,0.00000,0.00000,0.00000,0.00000,0.00000,0.00000,0.00000,0.00000,0.00000,0.00000,0.00000,0.00000,0.00000,0.00000,0.00000,0.00000,0.00000,0.00000,0.00000,0.00000,0.00000,0.00000,0.00000,0.00000,0.00000,0.00000,0.00000,0.00000,0.00000,0.00000,0.00000,0.00000,0.00000,0.00000,0.00000,0.00000,0.00000,0.00000,0.00000,0.00000,0.00000,0.00000,0.00000,0.00000,0.00000,0.00000,0.00000,0.00000,0.00000,0.00000,0.00000,0.00000,0.00000,0.00000,0.00000,0.00000,0.00000,0.00000,0.00000,0.00000,0.00000,0.00000,0.00000,0.00000,0.00000,0.00000,0.00000,0.00000,0.00000,0.00000,0.00000,0.00000,0.00000,0.00000,0.00000,0.00000,0.00000,0.00000,0.00000,0.00000,0.00000,0.00000,0.00000,0.00000,0.00000,0.00000,0.00000,0.00000,0.00000,0.00000,0.00000,0.00000,0.00000,0.00000,0.00000,0.00000,0.00000,0.00000,0.00000,0.00000,0.00000,0.00000,0.00000,0.00000,0.00000,0.00000,0.00000,0.00000,0.00000,0.01202,0.00000,0.00000,0.00000,0.00000,0.00000,0.00000,0.00000,0.00000,0.00000,0.00000,0.00000,0.00000,0.00000,0.00000,0.00000,0.00000,0.00000,0.00000,0.00000,0.00000,0.00000,0.00000,0.00000,0.00000,0.00000,0.00000,0.00000,0.00000,0.00000,0.00000,0.00000,0.00000,0.00000,0.00000,0.00000,0.00000,0.00000,0.00000,0.00000,0.00000,0.00000,0.00000,0.00000,0.00000,0.00000,0.00000,0.00000,0.00000,0.00000,0.00000,0.00000,0.00000,0.00000,0.00000,0.00000,0.00000,0.00000,0.00000,0.00000,0.00000,0.00000,0.00000,0.00000,0.00000,0.00000,0.00000,0.00000,0.00000,0.00000,0.00000,0.00000,0.00000,0.00000,0.00000,0.00000,0.00000,0.00000,0.00000,0.00000,0.00000,0.00000,0.00000,0.00000,0.00000,0.00000,0.00000,0.09046,0.09898,0.00000,0.00000,0.00000,0.00000
ALPN_DA2_R,0.00000,0.00000,0.00000,0.00000,0.00000,0.00000,0.00000,0.00000,0.00000,0.00000,0.00000,0.00000,0.00000,0.00000,0.00000,0.00000,0.00000,0.00000,0.00000,0.00000,0.00000,0.00000,0.00000,0.00000,0.00000,0.00000,0.00000,0.00000,0.00000,0.00000,0.00000,0.00000,0.00000,0.00000,0.00000,0.00000,0.00000,0.00000,0.00000,0.00653,0.00000,0.00000,0.00000,0.00000,0.00000,0.00000,1.00000,1.00000,0.00000,0.00000,0.00000,0.00000,0.00000,0.00000,0.00000,0.00000,0.00000,0.00000,0.00000,0.00000,0.00000,0.00000,0.00000,0.00000,0.00000,0.00000,0.00000,0.00000,0.00000,0.00000,0.00000,0.00000,0.00000,0.00000,0.00000,0.00000,0.00000,0.00000,0.00000,0.00000,0.00000,0.00000,0.00000,0.00000,0.00000,0.00682,0.00000,0.00000,0.00000,0.00000,0.00000,0.00000,0.00000,0.00000,0.00000,0.00000,0.00000,0.00000,0.00000,0.00000,0.00000,0.00000,0.00000,0.00000,0.00000,0.00000,0.00000,0.00000,0.00000,0.00000,0.00000,0.00000,0.00000,0.00000,0.00000,0.00000,0.00000,0.00000,0.00000,0.00000,0.00000,0.00000,0.00000,0.00000,0.00000,0.00000,0.00000,0.00000,0.00000,0.00000,0.00000,0.00000,0.00000,0.00000,0.00000,0.00000,0.00000,0.00000,0.00000,0.00000,0.00000,0.00000,0.00000,0.00000,0.00000,0.00000,0.00000,0.00000,0.00000,0.00000,0.00000,0.00000,0.00000,0.00000,0.00000,0.00000,0.00000,0.00000,0.00000,0.00000,0.00000,0.00000,0.00000,0.00000,0.00000,0.00000,0.00000,0.00000,0.00000,0.00000,0.00000,0.00000,0.00000,0.00000,0.00000,0.00000,0.00000,0.00000,0.00000,0.00000,0.00000,0.00000,0.00000,0.00000,0.00000,0.00000,0.00000,0.00000,0.00000,0.00000,0.00000,0.00000,0.00000,0.00000,0.00000,0.00000,0.00000,0.00000,0.00000,0.00000,0.00000,0.00000,0.00000,0.00000,0.00000,0.00000,0.00000,0.00000,0.00000,0.00000,0.00000,0.00000,0.00000,0.00000,0.00000,0.00000,0.00000,0.00000,0.00000,0.00000,0.00000,0.00000,0.00000,0.00000,0.00000,0.00000,0.00000,0.00000,0.00000,0.01202,0.00000,0.00000,0.00000,0.00000,0.00000,0.00000,0.00000,0.00000,0.00000,0.00000,0.00000,0.00000,0.00000,0.00000,0.00000,0.00000,0.00000,0.00000,0.00000,0.00000,0.00000,0.00000,0.00000,0.00000,0.00000,0.00000,0.00000,0.00000,0.00000,0.00000,0.00000,0.00000,0.00000,0.00000,0.00000,0.00000,0.00000,0.00000,0.00000,0.00000,0.00000,0.00000,0.00000,0.00000,0.00000,0.00000,0.00000,0.00000,0.00000,0.00000,0.00000,0.00000,0.00000,0.00000,0.00000,0.00000,0.00000,0.00000,0.00000,0.00000,0.00000,0.00000,0.00000,0.00000,0.00000,0.00000,0.00000,0.00000,0.00000,0.00000,0.00000,0.00000,0.00000,0.00000,0.00000,0.00000,0.00000,0.00000,0.00000,0.00000,0.00000,0.00000,0.00000,0.00000,0.00000,0.00000,0.09046,0.09898,0.00000,0.00000,0.00000,0.00000
ALPN_DC3_L,0.99313,0.99080,0.00000,0.99265,0.99400,0.99420,0.99163,0.99294,0.99280,0.99274,0.99303,0.99139,0.99196,0.99374,0.99239,0.99221,0.99299,0.99110,0.99160,0.99332,0.99123,0.99442,0.99344,0.99304,0.99155,0.98771,0.99315,0.99208,0.99268,0.99320,0.99213,0.99261,0.99441,0.99324,0.99249,0.99135,0.99241,0.99371,0.99326,0.99314,0.99267,0.99237,0.99164,0.99199,0.99410,0.99197,0.00000,0.00000,1.00000,0.99412,0.99415,0.99374,0.99234,0.99442,0.99155,0.99373,0.99169,0.99204,0.99334,0.99283,0.99376,0.99120,0.99188,0.99306,0.99281,0.99146,0.99165,0.99215,0.99354,0.99216,0.99202,0.99380,0.99433,0.99126,0.99287,0.99292,0.99443,0.99139,0.99335,0.99184,0.99082,0.99309,0.00000,0.99351,0.99167,0.99307,0.99275,0.04978,0.00000,0.00000,0.00230,0.00000,0.00280,0.07296,0.00000,0.00000,0.00000,0.00000,0.00000,0.00000,0.02874,0.00000,0.02731,0.00000,0.13265,0.33182,0.37397,0.07296,0.07296,0.00000,0.02800,0.03799,0.00000,0.04934,0.00000,0.00000,0.05306,0.00000,0.00460,0.00000,0.10083,0.13108,0.06788,0.12658,0.16369,0.00000,0.03570,0.05661,0.12378,0.08734,0.07748,0.06813,0.00000,0.03781,0.08058,0.09932,0.00000,0.05081,0.00000,0.00000,0.09286,0.00000,0.15508,0.17036,0.20802,0.04317,0.21581,0.13901,0.13924,0.13510,0.12345,0.03020,0.14472,0.06685,0.30119,0.20224,0.31086,0.31794,0.14503,0.15117,0.04689,0.17694,0.07182,0.14450,0.14689,0.19620,0.05850,0.13369,0.14320,0.16540,0.16662,0.25902,0.11031,0.24887,0.10393,0.16729,0.40070,0.04532,0.12748,0.11804,0.18480,0.11859,0.17472,0.23317,0.17316,0.47169,0.42622,0.11708,0.12202,0.09756,0.13649,0.24723,0.34528,0.08260,0.14469,0.10260,0.15866,0.41796,0.49688,0.00000,0.00000,0.17259,0.07282,0.05378,0.05818,0.00000,0.00000,0.00000,0.00000,0.03695,0.00938,0.21279,0.00188,0.00000,0.00000,0.00000,0.00000,0.00000,0.00000,0.00000,0.00000,0.00000,0.49352,0.00000,0.00000,0.00000,0.00000,0.00000,0.00000,0.06037,0.89852,0.02825,0.04061,0.01310,0.03600,0.00000,0.00000,0.00000,0.00000,0.48667,0.49470,0.00000,0.00000,0.00000,0.00000,0.00000,0.03134,0.05470,0.03666,0.04820,0.07080,0.06178,0.05813,0.00000,0.00000,0.00000,0.00000,0.04041,0.05235,0.00000,0.00000,0.00000,0.00000,0.00000,0.00000,0.00000,0.00000,0.02788,0.02019,0.00000,0.00000,0.00000,0.00000,0.02945,0.00000,0.00000,0.00000,0.00000,0.00000,0.40300,0.40968,0.00000,0.00000,0.00000,0.00000,0.00000,0.00000,0.00895,0.00608,0.05411,0.00000,0.06515,0.21821,0.00000,0.00000,0.00000,0.00000,0.00000,0.00000,0.00000,0.00000,0.00000,0.00000,0.00000,0.00000,0.00000,0.00000,0.00000,0.00000,0.00000,0.00000,0.00000,0.00000,0.00000,0.04035,0.02744,0.94155,0.94649,0.05977,0.06303,0.98002,0.96392
ALPN_DC4_L,0.99245,0.99122,0.00000,0.99244,0.99341,0.99466,0.99271,0.99097,0.99333,0.99340,0.99157,0.99129,0.99211,0.99447,0.99221,0.99366,0.99387,0.99098,0.99284,0.99346,0.99113,0.99396,0.99357,0.99357,0.99149,0.98667,0.99244,0.99227,0.99235,0.99366,0.99325,0.99447,0.99348,0.99258,0.99369,0.98891,0.99232,0.99287,0.99289,0.99443,0.99049,0.99303,0.99256,0.99273,0.99438,0.99264,0.00000,0.00000,0.99412,1.00000,0.99402,0.99297,0.99309,0.99393,0.99059,0.99365,0.99100,0.99198,0.99340,0.99346,0.99471,0.99038,0.99421,0.99292,0.99327,0.99252,0.99176,0.99323,0.99445,0.99253,0.99373,0.99404,0.99279,0.99097,0.99316,0.99221,0.99488,0.99256,0.99275,0.99188,0.99218,0.99273,0.00000,0.99234,0.99352,0.99384,0.99143,0.04911,0.00000,0.00000,0.00983,0.00000,0.00299,0.07797,0.00000,0.00000,0.00000,0.00000,0.00000,0.00000,0.02048,0.00000,0.02501,0.00000,0.12759,0.32485,0.36973,0.07797,0.08506,0.00000,0.02520,0.03480,0.00000,0.04733,0.00000,0.00000,0.04962,0.00000,0.00416,0.00000,0.10187,0.11805,0.08277,0.12311,0.16465,0.00000,0.02739,0.05475,0.12536,0.08946,0.08238,0.06205,0.00000,0.02623,0.09224,0.09442,0.00000,0.04722,0.00000,0.00000,0.09372,0.00000,0.15561,0.16865,0.20451,0.03954,0.21966,0.13648,0.14478,0.13734,0.12218,0.02791,0.14720,0.06111,0.29998,0.19592,0.30504,0.31626,0.15032,0.15179,0.05135,0.17457,0.06962,0.15164,0.15706,0.20201,0.06849,0.13915,0.14817,0.16436,0.18213,0.26254,0.12548,0.25040,0.12370,0.16456,0.40137,0.05581,0.12294,0.13045,0.18858,0.12954,0.17421,0.23676,0.17259,0.46185,0.42353,0.11797,0.11790,0.09345,0.14330,0.25274,0.34369,0.08733,0.14557,0.10990,0.16327,0.41401,0.48489,0.00000,0.00000,0.18445,0.07826,0.06149,0.04830,0.00000,0.00000,0.00000,0.00000,0.03159,0.00668,0.21472,0.00134,0.00000,0.00000,0.00000,0.00000,0.00000,0.00000,0.00000,0.00000,0.00000,0.49544,0.00000,0.00000,0.00000,0.00000,0.00000,0.00000,0.05561,0.89628,0.02650,0.03765,0.01260,0.03206,0.00000,0.00000,0.00000,0.00000,0.49142,0.49765,0.00000,0.00000,0.00000,0.00000,0.00000,0.03215,0.05188,0.03413,0.04431,0.06776,0.05645,0.05446,0.00000,0.00000,0.00000,0.00000,0.03729,0.04852,0.00000,0.00000,0.00000,0.00000,0.00000,0.00000,0.00000,0.00000,0.02786,0.01982,0.00000,0.00000,0.00000,0.00000,0.02762,0.00000,0.00000,0.00000,0.00000,0.00000,0.40919,0.41514,0.00000,0.00000,0.00000,0.00000,0.00000,0.00000,0.00784,0.00500,0.04897,0.00000,0.06049,0.22413,0.00000,0.00000,0.00000,0.00000,0.00000,0.00000,0.00000,0.00000,0.00000,0.00000,0.00000,0.00000,0.00000,0.00000,0.00000,0.00000,0.00000,0.00000,0.00000,0.00000,0.00000,0.03868,0.02573,0.94078,0.94547,0.05567,0.05546,0.97967,0.96124
ALPN_DC4_R,0.99286,0.99299,0.00000,0.99418,0.99217,0.99422,0.99256,0.99214,0.99263,0.99230,0.99173,0.99172,0.99224,0.99263,0.99075,0.99377,0.99424,0.99112,0.99374,0.99452,0.99114,0.99261,0.99197,0.99141,0.99062,0.98949,0.99398,0.99153,0.99343,0.99322,0.99363,0.99375,0.99404,0.99238,0.99105,0.99049,0.99054,0.99338,0.99381,0.99422,0.99120,0.99202,0.99034,0.99354,0.99258,0.99332,0.00000,0.00000,0.99415,0.99402,1.00000,0.99242,0.99242,0.99267,0.99207,0.99373,0.99234,0.99013,0.99240,0.99457,0.99374,0.99119,0.99197,0.99240,0.99177,0.99226,0.99161,0.99441,0.99289,0.99175,0.98999,0.99259,0.99269,0.99094,0.99277,0.99262,0.99399,0.99150,0.99313,0.99214,0.99161,0.99165,0.00000,0.99217,0.99377,0.99275,0.99256,0.05039,0.00000,0.00000,0.00353,0.00000,0.00613,0.07274,0.00000,0.00000,0.00000,0.00000,0.00000,0.00000,0.02101,0.00000,0.02781,0.00000,0.13092,0.31754,0.37721,0.07274,0.08001,0.00000,0.02667,0.03571,0.00000,0.05070,0.00000,0.00000,0.05091,0.00000,0.00427,0.00000,0.09022,0.11094,0.06657,0.12789,0.15747,0.00000,0.03313,0.05438,0.12401,0.08415,0.07500,0.05726,0.00000,0.02691,0.07933,0.08386,0.00000,0.04824,0.00000,0.00000,0.10183,0.00000,0.16195,0.17778,0.21052,0.04396,0.23122,0.13225,0.13714,0.14501,0.14443,0.02764,0.16495,0.06032,0.31533,0.18740,0.32250,0.31183,0.13877,0.14817,0.05120,0.19053,0.07610,0.16561,0.14746,0.20606,0.05997,0.14978,0.14237,0.16937,0.17019,0.26128,0.10928,0.26035,0.10191,0.16281,0.41698,0.04843,0.13132,0.12024,0.18930,0.12173,0.17543,0.23760,0.15749,0.46292,0.42180,0.12370,0.12657,0.10233,0.14354,0.24790,0.33917,0.08171,0.14550,0.10201,0.16268,0.41098,0.48956,0.00000,0.00000,0.17487,0.10163,0.05917,0.04501,0.00000,0.00000,0.00000,0.00000,0.04592,0.00686,0.22970,0.00069,0.00000,0.00000,0.00000,0.00000,0.00000,0.00000,0.00000,0.00000,0.00000,0.49837,0.00000,0.00000,0.00000,0.00000,0.00000,0.00000,0.05510,0.89432,0.02537,0.03779,0.01006,0.03728,0.00000,0.00000,0.00000,0.00000,0.49095,0.49862,0.00000,0.00000,0.00000,0.00000,0.00000,0.02474,0.05024,0.03265,0.04109,0.06188,0.05544,0.05208,0.00000,0.00000,0.00000,0.00000,0.03585,0.04706,0.00000,0.00000,0.00000,0.00000,0.00000,0.00000,0.00000,0.00000,0.02823,0.02008,0.00000,0.00000,0.00000,0.00000,0.03032,0.00000,0.00000,0.00000,0.00000,0.00000,0.40885,0.41677,0.00000,0.00000,0.00000,0.00000,0.00000,0.00000,0.00755,0.00513,0.05025,0.00000,0.05995,0.22217,0.00000,0.00000,0.00000,0.00000,0.00000,0.00000,0.00000,0.00000,0.00000,0.00000,0.00000,0.00000,0.00000,0.00000,0.00000,0.00000,0.00000,0.00000,0.00000,0.00000,0.00000,0.04277,0.03029,0.94025,0.94666,0.06421,0.07240,0.98138,0.96487
ALPN_DL2d_L,0.99227,0.99033,0.00000,0.99002,0.99259,0.99260,0.98959,0.99031,0.99106,0.99029,0.99144,0.98720,0.98882,0.99111,0.99133,0.99144,0.99089,0.98680,0.99134,0.99060,0.98750,0.99208,0.99097,0.98937,0.98867,0.98679,0.99125,0.98953,0.98800,0.99128,0.99151,0.98996,0.99110,0.99319,0.98995,0.98748,0.99081,0.99024,0.99124,0.99263,0.99192,0.98952,0.99177,0.98909,0.99362,0.98979,0.00000,0.00000,0.99374,0.99297,0.99242,1.00000,0.99045,0.99206,0.98909,0.99352,0.98997,0.99209,0.99126,0.99034,0.99283,0.98870,0.99035,0.98953,0.99177,0.98872,0.99254,0.99100,0.99230,0.98822,0.99064,0.99375,0.99239,0.98875,0.99420,0.98898,0.99327,0.98961,0.99200,0.98905,0.98877,0.99247,0.00000,0.99341,0.99001,0.99263,0.99102,0.04765,0.00000,0.00000,0.00715,0.00000,0.00870,0.05502,0.00000,0.00000,0.00000,0.00000,0.00000,0.00000,0.03612,0.00000,0.02225,0.00000,0.13067,0.33698,0.35457,0.05502,0.06877,0.00000,0.02827,0.02813,0.00000,0.04109,0.00000,0.00000,0.05502,0.00000,0.00404,0.00000,0.08929,0.12998,0.07348,0.11723,0.16886,0.00000,0.03243,0.04801,0.10852,0.09258,0.07317,0.07438,0.00000,0.04470,0.07984,0.10645,0.00000,0.05167,0.00000,0.00000,0.09628,0.00000,0.15597,0.17404,0.20790,0.03517,0.22232,0.13729,0.14167,0.13740,0.13039,0.02908,0.15293,0.06675,0.31443,0.19864,0.32090,0.31254,0.15781,0.16571,0.06368,0.18048,0.07888,0.16019,0.16092,0.21436,0.06950,0.15210,0.15853,0.17782,0.19266,0.27451,0.11870,0.25923,0.10827,0.16664,0.42577,0.05301,0.12763,0.12733,0.18759,0.13342,0.18324,0.24274,0.18069,0.47264,0.42011,0.12622,0.12565,0.10369,0.13986,0.24458,0.33402,0.09528,0.16028,0.10992,0.16065,0.42112,0.48538,0.00000,0.00000,0.17993,0.08279,0.05233,0.06000,0.00000,0.00000,0.00000,0.00000,0.03831,0.00973,0.22063,0.00130,0.00000,0.00000,0.00000,0.00000,0.00000,0.00000,0.00000,0.00000,0.00000,0.49909,0.00000,0.00000,0.00000,0.00000,0.00000,0.00000,0.06094,0.89291,0.02883,0.04250,0.01336,0.04562,0.00000,0.00000,0.00000,0.00000,0.49587,0.50213,0.00000,0.00000,0.00000,0.00000,0.00000,0.03509,0.05720,0.03831,0.05041,0.07472,0.06339,0.06097,0.00000,0.00000,0.00000,0.00000,0.04247,0.05391,0.00000,0.00000,0.00000,0.00000,0.00000,0.00000,0.00000,0.00000,0.02806,0.01996,0.00000,0.00000,0.00000,0.00000,0.03366,0.00000,0.00000,0.00000,0.00000,0.00000,0.41115,0.41652,0.00000,0.00000,0.00000,0.00000,0.00000,0.00000,0.00832,0.00534,0.05701,0.00000,0.06688,0.21886,0.00000,0.00000,0.00000,0.00000,0.00000,0.00000,0.00000,0.00000,0.00000,0.00000,0.00000,0.00000,0.00000,0.00000,0.00000,0.00000,0.00000,0.00000,0.00000,0.00000,0.00000,0.04170,0.03516,0.94153,0.94521,0.06427,0.06535,0.98019,0.96424
ALPN_DL2d_R,0.99036,0.98698,0.00000,0.99149,0.99296,0.99354,0.99112,0.99272,0.99300,0.99313,0.99106,0.99210,0.99246,0.99437,0.99122,0.99278,0.99129,0.99414,0.99140,0.99421,0.99282,0.99243,0.99092,0.99251,0.98940,0.98712,0.99351,0.99080,0.99181,0.99053,0.99186,0.99300,0.99302,0.99368,0.99177,0.98888,0.99289,0.99208,0.99281,0.99253,0.98938,0.99120,0.99151,0.99208,0.99172,0.99130,0.00000,0.00000,0.99234,0.99309,0.99242,0.99045,1.00000,0.99096,0.99252,0.99134,0.98960,0.99077,0.99140,0.99356,0.99087,0.99277,0.98987,0.99433,0.99098,0.99248,0.98947,0.99032,0.99069,0.99052,0.99163,0.98989,0.99244,0.98912,0.99002,0.99179,0.99265,0.99161,0.99246,0.99169,0.99337,0.99177,0.00000,0.99275,0.99369,0.99057,0.99192,0.04412,0.00000,0.00000,0.00096,0.00000,0.00586,0.09031,0.00000,0.00000,0.00000,0.00000,0.00000,0.00000,0.03649,0.00000,0.02656,0.00000,0.12504,0.31320,0.37702,0.09031,0.09726,0.00000,0.02624,0.03979,0.00000,0.05127,0.00000,0.00000,0.04863,0.00000,0.00445,0.00000,0.11297,0.15172,0.08425,0.12661,0.15610,0.00000,0.03755,0.05835,0.13473,0.10960,0.07660,0.08139,0.00000,0.04515,0.09490,0.12189,0.00000,0.05015,0.00000,0.00000,0.09185,0.00000,0.16026,0.17467,0.20936,0.04198,0.21111,0.14154,0.13461,0.14779,0.12015,0.03032,0.14255,0.06796,0.29412,0.20620,0.29773,0.32351,0.15566,0.15846,0.05763,0.18230,0.08699,0.15475,0.14652,0.19500,0.05820,0.13738,0.13730,0.15773,0.16900,0.25928,0.12282,0.27026,0.12226,0.18600,0.39366,0.04564,0.13297,0.11799,0.18305,0.11763,0.17894,0.24652,0.19085,0.46186,0.43106,0.13675,0.13401,0.09896,0.14354,0.24358,0.35288,0.07890,0.14371,0.09894,0.15830,0.42252,0.52224,0.00000,0.00000,0.17684,0.08320,0.05142,0.06369,0.00000,0.00000,0.00000,0.00000,0.03096,0.00982,0.20148,0.00131,0.00000,0.00000,0.00000,0.00000,0.00000,0.00000,0.00000,0.00000,0.00000,0.48024,0.00000,0.00000,0.00000,0.00000,0.00000,0.00000,0.05822,0.89563,0.02702,0.03931,0.01143,0.03561,0.00000,0.00000,0.00000,0.00000,0.47731,0.48596,0.00000,0.00000,0.00000,0.00000,0.00000,0.02757,0.05288,0.03469,0.04519,0.06729,0.05870,0.05631,0.00000,0.00000,0.00000,0.00000,0.03836,0.05016,0.00000,0.00000,0.00000,0.00000,0.00000,0.00000,0.00000,0.00000,0.02661,0.01894,0.00000,0.00000,0.00000,0.00000,0.02865,0.00000,0.00000,0.00000,0.00000,0.00000,0.39726,0.40014,0.00000,0.00000,0.00000,0.00000,0.00000,0.00000,0.00793,0.00588,0.04982,0.00000,0.06265,0.21894,0.00000,0.00000,0.00000,0.00000,0.00000,0.00000,0.00000,0.00000,0.00000,0.00000,0.00000,0.00000,0.00000,0.00000,0.00000,0.00000,0.00000,0.00000,0.00000,0.00000,0.00000,0.03778,0.02880,0.93622,0.94119,0.05266,0.05378,0.98104,0.96030
ALPN_DL2v_L,0.99195,0.99140,0.00000,0.99165,0.99244,0.99461,0.99080,0.99171,0.99211,0.99262,0.99114,0.99117,0.99199,0.99331,0.98939,0.99231,0.99204,0.99070,0.99005,0.99228,0.98979,0.99406,0.99144,0.99228,0.99297,0.98375,0.99017,0.99153,0.99187,0.99374,0.99175,0.99268,0.99347,0.99142,0.99164,0.99044,0.99193,0.99271,0.99275,0.99209,0.99120,0.99115,0.99053,0.99224,0.99328,0.99154,0.00000,0.00000,0.99442,0.99393,0.99267,0.99206,0.99096,1.00000,0.99028,0.99257,0.99235,0.99109,0.99332,0.99282,0.99399,0.99184,0.99162,0.99279,0.99188,0.99160,0.99194,0.99198,0.99333,0.99271,0.99220,0.99425,0.99224,0.99259,0.99100,0.99221,0.99417,0.99276,0.99188,0.99198,0.99106,0.99312,0.00000,0.99195,0.99039,0.99308,0.99173,0.05148,0.00000,0.00000,0.00713,0.00000,0.00289,0.07544,0.00000,0.00000,0.00000,0.00000,0.00000,0.00000,0.02612,0.00000,0.02420,0.00000,0.13031,0.33567,0.36188,0.07544,0.08916,0.00000,0.02896,0.03367,0.00000,0.04660,0.00000,0.00000,0.05487,0.00000,0.00476,0.00000,0.10175,0.13079,0.07977,0.12427,0.16624,0.00000,0.03707,0.05529,0.12263,0.09493,0.07869,0.06698,0.00000,0.03292,0.09036,0.10049,0.00000,0.04952,0.00000,0.00000,0.09602,0.00000,0.15733,0.16837,0.20817,0.03826,0.22285,0.13514,0.14368,0.14325,0.13152,0.03158,0.15222,0.06416,0.30198,0.19519,0.31141,0.32023,0.15611,0.15428,0.04588,0.17635,0.06877,0.14863,0.15424,0.19828,0.07570,0.13663,0.14623,0.16348,0.17874,0.26162,0.11902,0.24973,0.12750,0.17533,0.38654,0.05922,0.13358,0.13162,0.18772,0.13075,0.17642,0.25110,0.17402,0.47237,0.41435,0.12568,0.12315,0.09565,0.14659,0.25174,0.32958,0.08643,0.15248,0.10798,0.16294,0.42660,0.48784,0.00000,0.00000,0.17847,0.06931,0.05077,0.05423,0.00000,0.00000,0.00000,0.00000,0.03821,0.00647,0.21218,0.00129,0.00000,0.00000,0.00000,0.00000,0.00000,0.00000,0.00000,0.00000,0.00000,0.49144,0.00000,0.00000,0.00000,0.00000,0.00000,0.00000,0.05657,0.89351,0.02610,0.03855,0.01196,0.03929,0.00000,0.00000,0.00000,0.00000,0.48035,0.48729,0.00000,0.00000,0.00000,0.00000,0.00000,0.02722,0.05165,0.03364,0.04505,0.06578,0.05645,0.05466,0.00000,0.00000,0.00000,0.00000,0.03698,0.04842,0.00000,0.00000,0.00000,0.00000,0.00000,0.00000,0.00000,0.00000,0.02764,0.01967,0.00000,0.00000,0.00000,0.00000,0.03108,0.00000,0.00000,0.00000,0.00000,0.00000,0.40261,0.40488,0.00000,0.00000,0.00000,0.00000,0.00000,0.00000,0.00806,0.00532,0.05054,0.00000,0.06155,0.21756,0.00000,0.00000,0.00000,0.00000,0.00000,0.00000,0.00000,0.00000,0.00000,0.00000,0.00000,0.00000,0.00000,0.00000,0.00000,0.00000,0.00000,0.00000,0.00000,0.00000,0.00000,0.04073,0.02554,0.94115,0.94480,0.06076,0.06911,0.97952,0.96170
ALPN_DL2v_R,0.99066,0.98940,0.00000,0.99145,0.99181,0.99173,0.99063,0.99122,0.99159,0.99312,0.99035,0.99277,0.99222,0.99185,0.98859,0.99092,0.99116,0.99173,0.99156,0.99349,0.99358,0.99092,0.98926,0.99233,0.98806,0.98803,0.99233,0.99190,0.99094,0.99153,0.98891,0.99164,0.99309,0.99324,0.99018,0.98916,0.99163,0.99227,0.99268,0.99275,0.98910,0.99167,0.98898,0.99348,0.98999,0.99157,0.00000,0.00000,0.99155,0.99059,0.99207,0.98909,0.99252,0.99028,1.00000,0.99150,0.98943,0.98673,0.98894,0.99222,0.99114,0.99336,0.98858,0.99213,0.98963,0.99002,0.98911,0.98994,0.98970,0.99136,0.98930,0.98939,0.99214,0.98813,0.98903,0.98999,0.99159,0.99195,0.99218,0.99105,0.99082,0.98987,0.00000,0.99096,0.99241,0.99108,0.99188,0.04978,0.00000,0.00000,0.00322,0.00000,0.00280,0.07296,0.00000,0.00000,0.00000,0.00000,0.00000,0.00000,0.02090,0.00000,0.02731,0.00000,0.13265,0.31629,0.37797,0.07296,0.08623,0.00000,0.02579,0.04341,0.00000,0.05128,0.00000,0.00000,0.04643,0.00000,0.00496,0.00000,0.09520,0.13153,0.06967,0.12942,0.15448,0.00000,0.04135,0.06273,0.12378,0.09320,0.07393,0.06764,0.00000,0.02852,0.08058,0.10297,0.00000,0.04925,0.00000,0.00000,0.10833,0.00000,0.17109,0.16964,0.21473,0.04317,0.22532,0.13780,0.13171,0.15914,0.13113,0.02713,0.15533,0.06038,0.30095,0.20258,0.30559,0.32917,0.15030,0.16389,0.05560,0.18029,0.07456,0.16568,0.14902,0.20639,0.05527,0.14825,0.14084,0.17175,0.17561,0.27153,0.11727,0.26901,0.10327,0.18716,0.38638,0.04625,0.12820,0.11566,0.18951,0.12442,0.18732,0.24255,0.18030,0.45003,0.41703,0.11113,0.11901,0.10136,0.14496,0.23408,0.33378,0.08370,0.15705,0.09512,0.15782,0.40318,0.51290,0.00000,0.00000,0.16509,0.09930,0.05286,0.05547,0.00000,0.00000,0.00000,0.00000,0.03449,0.00782,0.21849,0.00031,0.00000,0.00000,0.00000,0.00000,0.00000,0.00000,0.00000,0.00000,0.00000,0.48287,0.00000,0.00000,0.00000,0.00000,0.00000,0.00000,0.05886,0.89560,0.02791,0.04022,0.01288,0.03400,0.00000,0.00000,0.00000,0.00000,0.48119,0.49228,0.00000,0.00000,0.00000,0.00000,0.00000,0.03134,0.05384,0.03617,0.04525,0.06847,0.06041,0.05634,0.00000,0.00000,0.00000,0.00000,0.03930,0.05146,0.00000,0.00000,0.00000,0.00000,0.00000,0.00000,0.00000,0.00000,0.02838,0.02019,0.00000,0.00000,0.00000,0.00000,0.02825,0.00000,0.00000,0.00000,0.00000,0.00000,0.39833,0.40592,0.00000,0.00000,0.00000,0.00000,0.00000,0.00000,0.00757,0.00655,0.05193,0.00000,0.06310,0.22364,0.00000,0.00000,0.00000,0.00000,0.00000,0.00000,0.00000,0.00000,0.00000,0.00000,0.00000,0.00000,0.00000,0.00000,0.00000,0.00000,0.00000,0.00000,0.00000,0.00000,0.00000,0.03786,0.02763,0.93859,0.94262,0.05815,0.05950,0.97888,0.96385
ALPN_DL3_L,0.99302,0.99339,0.00000,0.99239,0.99162,0.99507,0.99216,0.99103,0.99274,0.99308,0.99134,0.99122,0.99140,0.99245,0.98972,0.99388,0.99252,0.98868,0.99223,0.99187,0.98983,0.99407,0.99223,0.99117,0.98851,0.98803,0.99135,0.99069,0.99110,0.99420,0.99238,0.99222,0.99305,0.99338,0.98976,0.98814,0.99138,0.99203,0.99289,0.99342,0.99178,0.99110,0.99165,0.99215,0.99345,0.99122,0.00000,0.00000,0.99373,0.99365,0.99373,0.99352,0.99134,0.99257,0.99150,1.00000,0.99026,0.99131,0.99328,0.99302,0.99408,0.99070,0.99246,0.99200,0.99311,0.98975,0.99329,0.99250,0.99304,0.99096,0.99146,0.99345,0.99201,0.99070,0.99382,0.98860,0.99536,0.99291,0.99325,0.99006,0.98940,0.99277,0.00000,0.99282,0.99242,0.99163,0.99101,0.05147,0.00000,0.00000,0.00475,0.00000,0.00578,0.06857,0.00000,0.00000,0.00000,0.00000,0.00000,0.00000,0.01351,0.00000,0.02420,0.00000,0.13029,0.33542,0.35975,0.06857,0.06857,0.00000,0.02819,0.03366,0.00000,0.04418,0.00000,0.00000,0.05486,0.00000,0.00512,0.00000,0.08823,0.10667,0.07543,0.11983,0.16404,0.00000,0.03202,0.05497,0.11825,0.07529,0.07418,0.05373,0.00000,0.01989,0.08405,0.08158,0.00000,0.04629,0.00000,0.00000,0.09600,0.00000,0.15090,0.16241,0.20960,0.03825,0.21554,0.13892,0.14036,0.13730,0.13309,0.03157,0.15352,0.06881,0.30819,0.20212,0.31844,0.32360,0.14670,0.15450,0.05208,0.18359,0.06672,0.15748,0.15790,0.20945,0.06383,0.14581,0.14823,0.16924,0.17879,0.27053,0.11245,0.25357,0.11568,0.16137,0.42998,0.05207,0.12726,0.12456,0.18674,0.12647,0.17639,0.23544,0.17000,0.45515,0.40504,0.11864,0.12321,0.09386,0.13293,0.23215,0.32400,0.08545,0.15281,0.10535,0.15825,0.41605,0.47873,0.00000,0.00000,0.17262,0.09667,0.05341,0.04821,0.00000,0.00000,0.00000,0.00000,0.04075,0.00970,0.23227,0.00517,0.00000,0.00000,0.00000,0.00000,0.00000,0.00000,0.00000,0.00000,0.00000,0.50288,0.00000,0.00000,0.00000,0.00000,0.00000,0.00000,0.05553,0.89593,0.02667,0.03867,0.01129,0.03308,0.00000,0.00000,0.00000,0.00000,0.49808,0.50625,0.00000,0.00000,0.00000,0.00000,0.00000,0.02721,0.05180,0.03373,0.04417,0.06598,0.05719,0.05396,0.00000,0.00000,0.00000,0.00000,0.03689,0.04850,0.00000,0.00000,0.00000,0.00000,0.00000,0.00000,0.00000,0.00000,0.02763,0.01966,0.00000,0.00000,0.00000,0.00000,0.02828,0.00000,0.00000,0.00000,0.00000,0.00000,0.41070,0.41897,0.00000,0.00000,0.00000,0.00000,0.00000,0.00000,0.00806,0.00580,0.04963,0.00000,0.05967,0.22349,0.00000,0.00000,0.00000,0.00000,0.00000,0.00000,0.00000,0.00000,0.00000,0.00000,0.00000,0.00000,0.00000,0.00000,0.00000,0.00000,0.00000,0.00000,0.00000,0.00000,0.00000,0.04211,0.02811,0.94334,0.94632,0.06430,0.06657,0.98152,0.96579
ALPN_DL3_R,0.99294,0.99084,0.00000,0.99305,0.99177,0.99256,0.99238,0.99127,0.99030,0.99130,0.98789,0.99037,0.99070,0.99177,0.98721,0.99040,0.99081,0.99017,0.98884,0.99147,0.98933,0.98984,0.99110,0.99121,0.99310,0.98454,0.99050,0.98845,0.98978,0.99217,0.99088,0.99015,0.99279,0.98877,0.99211,0.99281,0.99171,0.99219,0.99071,0.98962,0.98691,0.99164,0.98629,0.99287,0.99063,0.99217,0.00000,0.00000,0.99169,0.99100,0.99234,0.98997,0.98960,0.99235,0.98943,0.99026,1.00000,0.98724,0.98997,0.99201,0.98955,0.99222,0.98900,0.99117,0.98985,0.99169,0.98879,0.99078,0.99074,0.99105,0.98804,0.99067,0.98960,0.99330,0.98810,0.99197,0.99203,0.99285,0.99042,0.99213,0.99094,0.98858,0.00000,0.98957,0.98955,0.99064,0.99237,0.04825,0.00000,0.00000,0.00097,0.00000,0.00881,0.08356,0.00000,0.00000,0.00000,0.00000,0.00000,0.00000,0.03017,0.00000,0.02867,0.00000,0.13927,0.31993,0.40103,0.08356,0.07660,0.00000,0.02553,0.03988,0.00000,0.05180,0.00000,0.00000,0.04875,0.00000,0.00446,0.00000,0.10814,0.12915,0.09199,0.13289,0.15911,0.00000,0.03236,0.05975,0.13642,0.08730,0.08301,0.06527,0.00000,0.03691,0.10340,0.09723,0.00000,0.05314,0.00000,0.00000,0.09749,0.00000,0.14294,0.17848,0.19259,0.04532,0.22015,0.13408,0.13524,0.15506,0.13404,0.02992,0.15837,0.06499,0.30094,0.19378,0.30643,0.32646,0.15780,0.16351,0.04780,0.18744,0.05404,0.16186,0.15660,0.21320,0.06358,0.14794,0.15362,0.17770,0.18437,0.27444,0.11338,0.27160,0.11946,0.17844,0.37712,0.05288,0.13872,0.12595,0.19518,0.12396,0.18550,0.25362,0.17639,0.45958,0.42754,0.12614,0.13188,0.09731,0.14791,0.24623,0.33247,0.08990,0.16192,0.10826,0.16907,0.40748,0.50046,0.00000,0.00000,0.17530,0.06950,0.05819,0.05356,0.00000,0.00000,0.00000,0.00000,0.03362,0.00328,0.21144,0.00131,0.00000,0.00000,0.00000,0.00000,0.00000,0.00000,0.00000,0.00000,0.00000,0.49684,0.00000,0.00000,0.00000,0.00000,0.00000,0.00000,0.05685,0.89117,0.02697,0.04008,0.01123,0.04199,0.00000,0.00000,0.00000,0.00000,0.49121,0.49769,0.00000,0.00000,0.00000,0.00000,0.00000,0.02764,0.05293,0.03498,0.04552,0.06723,0.05876,0.05621,0.00000,0.00000,0.00000,0.00000,0.03845,0.04926,0.00000,0.00000,0.00000,0.00000,0.00000,0.00000,0.00000,0.00000,0.02841,0.02021,0.00000,0.00000,0.00000,0.00000,0.03219,0.00000,0.00000,0.00000,0.00000,0.00000,0.41179,0.41689,0.00000,0.00000,0.00000,0.00000,0.00000,0.00000,0.00795,0.00589,0.05269,0.00000,0.06256,0.22731,0.00000,0.00000,0.00000,0.00000,0.00000,0.00000,0.00000,0.00000,0.00000,0.00000,0.00000,0.00000,0.00000,0.00000,0.00000,0.00000,0.00000,0.00000,0.00000,0.00000,0.00000,0.03988,0.03129,0.94085,0.94914,0.05915,0.06361,0.98032,0.96696
ALPN_DM5_L,0.98979,0.98854,0.00000,0.98866,0.99204,0.99171,0.98870,0.98831,0.98910,0.98969,0.99263,0.98792,0.99060,0.99116,0.99285,0.99270,0.99004,0.98671,0.98900,0.98985,0.98652,0.99222,0.99132,0.99040,0.98706,0.98521,0.98984,0.98792,0.99032,0.99026,0.99045,0.98938,0.98981,0.99244,0.98755,0.98412,0.98725,0.98965,0.99108,0.99001,0.99137,0.98820,0.99120,0.98942,0.99144,0.98742,0.00000,0.00000,0.99204,0.99198,0.99013,0.99209,0.99077,0.99109,0.98673,0.99131,0.98724,1.00000,0.99268,0.98943,0.99283,0.98595,0.99003,0.99051,0.99283,0.98886,0.98900,0.98959,0.99233,0.98651,0.99035,0.99316,0.99016,0.98723,0.99146,0.98727,0.99296,0.98813,0.99097,0.98666,0.98757,0.99219,0.00000,0.99120,0.98847,0.98920,0.98883,0.05039,0.00000,0.00000,0.01311,0.00000,0.00920,0.07273,0.00000,0.00000,0.00000,0.00000,0.00000,0.00000,0.02101,0.00000,0.02353,0.00000,0.12363,0.32851,0.34646,0.07273,0.07273,0.00000,0.02667,0.02975,0.00000,0.04345,0.00000,0.00000,0.05091,0.00000,0.00388,0.00000,0.09793,0.12505,0.07639,0.11618,0.16617,0.00000,0.03262,0.05028,0.11867,0.07924,0.07564,0.05985,0.00000,0.02909,0.08678,0.09186,0.00000,0.04610,0.00000,0.00000,0.10182,0.00000,0.16532,0.17657,0.22230,0.03719,0.21222,0.13474,0.14823,0.13432,0.11526,0.02888,0.13830,0.06373,0.30957,0.19167,0.31633,0.29507,0.14182,0.15005,0.05056,0.16053,0.08225,0.13485,0.15301,0.19609,0.05867,0.13142,0.14172,0.16129,0.16644,0.26293,0.13790,0.23608,0.12422,0.17524,0.42783,0.05478,0.13791,0.12781,0.18764,0.11640,0.17607,0.23808,0.17443,0.47400,0.42154,0.12991,0.12372,0.08677,0.13362,0.25749,0.33657,0.08345,0.15258,0.11199,0.16490,0.45101,0.47009,0.00000,0.00000,0.17587,0.06623,0.04749,0.05182,0.00000,0.00000,0.00000,0.00000,0.02701,0.00686,0.20884,0.00103,0.00000,0.00000,0.00000,0.00000,0.00000,0.00000,0.00000,0.00000,0.00000,0.50053,0.00000,0.00000,0.00000,0.00000,0.00000,0.00000,0.05505,0.89229,0.02524,0.03764,0.01077,0.03508,0.00000,0.00000,0.00000,0.00000,0.49347,0.49427,0.00000,0.00000,0.00000,0.00000,0.00000,0.02474,0.04998,0.03265,0.04223,0.06233,0.05596,0.05256,0.00000,0.00000,0.00000,0.00000,0.03584,0.04724,0.00000,0.00000,0.00000,0.00000,0.00000,0.00000,0.00000,0.00000,0.02714,0.01931,0.00000,0.00000,0.00000,0.00000,0.02867,0.00000,0.00000,0.00000,0.00000,0.00000,0.40328,0.41114,0.00000,0.00000,0.00000,0.00000,0.00000,0.00000,0.00729,0.00564,0.04881,0.00000,0.06007,0.21656,0.00000,0.00000,0.00000,0.00000,0.00000,0.00000,0.00000,0.00000,0.00000,0.00000,0.00000,0.00000,0.00000,0.00000,0.00000,0.00000,0.00000,0.00000,0.00000,0.00000,0.00000,0.03857,0.02627,0.93453,0.93650,0.05092,0.05213,0.97927,0.95791
ALPN_DM6_L,0.99181,0.98994,0.00000,0.99095,0.99209,0.99391,0.99162,0.99046,0.98932,0.99145,0.99139,0.99159,0.99028,0.99274,0.99021,0.99282,0.99041,0.98983,0.99191,0.99132,0.98812,0.99305,0.99098,0.99254,0.99031,0.98181,0.99024,0.98979,0.99360,0.99134,0.99051,0.99087,0.99221,0.99055,0.98843,0.98741,0.99048,0.99104,0.99262,0.99166,0.98923,0.98981,0.98878,0.99115,0.99217,0.99077,0.00000,0.00000,0.99334,0.99340,0.99240,0.99126,0.99140,0.99332,0.98894,0.99328,0.98997,0.99268,1.00000,0.99180,0.99308,0.98991,0.99093,0.99215,0.99259,0.99010,0.99016,0.99210,0.99205,0.99196,0.99008,0.99271,0.99161,0.99151,0.99178,0.98993,0.99379,0.99050,0.99200,0.99004,0.98898,0.99083,0.00000,0.99044,0.98994,0.99200,0.98908,0.04939,0.00000,0.00000,0.00989,0.00000,0.00902,0.07129,0.00000,0.00000,0.00000,0.00000,0.00000,0.00000,0.01685,0.00000,0.02516,0.00000,0.12120,0.32937,0.35253,0.07129,0.08555,0.00000,0.02614,0.03500,0.00000,0.04760,0.00000,0.00000,0.04990,0.00000,0.00457,0.00000,0.09545,0.12054,0.05560,0.12000,0.16065,0.00000,0.03231,0.05523,0.11842,0.08458,0.07160,0.05960,0.00000,0.02424,0.06813,0.09267,0.00000,0.04415,0.00000,0.00000,0.09981,0.00000,0.16206,0.17965,0.21202,0.03977,0.20326,0.13106,0.14468,0.13444,0.11876,0.02953,0.14223,0.06490,0.28978,0.19174,0.30090,0.31291,0.13674,0.15147,0.04894,0.17644,0.08356,0.14983,0.15936,0.20579,0.07805,0.13775,0.14593,0.16236,0.17483,0.26481,0.12521,0.25677,0.10606,0.16856,0.39709,0.05389,0.13407,0.12999,0.18657,0.11931,0.17371,0.21857,0.16405,0.45157,0.40890,0.13954,0.12981,0.09127,0.13941,0.23632,0.32699,0.08322,0.15267,0.11520,0.16560,0.41074,0.48619,0.00000,0.00000,0.17442,0.07204,0.05188,0.04523,0.00000,0.00000,0.00000,0.00000,0.02913,0.00336,0.20115,0.00168,0.00000,0.00000,0.00000,0.00000,0.00000,0.00000,0.00000,0.00000,0.00000,0.50866,0.00000,0.00000,0.00000,0.00000,0.00000,0.00000,0.05705,0.89239,0.02570,0.03828,0.00986,0.03654,0.00000,0.00000,0.00000,0.00000,0.49953,0.50253,0.00000,0.00000,0.00000,0.00000,0.00000,0.02425,0.05126,0.03306,0.04231,0.06338,0.05686,0.05357,0.00000,0.00000,0.00000,0.00000,0.03615,0.04756,0.00000,0.00000,0.00000,0.00000,0.00000,0.00000,0.00000,0.00000,0.02802,0.01994,0.00000,0.00000,0.00000,0.00000,0.03004,0.00000,0.00000,0.00000,0.00000,0.00000,0.41541,0.42039,0.00000,0.00000,0.00000,0.00000,0.00000,0.00000,0.00814,0.00553,0.05113,0.00000,0.06203,0.22433,0.00000,0.00000,0.00000,0.00000,0.00000,0.00000,0.00000,0.00000,0.00000,0.00000,0.00000,0.00000,0.00000,0.00000,0.00000,0.00000,0.00000,0.00000,0.00000,0.00000,0.00000,0.03705,0.02896,0.93788,0.94035,0.05339,0.05432,0.97957,0.96122
ALPN_DM6_R,0.99121,0.99102,0.00000,0.99331,0.99195,0.99483,0.99325,0.99292,0.99157,0.99355,0.99135,0.99277,0.99231,0.99268,0.99048,0.99203,0.99328,0.99337,0.99243,0.99469,0.99288,0.99350,0.99140,0.99285,0.99089,0.98784,0.99352,0.99108,0.99265,0.99310,0.99318,0.99478,0.99445,0.99167,0.99235,0.99095,0.99151,0.99314,0.99360,0.99352,0.98976,0.99373,0.98939,0.99508,0.99282,0.99360,0.00000,0.00000,0.99283,0.99346,0.99457,0.99034,0.99356,0.99282,0.99222,0.99302,0.99201,0.98943,0.99180,1.00000,0.99240,0.99328,0.99283,0.99421,0.99253,0.99240,0.99082,0.99217,0.99162,0.99367,0.99048,0.99172,0.99302,0.99288,0.99138,0.99297,0.99404,0.99401,0.99277,0.99504,0.99291,0.99161,0.00000,0.99057,0.99422,0.99318,0.99297,0.04511,0.00000,0.00000,0.00098,0.00000,0.00599,0.08524,0.00000,0.00000,0.00000,0.00000,0.00000,0.00000,0.02332,0.00000,0.02716,0.00000,0.13496,0.32755,0.38763,0.08524,0.07813,0.00000,0.02604,0.03487,0.00000,0.04951,0.00000,0.00000,0.04972,0.00000,0.00417,0.00000,0.09318,0.11314,0.06885,0.12870,0.16364,0.00000,0.03268,0.05438,0.13429,0.08218,0.07303,0.05685,0.00000,0.02770,0.08361,0.08613,0.00000,0.05024,0.00000,0.00000,0.09392,0.00000,0.15686,0.16708,0.20493,0.04292,0.21690,0.14016,0.13330,0.14713,0.13179,0.02784,0.15201,0.06209,0.29820,0.19905,0.31606,0.32955,0.14007,0.15528,0.05436,0.18880,0.07545,0.15905,0.15429,0.20852,0.05415,0.15168,0.14409,0.16963,0.17357,0.26937,0.11267,0.26389,0.10215,0.17671,0.39907,0.04797,0.13694,0.12635,0.19616,0.11943,0.18581,0.23684,0.16727,0.46333,0.42852,0.10925,0.11716,0.09674,0.14514,0.25132,0.33956,0.08174,0.15274,0.10737,0.16973,0.40472,0.49891,0.00000,0.00000,0.16976,0.08507,0.05641,0.04276,0.00000,0.00000,0.00000,0.00000,0.04616,0.00670,0.22635,0.00502,0.00000,0.00000,0.00000,0.00000,0.00000,0.00000,0.00000,0.00000,0.00000,0.49755,0.00000,0.00000,0.00000,0.00000,0.00000,0.00000,0.05658,0.89506,0.02513,0.03649,0.01005,0.03212,0.00000,0.00000,0.00000,0.00000,0.49391,0.50287,0.00000,0.00000,0.00000,0.00000,0.00000,0.02282,0.05007,0.03231,0.04057,0.06201,0.05501,0.05157,0.00000,0.00000,0.00000,0.00000,0.03551,0.04671,0.00000,0.00000,0.00000,0.00000,0.00000,0.00000,0.00000,0.00000,0.02721,0.01936,0.00000,0.00000,0.00000,0.00000,0.02800,0.00000,0.00000,0.00000,0.00000,0.00000,0.41349,0.41718,0.00000,0.00000,0.00000,0.00000,0.00000,0.00000,0.00811,0.00501,0.05047,0.00000,0.06061,0.22641,0.00000,0.00000,0.00000,0.00000,0.00000,0.00000,0.00000,0.00000,0.00000,0.00000,0.00000,0.00000,0.00000,0.00000,0.00000,0.00000,0.00000,0.00000,0.00000,0.00000,0.00000,0.04239,0.02659,0.94092,0.94695,0.06228,0.06750,0.98201,0.96600
ALPN_VA1d_L,0.99098,0.99324,0.00000,0.99112,0.99209,0.99382,0.99208,0.99018,0.99315,0.99187,0.99121,0.99211,0.99304,0.99285,0.99163,0.99330,0.99246,0.98866,0.99113,0.99321,0.99111,0.99381,0.99252,0.99256,0.98914,0.98836,0.99145,0.99242,0.99152,0.99336,0.99170,0.99262,0.99268,0.99349,0.99127,0.98738,0.99060,0.99266,0.99202,0.99452,0.99231,0.99100,0.99194,0.99197,0.99300,0.99085,0.00000,0.00000,0.99376,0.99471,0.99374,0.99283,0.99087,0.99399,0.99114,0.99408,0.98955,0.99283,0.99308,0.99240,1.00000,0.98929,0.99344,0.99095,0.99319,0.98937,0.99290,0.99201,0.99439,0.99106,0.99330,0.99366,0.99304,0.98936,0.99365,0.98889,0.99433,0.99008,0.99341,0.98956,0.98893,0.99325,0.00000,0.99213,0.99321,0.99200,0.99083,0.04629,0.00000,0.00000,0.01158,0.00000,0.00000,0.07350,0.00000,0.00000,0.00000,0.00000,0.00000,0.00000,0.01579,0.00000,0.02358,0.00000,0.12027,0.33484,0.34852,0.07350,0.08018,0.00000,0.02747,0.03827,0.00000,0.04500,0.00000,0.00000,0.05345,0.00000,0.00428,0.00000,0.09822,0.11331,0.08254,0.11605,0.16954,0.00000,0.03089,0.05988,0.11784,0.08039,0.07925,0.05448,0.00000,0.02071,0.09091,0.08501,0.00000,0.04392,0.00000,0.00000,0.11433,0.00000,0.16836,0.18209,0.21406,0.03727,0.22710,0.14067,0.14668,0.13407,0.12726,0.02916,0.15117,0.06500,0.31190,0.19805,0.31836,0.30596,0.15288,0.15154,0.05348,0.17277,0.07358,0.14819,0.15565,0.19949,0.06456,0.13771,0.14461,0.16450,0.17698,0.25776,0.12669,0.24724,0.11296,0.16476,0.40925,0.05354,0.12268,0.12605,0.18534,0.12698,0.17079,0.24259,0.17118,0.47522,0.42248,0.12057,0.11880,0.09655,0.14015,0.25621,0.33624,0.08526,0.14860,0.10712,0.15869,0.42742,0.47864,0.00000,0.00000,0.17386,0.09461,0.05343,0.04288,0.00000,0.00000,0.00000,0.00000,0.03722,0.00315,0.22201,0.00126,0.00000,0.00000,0.00000,0.00000,0.00000,0.00000,0.00000,0.00000,0.00000,0.49307,0.00000,0.00000,0.00000,0.00000,0.00000,0.00000,0.05624,0.89611,0.02543,0.03716,0.01056,0.03022,0.00000,0.00000,0.00000,0.00000,0.48769,0.49366,0.00000,0.00000,0.00000,0.00000,0.00000,0.02399,0.05047,0.03247,0.04113,0.06174,0.05573,0.05156,0.00000,0.00000,0.00000,0.00000,0.03499,0.04726,0.00000,0.00000,0.00000,0.00000,0.00000,0.00000,0.00000,0.00000,0.02792,0.01987,0.00000,0.00000,0.00000,0.00000,0.02695,0.00000,0.00000,0.00000,0.00000,0.00000,0.40163,0.41002,0.00000,0.00000,0.00000,0.00000,0.00000,0.00000,0.00716,0.00566,0.04924,0.00000,0.06020,0.21845,0.00000,0.00000,0.00000,0.00000,0.00000,0.00000,0.00000,0.00000,0.00000,0.00000,0.00000,0.00000,0.00000,0.00000,0.00000,0.00000,0.00000,0.00000,0.00000,0.00000,0.00000,0.04045,0.02463,0.93976,0.94214,0.05878,0.06240,0.97838,0.96171
ALPN_VA1d_R,0.99161,0.98888,0.00000,0.99235,0.99111,0.99235,0.99082,0.99311,0.99161,0.99392,0.98845,0.99282,0.99153,0.99273,0.98734,0.98945,0.99127,0.99360,0.99038,0.99327,0.99218,0.99008,0.98919,0.99148,0.99070,0.98335,0.99161,0.99024,0.98998,0.99289,0.99108,0.99191,0.99428,0.99042,0.99050,0.98929,0.99337,0.99223,0.99246,0.99132,0.98749,0.99150,0.98800,0.99285,0.99078,0.99210,0.00000,0.00000,0.99120,0.99038,0.99119,0.98870,0.99277,0.99184,0.99336,0.99070,0.99222,0.98595,0.98991,0.99328,0.98929,1.00000,0.98842,0.99369,0.98933,0.99014,0.98760,0.99005,0.98886,0.99310,0.98953,0.98927,0.99017,0.99059,0.98702,0.99156,0.99156,0.99289,0.99071,0.99296,0.99194,0.99059,0.00000,0.99070,0.99237,0.99136,0.99344,0.04977,0.00000,0.00000,0.00552,0.00000,0.00559,0.09283,0.00000,0.00000,0.00000,0.00000,0.00000,0.00000,0.03918,0.00000,0.02730,0.00000,0.13261,0.31429,0.39385,0.09283,0.10609,0.00000,0.02579,0.04340,0.00000,0.05359,0.00000,0.00000,0.04641,0.00000,0.00637,0.00000,0.10924,0.15601,0.08609,0.13365,0.15276,0.00000,0.04088,0.06241,0.14059,0.11883,0.08141,0.08937,0.00000,0.05106,0.09917,0.13096,0.00000,0.05332,0.00000,0.00000,0.09799,0.00000,0.15383,0.16063,0.20004,0.04315,0.21591,0.14258,0.13456,0.16138,0.12898,0.02474,0.14952,0.05956,0.29383,0.20822,0.29727,0.34190,0.16224,0.16730,0.05133,0.19015,0.06755,0.15499,0.15268,0.20401,0.06672,0.14977,0.14547,0.17045,0.18382,0.27585,0.12032,0.27646,0.11391,0.19035,0.37487,0.05012,0.13621,0.12566,0.19290,0.12680,0.19007,0.25556,0.18839,0.46237,0.42950,0.12569,0.12140,0.11081,0.15906,0.23612,0.34107,0.08626,0.15971,0.10406,0.16587,0.40388,0.52943,0.00000,0.00000,0.16691,0.08603,0.05174,0.07219,0.00000,0.00000,0.00000,0.00000,0.04556,0.01250,0.20893,0.00063,0.00000,0.00000,0.00000,0.00000,0.00000,0.00000,0.00000,0.00000,0.00000,0.48475,0.00000,0.00000,0.00000,0.00000,0.00000,0.00000,0.05625,0.89207,0.02635,0.03867,0.01048,0.03599,0.00000,0.00000,0.00000,0.00000,0.47967,0.49195,0.00000,0.00000,0.00000,0.00000,0.00000,0.02757,0.05164,0.03389,0.04293,0.06444,0.05676,0.05408,0.00000,0.00000,0.00000,0.00000,0.03709,0.04832,0.00000,0.00000,0.00000,0.00000,0.00000,0.00000,0.00000,0.00000,0.02903,0.02066,0.00000,0.00000,0.00000,0.00000,0.02945,0.00000,0.00000,0.00000,0.00000,0.00000,0.40144,0.40447,0.00000,0.00000,0.00000,0.00000,0.00000,0.00000,0.00757,0.00514,0.04930,0.00000,0.06097,0.22357,0.00000,0.00000,0.00000,0.00000,0.00000,0.00000,0.00000,0.00000,0.00000,0.00000,0.00000,0.00000,0.00000,0.00000,0.00000,0.00000,0.00000,0.00000,0.00000,0.00000,0.00000,0.04084,0.03409,0.93995,0.94528,0.05733,0.06410,0.97852,0.96496
ALPN_VA1v_L,0.98918,0.99013,0.00000,0.98945,0.99115,0.99297,0.99192,0.98770,0.99098,0.99240,0.98969,0.99184,0.99259,0.99259,0.99123,0.99302,0.99344,0.98916,0.99113,0.99266,0.98938,0.99322,0.99280,0.99235,0.98893,0.98791,0.99119,0.99251,0.99093,0.99211,0.99332,0.99295,0.99071,0.99073,0.99068,0.98691,0.98973,0.99197,0.99028,0.99366,0.99066,0.98946,0.99033,0.99029,0.99235,0.99075,0.00000,0.00000,0.99188,0.99421,0.99197,0.99035,0.98987,0.99162,0.98858,0.99246,0.98900,0.99003,0.99093,0.99283,0.99344,0.98842,1.00000,0.99109,0.99100,0.98894,0.99122,0.99061,0.99221,0.98867,0.99266,0.99218,0.99222,0.98740,0.99093,0.98873,0.99357,0.98818,0.99274,0.98988,0.98700,0.99181,0.00000,0.98881,0.99133,0.99199,0.98807,0.05745,0.00000,0.00000,0.01626,0.00000,0.00899,0.07108,0.00000,0.00000,0.00000,0.00000,0.00000,0.00000,0.02427,0.00000,0.02508,0.00000,0.13505,0.33428,0.36647,0.07108,0.07108,0.00000,0.02527,0.03489,0.00000,0.04579,0.00000,0.00000,0.04976,0.00000,0.00417,0.00000,0.08776,0.11826,0.07242,0.12421,0.17049,0.00000,0.03090,0.05554,0.12188,0.08522,0.07986,0.06768,0.00000,0.03483,0.08290,0.09370,0.00000,0.05069,0.00000,0.00000,0.10504,0.00000,0.16324,0.16835,0.21683,0.03965,0.21001,0.14013,0.13774,0.12975,0.11512,0.02786,0.13609,0.06128,0.28918,0.19941,0.30939,0.31640,0.14041,0.14493,0.05004,0.17797,0.08071,0.15066,0.15551,0.19933,0.06900,0.13554,0.14419,0.16150,0.16953,0.25608,0.13246,0.24565,0.11982,0.15980,0.39809,0.05665,0.13219,0.13172,0.19218,0.12316,0.17349,0.22500,0.16408,0.47271,0.42550,0.10464,0.10839,0.09981,0.13668,0.25733,0.34552,0.09017,0.14149,0.11095,0.16497,0.41032,0.47865,0.00000,0.00000,0.16888,0.07138,0.05320,0.05731,0.00000,0.00000,0.00000,0.00000,0.03432,0.01005,0.21735,0.00201,0.00000,0.00000,0.00000,0.00000,0.00000,0.00000,0.00000,0.00000,0.00000,0.47887,0.00000,0.00000,0.00000,0.00000,0.00000,0.00000,0.05572,0.89731,0.02443,0.03528,0.01029,0.03000,0.00000,0.00000,0.00000,0.00000,0.47369,0.48228,0.00000,0.00000,0.00000,0.00000,0.00000,0.02284,0.04902,0.03128,0.03857,0.05956,0.05383,0.04981,0.00000,0.00000,0.00000,0.00000,0.03359,0.04522,0.00000,0.00000,0.00000,0.00000,0.00000,0.00000,0.00000,0.00000,0.02688,0.01912,0.00000,0.00000,0.00000,0.00000,0.02609,0.00000,0.00000,0.00000,0.00000,0.00000,0.39377,0.39970,0.00000,0.00000,0.00000,0.00000,0.00000,0.00000,0.00787,0.00551,0.04911,0.00000,0.05965,0.21711,0.00000,0.00000,0.00000,0.00000,0.00000,0.00000,0.00000,0.00000,0.00000,0.00000,0.00000,0.00000,0.00000,0.00000,0.00000,0.00000,0.00000,0.00000,0.00000,0.00000,0.00000,0.04112,0.02894,0.94022,0.94184,0.05626,0.05736,0.97529,0.95550
ALPN_VA1v_R,0.99159,0.99023,0.00000,0.99190,0.99367,0.99404,0.99139,0.99267,0.99103,0.99512,0.99130,0.99290,0.99272,0.99458,0.99071,0.99324,0.99171,0.99305,0.99186,0.99510,0.99198,0.99440,0.99105,0.99372,0.98887,0.98568,0.99252,0.99183,0.99296,0.99311,0.99223,0.99344,0.99509,0.99238,0.99092,0.98940,0.99294,0.99152,0.99277,0.99318,0.98895,0.99391,0.99045,0.99414,0.99233,0.99428,0.00000,0.00000,0.99306,0.99292,0.99240,0.98953,0.99433,0.99279,0.99213,0.99200,0.99117,0.99051,0.99215,0.99421,0.99095,0.99369,0.99109,1.00000,0.99171,0.99183,0.99028,0.99285,0.99138,0.99416,0.99100,0.99177,0.99201,0.99168,0.99100,0.99417,0.99392,0.99386,0.99092,0.99340,0.99141,0.99173,0.00000,0.99132,0.99310,0.99036,0.99306,0.04652,0.00000,0.00000,0.01536,0.00000,0.00849,0.08058,0.00000,0.00000,0.00000,0.00000,0.00000,0.00000,0.03880,0.00000,0.02567,0.00000,0.13430,0.32308,0.39480,0.08058,0.09401,0.00000,0.02537,0.03846,0.00000,0.04956,0.00000,0.00000,0.04700,0.00000,0.00466,0.00000,0.10221,0.14087,0.07477,0.12958,0.15724,0.00000,0.03861,0.06064,0.13253,0.10876,0.07604,0.07942,0.00000,0.04768,0.08810,0.11319,0.00000,0.05360,0.00000,0.00000,0.09923,0.00000,0.16014,0.17756,0.21122,0.04058,0.20242,0.13688,0.13891,0.13416,0.11341,0.02805,0.13815,0.06584,0.28479,0.20251,0.29698,0.33719,0.15057,0.15442,0.05806,0.18010,0.07440,0.14959,0.15726,0.20415,0.06399,0.13852,0.14486,0.16588,0.17590,0.26605,0.12716,0.26389,0.11552,0.16837,0.39176,0.04858,0.13257,0.12346,0.19001,0.11986,0.17816,0.23454,0.17633,0.45555,0.42113,0.12635,0.12455,0.09840,0.14748,0.23621,0.33778,0.08819,0.15840,0.10714,0.16544,0.40845,0.50673,0.00000,0.00000,0.16903,0.07456,0.05073,0.06334,0.00000,0.00000,0.00000,0.00000,0.03367,0.01266,0.20052,0.00127,0.00000,0.00000,0.00000,0.00000,0.00000,0.00000,0.00000,0.00000,0.00000,0.50220,0.00000,0.00000,0.00000,0.00000,0.00000,0.00000,0.05321,0.89448,0.02387,0.03540,0.00950,0.02834,0.00000,0.00000,0.00000,0.00000,0.49686,0.50724,0.00000,0.00000,0.00000,0.00000,0.00000,0.02284,0.04757,0.03054,0.03836,0.05820,0.05233,0.04910,0.00000,0.00000,0.00000,0.00000,0.03317,0.04425,0.00000,0.00000,0.00000,0.00000,0.00000,0.00000,0.00000,0.00000,0.02739,0.01949,0.00000,0.00000,0.00000,0.00000,0.02556,0.00000,0.00000,0.00000,0.00000,0.00000,0.41599,0.41946,0.00000,0.00000,0.00000,0.00000,0.00000,0.00000,0.00720,0.00521,0.04551,0.00000,0.05730,0.22916,0.00000,0.00000,0.00000,0.00000,0.00000,0.00000,0.00000,0.00000,0.00000,0.00000,0.00000,0.00000,0.00000,0.00000,0.00000,0.00000,0.00000,0.00000,0.00000,0.00000,0.00000,0.03813,0.02154,0.93914,0.94437,0.05008,0.04978,0.98217,0.96417
ALPN_VA5_L,0.99106,0.98966,0.00000,0.99239,0.99265,0.99474,0.99171,0.99198,0.99093,0.99161,0.99207,0.99119,0.99116,0.99246,0.99112,0.99257,0.99184,0.98927,0.99190,0.99260,0.98839,0.99415,0.99231,0.99175,0.98951,0.98611,0.99266,0.98983,0.99161,0.99095,0.99243,0.99214,0.99296,0.99248,0.98982,0.98762,0.99039,0.99020,0.99203,0.99198,0.99104,0.99004,0.99140,0.99135,0.99184,0.98897,0.00000,0.00000,0.99281,0.99327,0.99177,0.99177,0.99098,0.99188,0.98963,0.99311,0.98985,0.99283,0.99259,0.99253,0.99319,0.98933,0.99100,0.99171,1.00000,0.99133,0.99094,0.99128,0.99396,0.99015,0.99103,0.99314,0.99279,0.99130,0.99273,0.98941,0.99449,0.99137,0.99238,0.98969,0.99035,0.99217,0.00000,0.99292,0.99093,0.99224,0.99084,0.04129,0.00000,0.00000,0.01785,0.00000,0.00000,0.07152,0.00000,0.00000,0.00000,0.00000,0.00000,0.00000,0.01033,0.00000,0.02524,0.00000,0.12874,0.34432,0.37953,0.07152,0.07867,0.00000,0.02940,0.03511,0.00000,0.04692,0.00000,0.00000,0.05722,0.00000,0.00382,0.00000,0.09796,0.11658,0.07771,0.12268,0.16883,0.00000,0.03307,0.05669,0.12229,0.07793,0.07375,0.05537,0.00000,0.01860,0.08650,0.08607,0.00000,0.04534,0.00000,0.00000,0.10013,0.00000,0.15905,0.16746,0.20722,0.03990,0.21759,0.12963,0.14733,0.13549,0.12897,0.02999,0.15144,0.06566,0.31104,0.19694,0.31893,0.31589,0.14189,0.14836,0.04805,0.18924,0.07188,0.15241,0.15847,0.20619,0.05960,0.13625,0.14608,0.16595,0.16979,0.26023,0.13394,0.25918,0.12419,0.16647,0.42609,0.05644,0.12150,0.13003,0.19084,0.11913,0.17089,0.24157,0.17783,0.47174,0.42392,0.13116,0.12761,0.09351,0.13477,0.24148,0.33350,0.08432,0.14802,0.11376,0.16757,0.43652,0.49553,0.00000,0.00000,0.16689,0.07227,0.05304,0.04443,0.00000,0.00000,0.00000,0.00000,0.03719,0.00674,0.22535,0.00573,0.00000,0.00000,0.00000,0.00000,0.00000,0.00000,0.00000,0.00000,0.00000,0.50317,0.00000,0.00000,0.00000,0.00000,0.00000,0.00000,0.05672,0.89259,0.02650,0.03840,0.01248,0.03666,0.00000,0.00000,0.00000,0.00000,0.49521,0.50233,0.00000,0.00000,0.00000,0.00000,0.00000,0.02703,0.05192,0.03423,0.04335,0.06540,0.05765,0.05471,0.00000,0.00000,0.00000,0.00000,0.03746,0.04905,0.00000,0.00000,0.00000,0.00000,0.00000,0.00000,0.00000,0.00000,0.02633,0.01874,0.00000,0.00000,0.00000,0.00000,0.02949,0.00000,0.00000,0.00000,0.00000,0.00000,0.40860,0.41720,0.00000,0.00000,0.00000,0.00000,0.00000,0.00000,0.00767,0.00555,0.05129,0.00000,0.06147,0.22248,0.00000,0.00000,0.00000,0.00000,0.00000,0.00000,0.00000,0.00000,0.00000,0.00000,0.00000,0.00000,0.00000,0.00000,0.00000,0.00000,0.00000,0.00000,0.00000,0.00000,0.00000,0.03992,0.02610,0.93881,0.94158,0.05683,0.06181,0.97932,0.96331
ALPN_VA5_R,0.99071,0.98888,0.00000,0.99145,0.99179,0.99390,0.99162,0.99168,0.99023,0.99170,0.98842,0.99089,0.99028,0.99318,0.98803,0.99169,0.99121,0.99206,0.99048,0.99188,0.98905,0.99151,0.99083,0.99112,0.99224,0.98474,0.99112,0.98875,0.99166,0.99042,0.99112,0.99058,0.99227,0.98957,0.99285,0.99037,0.99181,0.99021,0.99179,0.98983,0.98580,0.99165,0.98633,0.99274,0.99032,0.99191,0.00000,0.00000,0.99146,0.99252,0.99226,0.98872,0.99248,0.99160,0.99002,0.98975,0.99169,0.98886,0.99010,0.99240,0.98937,0.99014,0.98894,0.99183,0.99133,1.00000,0.98917,0.99193,0.99055,0.99196,0.98905,0.99089,0.99116,0.99271,0.98939,0.99335,0.99359,0.99228,0.98958,0.99303,0.99151,0.98915,0.00000,0.98920,0.98986,0.99024,0.98951,0.04160,0.00000,0.00000,0.00437,0.00000,0.00000,0.08106,0.00000,0.00000,0.00000,0.00000,0.00000,0.00000,0.01301,0.00000,0.02384,0.00000,0.14410,0.33298,0.40462,0.08106,0.07205,0.00000,0.02802,0.03684,0.00000,0.04431,0.00000,0.00000,0.05404,0.00000,0.00481,0.00000,0.10686,0.11623,0.08121,0.12746,0.16145,0.00000,0.03356,0.05699,0.13508,0.07578,0.07354,0.05149,0.00000,0.01801,0.09240,0.07819,0.00000,0.05101,0.00000,0.00000,0.09107,0.00000,0.15355,0.17776,0.20247,0.03768,0.20298,0.13816,0.13404,0.14264,0.12201,0.02883,0.14294,0.06561,0.28548,0.19882,0.29674,0.32807,0.14474,0.14758,0.05262,0.18839,0.08103,0.15579,0.15416,0.20019,0.05908,0.13366,0.14637,0.16300,0.17213,0.26040,0.11476,0.26102,0.11827,0.16954,0.37584,0.05067,0.12687,0.12864,0.19036,0.11829,0.17376,0.23810,0.16935,0.45427,0.42834,0.13284,0.12860,0.08636,0.15007,0.24024,0.33746,0.08242,0.14572,0.10936,0.16483,0.41587,0.49924,0.00000,0.00000,0.17195,0.07191,0.04910,0.04437,0.00000,0.00000,0.00000,0.00000,0.03010,0.00425,0.20316,0.00127,0.00000,0.00000,0.00000,0.00000,0.00000,0.00000,0.00000,0.00000,0.00000,0.49796,0.00000,0.00000,0.00000,0.00000,0.00000,0.00000,0.05908,0.89575,0.03126,0.04453,0.01601,0.04073,0.00000,0.00000,0.00000,0.00000,0.49251,0.49762,0.00000,0.00000,0.00000,0.00000,0.00000,0.03745,0.05872,0.03990,0.05373,0.07806,0.06426,0.06403,0.00000,0.00000,0.00000,0.00000,0.04428,0.05694,0.00000,0.00000,0.00000,0.00000,0.00000,0.00000,0.00000,0.00000,0.02823,0.02009,0.00000,0.00000,0.00000,0.00000,0.03102,0.00000,0.00000,0.00000,0.00000,0.00000,0.41457,0.41760,0.00000,0.00000,0.00000,0.00000,0.00000,0.00000,0.00748,0.00699,0.05096,0.00000,0.06406,0.22718,0.00000,0.00000,0.00000,0.00000,0.00000,0.00000,0.00000,0.00000,0.00000,0.00000,0.00000,0.00000,0.00000,0.00000,0.00000,0.00000,0.00000,0.00000,0.00000,0.00000,0.00000,0.03797,0.02408,0.93772,0.94399,0.05374,0.05608,0.97882,0.96112
ALPN_VA7m_L,0.98939,0.99082,0.00000,0.98851,0.99068,0.99337,0.98934,0.98950,0.99121,0.99104,0.98902,0.99088,0.98910,0.99118,0.98803,0.99247,0.98887,0.98755,0.98985,0.99010,0.98805,0.99198,0.99023,0.98964,0.98732,0.98848,0.98896,0.98998,0.98790,0.99216,0.99100,0.98947,0.98982,0.99238,0.98859,0.98689,0.99024,0.98868,0.99081,0.99344,0.98958,0.98803,0.99008,0.98979,0.99242,0.98963,0.00000,0.00000,0.99165,0.99176,0.99161,0.99254,0.98947,0.99194,0.98911,0.99329,0.98879,0.98900,0.99016,0.99082,0.99290,0.98760,0.99122,0.99028,0.99094,0.98917,1.00000,0.99023,0.99081,0.98957,0.99167,0.99249,0.99249,0.98893,0.99270,0.98879,0.99442,0.98921,0.99116,0.98962,0.98757,0.99194,0.00000,0.99217,0.99097,0.99056,0.98848,0.04599,0.00000,0.00000,0.01105,0.00000,0.00305,0.05069,0.00000,0.00000,0.00000,0.00000,0.00000,0.00000,0.02092,0.00000,0.02342,0.00000,0.13034,0.32667,0.36241,0.05069,0.07965,0.00000,0.02575,0.03555,0.00000,0.04453,0.00000,0.00000,0.05069,0.00000,0.00696,0.00000,0.08367,0.11619,0.06692,0.12110,0.16088,0.00000,0.02748,0.05707,0.10612,0.08530,0.07078,0.06244,0.00000,0.02896,0.07624,0.09512,0.00000,0.04803,0.00000,0.00000,0.10700,0.00000,0.16103,0.17893,0.21556,0.03703,0.22313,0.14961,0.14568,0.13686,0.13058,0.03793,0.15138,0.07940,0.30882,0.21553,0.31541,0.33733,0.15796,0.15128,0.06218,0.17868,0.07393,0.16166,0.16358,0.20325,0.06708,0.13741,0.15602,0.16730,0.18932,0.26254,0.12701,0.24881,0.11839,0.16429,0.41128,0.05847,0.12309,0.13239,0.18405,0.14326,0.17352,0.23970,0.17651,0.46231,0.41625,0.12020,0.12263,0.09310,0.14351,0.24630,0.33167,0.09882,0.15082,0.10691,0.15493,0.41527,0.48857,0.00000,0.00000,0.18023,0.08762,0.04939,0.05691,0.00000,0.00000,0.00000,0.00000,0.03765,0.00683,0.22297,0.00171,0.00000,0.00000,0.00000,0.00000,0.00000,0.00000,0.00000,0.00000,0.00000,0.50112,0.00000,0.00000,0.00000,0.00000,0.00000,0.00000,0.05899,0.89617,0.02841,0.04014,0.01263,0.03493,0.00000,0.00000,0.00000,0.00000,0.49730,0.50511,0.00000,0.00000,0.00000,0.00000,0.00000,0.04105,0.05580,0.03680,0.04848,0.07429,0.06136,0.05906,0.00000,0.00000,0.00000,0.00000,0.03964,0.05161,0.00000,0.00000,0.00000,0.00000,0.00000,0.00000,0.00000,0.00000,0.02666,0.01897,0.00000,0.00000,0.00000,0.00000,0.02855,0.00000,0.00000,0.00000,0.00000,0.00000,0.41682,0.42190,0.00000,0.00000,0.00000,0.00000,0.00000,0.00000,0.00877,0.00613,0.05336,0.00000,0.06473,0.22673,0.00000,0.00000,0.00000,0.00000,0.00000,0.00000,0.00000,0.00000,0.00000,0.00000,0.00000,0.00000,0.00000,0.00000,0.00000,0.00000,0.00000,0.00000,0.00000,0.00000,0.00000,0.03499,0.02669,0.94306,0.94456,0.06503,0.06644,0.97802,0.96229
ALPN_VA7m_R,0.99155,0.99122,0.00000,0.99192,0.99239,0.99270,0.99150,0.99027,0.98857,0.99198,0.98981,0.99031,0.99042,0.99169,0.98959,0.99218,0.99188,0.98925,0.99184,0.99238,0.98892,0.99221,0.99051,0.99043,0.98895,0.98499,0.99158,0.98992,0.99237,0.99114,0.98992,0.99147,0.99363,0.99069,0.98847,0.98774,0.99090,0.99114,0.99149,0.99123,0.98899,0.99227,0.99043,0.99285,0.99029,0.99238,0.00000,0.00000,0.99215,0.99323,0.99441,0.99100,0.99032,0.99198,0.98994,0.99250,0.99078,0.98959,0.99210,0.99217,0.99201,0.99005,0.99061,0.99285,0.99128,0.99193,0.99023,1.00000,0.99170,0.99198,0.98766,0.99236,0.99092,0.99165,0.99028,0.99152,0.99290,0.99102,0.99048,0.99109,0.98912,0.99005,0.00000,0.98960,0.99232,0.99102,0.99086,0.05054,0.00000,0.00000,0.00938,0.00000,0.00671,0.07958,0.00000,0.00000,0.00000,0.00000,0.00000,0.00000,0.02717,0.00000,0.02340,0.00000,0.14325,0.32743,0.38153,0.07958,0.07163,0.00000,0.02564,0.03907,0.00000,0.04382,0.00000,0.00000,0.04775,0.00000,0.00382,0.00000,0.09596,0.11843,0.07319,0.12628,0.15472,0.00000,0.03606,0.06237,0.13102,0.08605,0.07732,0.06459,0.00000,0.03661,0.08723,0.08919,0.00000,0.05372,0.00000,0.00000,0.09285,0.00000,0.15324,0.17515,0.20767,0.03700,0.21437,0.12201,0.14032,0.13256,0.12624,0.02779,0.14878,0.05754,0.30042,0.18822,0.30538,0.31547,0.13327,0.14226,0.04928,0.18258,0.07707,0.15891,0.15311,0.20171,0.06632,0.14164,0.14179,0.16455,0.17037,0.25576,0.11141,0.25107,0.10480,0.16159,0.40574,0.05333,0.13332,0.12456,0.18962,0.11984,0.17364,0.23532,0.16300,0.44515,0.41028,0.10846,0.11825,0.09625,0.14239,0.22353,0.33038,0.07989,0.14974,0.10774,0.16287,0.40562,0.49460,0.00000,0.00000,0.17220,0.08042,0.05671,0.05585,0.00000,0.00000,0.00000,0.00000,0.04286,0.01125,0.21486,0.00225,0.00000,0.00000,0.00000,0.00000,0.00000,0.00000,0.00000,0.00000,0.00000,0.50817,0.00000,0.00000,0.00000,0.00000,0.00000,0.00000,0.05392,0.89347,0.02549,0.03858,0.01048,0.03599,0.00000,0.00000,0.00000,0.00000,0.49911,0.50715,0.00000,0.00000,0.00000,0.00000,0.00000,0.02707,0.05039,0.03266,0.04319,0.06339,0.05504,0.05322,0.00000,0.00000,0.00000,0.00000,0.03582,0.04679,0.00000,0.00000,0.00000,0.00000,0.00000,0.00000,0.00000,0.00000,0.02970,0.02113,0.00000,0.00000,0.00000,0.00000,0.02993,0.00000,0.00000,0.00000,0.00000,0.00000,0.41632,0.42391,0.00000,0.00000,0.00000,0.00000,0.00000,0.00000,0.00743,0.00505,0.04765,0.00000,0.05885,0.22599,0.00000,0.00000,0.00000,0.00000,0.00000,0.00000,0.00000,0.00000,0.00000,0.00000,0.00000,0.00000,0.00000,0.00000,0.00000,0.00000,0.00000,0.00000,0.00000,0.00000,0.00000,0.04129,0.02538,0.93842,0.94503,0.05718,0.06226,0.97924,0.96274
ALPN_VC3_L,0.99028,0.99116,0.00000,0.99215,0.99332,0.99485,0.99159,0.99111,0.99215,0.99246,0.99009,0.99067,0.99225,0.99297,0.99043,0.99313,0.99350,0.98963,0.99029,0.99172,0.98926,0.99496,0.99166,0.99124,0.99074,0.98521,0.98969,0.99017,0.99061,0.99188,0.99188,0.99306,0.99338,0.99223,0.99093,0.98699,0.98967,0.99089,0.99268,0.99260,0.99104,0.99051,0.99108,0.99059,0.99316,0.99018,0.00000,0.00000,0.99354,0.99445,0.99289,0.99230,0.99069,0.99333,0.98970,0.99304,0.99074,0.99233,0.99205,0.99162,0.99439,0.98886,0.99221,0.99138,0.99396,0.99055,0.99081,0.99170,1.00000,0.99007,0.99191,0.99347,0.99337,0.98928,0.99255,0.99044,0.99331,0.99159,0.99196,0.99103,0.98991,0.99150,0.00000,0.99206,0.99149,0.99235,0.98989,0.04655,0.00000,0.00000,0.01270,0.00000,0.00000,0.07329,0.00000,0.00000,0.00000,0.00000,0.00000,0.00000,0.01732,0.00000,0.02586,0.00000,0.12460,0.33128,0.36462,0.07329,0.08795,0.00000,0.02362,0.03598,0.00000,0.04894,0.00000,0.00000,0.04398,0.00000,0.00352,0.00000,0.09487,0.11488,0.08922,0.12337,0.16700,0.00000,0.03372,0.05711,0.12066,0.08819,0.07710,0.05963,0.00000,0.02272,0.09616,0.09325,0.00000,0.04539,0.00000,0.00000,0.09691,0.00000,0.16147,0.17914,0.20877,0.04088,0.22139,0.12639,0.14362,0.13916,0.12899,0.02635,0.14898,0.05829,0.30441,0.18625,0.31529,0.30573,0.14701,0.14944,0.04967,0.18068,0.08205,0.15031,0.15382,0.20069,0.06692,0.13364,0.14556,0.16680,0.17320,0.25586,0.12958,0.25529,0.12428,0.16818,0.41468,0.05797,0.12307,0.12812,0.18603,0.12273,0.16822,0.24465,0.17110,0.46309,0.41323,0.11838,0.11702,0.09713,0.13820,0.24546,0.32679,0.08428,0.14557,0.10986,0.16194,0.42612,0.48474,0.00000,0.00000,0.17517,0.05943,0.05273,0.04298,0.00000,0.00000,0.00000,0.00000,0.03811,0.00346,0.22096,0.00035,0.00000,0.00000,0.00000,0.00000,0.00000,0.00000,0.00000,0.00000,0.00000,0.49602,0.00000,0.00000,0.00000,0.00000,0.00000,0.00000,0.04926,0.89491,0.02261,0.03411,0.00941,0.02431,0.00000,0.00000,0.00000,0.00000,0.48973,0.49503,0.00000,0.00000,0.00000,0.00000,0.00000,0.02216,0.04512,0.02878,0.03652,0.05535,0.04998,0.04604,0.00000,0.00000,0.00000,0.00000,0.03099,0.04220,0.00000,0.00000,0.00000,0.00000,0.00000,0.00000,0.00000,0.00000,0.02771,0.01972,0.00000,0.00000,0.00000,0.00000,0.02358,0.00000,0.00000,0.00000,0.00000,0.00000,0.40603,0.41361,0.00000,0.00000,0.00000,0.00000,0.00000,0.00000,0.00684,0.00517,0.04340,0.00000,0.05271,0.21825,0.00000,0.00000,0.00000,0.00000,0.00000,0.00000,0.00000,0.00000,0.00000,0.00000,0.00000,0.00000,0.00000,0.00000,0.00000,0.00000,0.00000,0.00000,0.00000,0.00000,0.00000,0.03950,0.02702,0.93853,0.94335,0.05846,0.06455,0.97785,0.96235
ALPN_VC3_R,0.99039,0.98950,0.00000,0.99045,0.99095,0.99226,0.99121,0.99140,0.98850,0.99329,0.98902,0.99191,0.98942,0.99335,0.98578,0.98959,0.99000,0.99300,0.99054,0.99278,0.99047,0.99300,0.98786,0.99155,0.98999,0.98005,0.99006,0.98941,0.99062,0.99223,0.98916,0.99165,0.99419,0.98874,0.99060,0.98971,0.99176,0.99052,0.99096,0.99080,0.98521,0.99383,0.98639,0.99452,0.99208,0.99468,0.00000,0.00000,0.99216,0.99253,0.99175,0.98822,0.99052,0.99271,0.99136,0.99096,0.99105,0.98651,0.99196,0.99367,0.99106,0.99310,0.98867,0.99416,0.99015,0.99196,0.98957,0.99198,0.99007,1.00000,0.98762,0.98940,0.99049,0.99358,0.98920,0.99249,0.99219,0.99364,0.98740,0.99450,0.99072,0.99001,0.00000,0.98794,0.99151,0.98954,0.99033,0.05022,0.00000,0.00000,0.00093,0.00000,0.00282,0.07361,0.00000,0.00000,0.00000,0.00000,0.00000,0.00000,0.02548,0.00000,0.02362,0.00000,0.12714,0.32407,0.38940,0.07361,0.08030,0.00000,0.02825,0.03833,0.00000,0.04507,0.00000,0.00000,0.05353,0.00000,0.00464,0.00000,0.09798,0.11925,0.06848,0.11981,0.16050,0.00000,0.03617,0.05681,0.12553,0.08755,0.07718,0.06084,0.00000,0.03011,0.08057,0.09067,0.00000,0.04812,0.00000,0.00000,0.10409,0.00000,0.16080,0.17007,0.20413,0.03733,0.21010,0.14191,0.13288,0.13716,0.12067,0.03116,0.14471,0.06744,0.28723,0.21173,0.29351,0.34609,0.14553,0.15015,0.04867,0.18383,0.06603,0.15685,0.15533,0.20524,0.06436,0.13840,0.14727,0.16506,0.18118,0.26252,0.11005,0.26017,0.10096,0.16304,0.36446,0.04935,0.12822,0.12567,0.18684,0.12156,0.17524,0.23260,0.17193,0.45311,0.42744,0.12122,0.11906,0.09014,0.15052,0.24348,0.34407,0.08483,0.14930,0.10917,0.16698,0.39361,0.51367,0.00000,0.00000,0.16183,0.08014,0.05333,0.04865,0.00000,0.00000,0.00000,0.00000,0.03604,0.00946,0.20174,0.00568,0.00000,0.00000,0.00000,0.00000,0.00000,0.00000,0.00000,0.00000,0.00000,0.50252,0.00000,0.00000,0.00000,0.00000,0.00000,0.00000,0.05508,0.89376,0.02502,0.03709,0.01013,0.02825,0.00000,0.00000,0.00000,0.00000,0.49910,0.50736,0.00000,0.00000,0.00000,0.00000,0.00000,0.02656,0.04827,0.03143,0.04290,0.06013,0.05475,0.05141,0.00000,0.00000,0.00000,0.00000,0.03361,0.04590,0.00000,0.00000,0.00000,0.00000,0.00000,0.00000,0.00000,0.00000,0.02913,0.02108,0.00000,0.00000,0.00000,0.00000,0.02577,0.00000,0.00000,0.00000,0.00000,0.00000,0.42217,0.42202,0.00000,0.00000,0.00000,0.00000,0.00000,0.00000,0.00833,0.00614,0.04667,0.00000,0.05917,0.23145,0.00000,0.00000,0.00000,0.00000,0.00000,0.00000,0.00000,0.00000,0.00000,0.00000,0.00000,0.00000,0.00000,0.00000,0.00000,0.00000,0.00000,0.00000,0.00000,0.00000,0.00000,0.03587,0.02429,0.93998,0.94692,0.05500,0.05619,0.97914,0.96692
ALPN_VC4_L,0.98952,0.98910,0.00000,0.98979,0.99157,0.99295,0.99057,0.99010,0.99235,0.99268,0.99068,0.99061,0.99157,0.99212,0.99150,0.99199,0.99116,0.98916,0.98953,0.99216,0.98997,0.99185,0.99247,0.99297,0.98869,0.98724,0.98990,0.99184,0.98944,0.99367,0.99061,0.99276,0.99110,0.99298,0.99110,0.98721,0.99283,0.99070,0.99111,0.99264,0.99018,0.98945,0.99215,0.98919,0.99222,0.98875,0.00000,0.00000,0.99202,0.99373,0.98999,0.99064,0.99163,0.99220,0.98930,0.99146,0.98804,0.99035,0.99008,0.99048,0.99330,0.98953,0.99266,0.99100,0.99103,0.98905,0.99167,0.98766,0.99191,0.98762,1.00000,0.99243,0.99283,0.98649,0.99119,0.98871,0.99384,0.99007,0.99243,0.98944,0.98866,0.99195,0.00000,0.99157,0.99034,0.99065,0.98880,0.04654,0.00000,0.00000,0.01956,0.00000,0.00000,0.07390,0.00000,0.00000,0.00000,0.00000,0.00000,0.00000,0.00970,0.00000,0.02371,0.00000,0.12092,0.32552,0.35446,0.07390,0.09405,0.00000,0.02762,0.03298,0.00000,0.04643,0.00000,0.00000,0.05374,0.00000,0.00538,0.00000,0.10769,0.12323,0.09661,0.11956,0.16749,0.00000,0.03090,0.05431,0.11946,0.08789,0.08608,0.06195,0.00000,0.01948,0.10338,0.09874,0.00000,0.04298,0.00000,0.00000,0.09927,0.00000,0.16299,0.16528,0.21686,0.03747,0.22021,0.14799,0.14777,0.14118,0.11541,0.03047,0.13929,0.06469,0.30119,0.20727,0.30940,0.32573,0.16052,0.15661,0.05632,0.17451,0.08274,0.15526,0.15802,0.19703,0.07533,0.13724,0.14311,0.15881,0.17942,0.26546,0.14553,0.25522,0.13079,0.17855,0.40348,0.05566,0.12348,0.12874,0.18727,0.12966,0.17635,0.24837,0.18593,0.47365,0.42980,0.11086,0.11352,0.08921,0.14350,0.26480,0.34776,0.09007,0.15233,0.10652,0.16336,0.43116,0.49047,0.00000,0.00000,0.16721,0.07501,0.05651,0.05078,0.00000,0.00000,0.00000,0.00000,0.03243,0.00633,0.20830,0.00538,0.00000,0.00000,0.00000,0.00000,0.00000,0.00000,0.00000,0.00000,0.00000,0.48547,0.00000,0.00000,0.00000,0.00000,0.00000,0.00000,0.06175,0.89772,0.02861,0.04100,0.01393,0.03848,0.00000,0.00000,0.00000,0.00000,0.48042,0.48992,0.00000,0.00000,0.00000,0.00000,0.00000,0.03428,0.05682,0.03792,0.04690,0.07320,0.06290,0.05921,0.00000,0.00000,0.00000,0.00000,0.04156,0.05311,0.00000,0.00000,0.00000,0.00000,0.00000,0.00000,0.00000,0.00000,0.02807,0.01998,0.00000,0.00000,0.00000,0.00000,0.03044,0.00000,0.00000,0.00000,0.00000,0.00000,0.39835,0.40351,0.00000,0.00000,0.00000,0.00000,0.00000,0.00000,0.00836,0.00569,0.05613,0.00000,0.06681,0.21791,0.00000,0.00000,0.00000,0.00000,0.00000,0.00000,0.00000,0.00000,0.00000,0.00000,0.00000,0.00000,0.00000,0.00000,0.00000,0.00000,0.00000,0.00000,0.00000,0.00000,0.00000,0.03673,0.02785,0.93768,0.93857,0.05624,0.05779,0.97680,0.95835
ALPN_VC5_L,0.99247,0.99195,0.00000,0.99066,0.99245,0.99386,0.99037,0.99067,0.99105,0.99154,0.99319,0.99007,0.99232,0.99241,0.99190,0.99314,0.99347,0.98774,0.99111,0.99236,0.98918,0.99313,0.99379,0.99237,0.99099,0.98783,0.99173,0.99063,0.99082,0.99325,0.99232,0.99201,0.99153,0.99325,0.99121,0.98807,0.99126,0.99222,0.99220,0.99319,0.99325,0.99067,0.99187,0.99094,0.99301,0.98970,0.00000,0.00000,0.99380,0.99404,0.99259,0.99375,0.98989,0.99425,0.98939,0.99345,0.99067,0.99316,0.99271,0.99172,0.99366,0.98927,0.99218,0.99177,0.99314,0.99089,0.99249,0.99236,0.99347,0.98940,0.99243,1.00000,0.99257,0.99020,0.99267,0.99079,0.99488,0.99088,0.99398,0.98925,0.98869,0.99263,0.00000,0.99299,0.99040,0.99292,0.99189,0.05137,0.00000,0.00000,0.00949,0.00000,0.00000,0.06844,0.00000,0.00000,0.00000,0.00000,0.00000,0.00000,0.02337,0.00000,0.02415,0.00000,0.13004,0.33771,0.35907,0.06844,0.08213,0.00000,0.02890,0.03920,0.00000,0.04610,0.00000,0.00000,0.05475,0.00000,0.00438,0.00000,0.09731,0.12740,0.07375,0.12254,0.16675,0.00000,0.03904,0.06057,0.11736,0.09099,0.07689,0.06658,0.00000,0.03148,0.08389,0.09808,0.00000,0.04881,0.00000,0.00000,0.10114,0.00000,0.15825,0.16691,0.21591,0.03818,0.22673,0.13349,0.14935,0.13675,0.12491,0.02870,0.15073,0.05946,0.31267,0.18904,0.32219,0.30442,0.14804,0.15408,0.04998,0.17813,0.07787,0.15224,0.16178,0.20630,0.07281,0.13609,0.15289,0.16856,0.17728,0.26786,0.12818,0.24600,0.11961,0.16927,0.41710,0.05976,0.12722,0.13918,0.19545,0.12839,0.17480,0.23828,0.16839,0.47107,0.41605,0.11582,0.11471,0.09294,0.14686,0.25668,0.33171,0.08960,0.15435,0.11827,0.17117,0.42673,0.47273,0.00000,0.00000,0.17035,0.08282,0.05199,0.05626,0.00000,0.00000,0.00000,0.00000,0.03050,0.00968,0.21271,0.00129,0.00000,0.00000,0.00000,0.00000,0.00000,0.00000,0.00000,0.00000,0.00000,0.50141,0.00000,0.00000,0.00000,0.00000,0.00000,0.00000,0.05999,0.89287,0.02754,0.03979,0.01171,0.04127,0.00000,0.00000,0.00000,0.00000,0.49269,0.49684,0.00000,0.00000,0.00000,0.00000,0.00000,0.02846,0.05483,0.03630,0.04735,0.06978,0.05992,0.05744,0.00000,0.00000,0.00000,0.00000,0.04015,0.05108,0.00000,0.00000,0.00000,0.00000,0.00000,0.00000,0.00000,0.00000,0.02724,0.01938,0.00000,0.00000,0.00000,0.00000,0.03194,0.00000,0.00000,0.00000,0.00000,0.00000,0.40547,0.41430,0.00000,0.00000,0.00000,0.00000,0.00000,0.00000,0.00805,0.00483,0.05494,0.00000,0.06601,0.21851,0.00000,0.00000,0.00000,0.00000,0.00000,0.00000,0.00000,0.00000,0.00000,0.00000,0.00000,0.00000,0.00000,0.00000,0.00000,0.00000,0.00000,0.00000,0.00000,0.00000,0.00000,0.03873,0.02523,0.94054,0.94381,0.05417,0.05999,0.97934,0.96064
ALPN_VL2a_L,0.98959,0.98914,0.00000,0.99070,0.99269,0.99396,0.99149,0.99069,0.99181,0.99329,0.99198,0.99204,0.99255,0.99329,0.99238,0.99282,0.99311,0.99169,0.99324,0.99377,0.99052,0.99405,0.99202,0.99280,0.98945,0.98931,0.99357,0.99297,0.99117,0.99065,0.99224,0.99318,0.99266,0.99435,0.99127,0.98861,0.99223,0.99134,0.99275,0.99421,0.99280,0.99067,0.99234,0.99177,0.99361,0.99182,0.00000,0.00000,0.99433,0.99279,0.99269,0.99239,0.99244,0.99224,0.99214,0.99201,0.98960,0.99016,0.99161,0.99302,0.99304,0.99017,0.99222,0.99201,0.99279,0.99116,0.99249,0.99092,0.99337,0.99049,0.99283,0.99257,1.00000,0.98924,0.99188,0.99089,0.99344,0.99082,0.99265,0.99162,0.98939,0.99265,0.00000,0.99238,0.99213,0.99323,0.99033,0.04578,0.00000,0.00000,0.00458,0.00000,0.00000,0.06608,0.00000,0.00000,0.00000,0.00000,0.00000,0.00000,0.03731,0.00000,0.02526,0.00000,0.13215,0.33699,0.37455,0.06608,0.07268,0.00000,0.03084,0.04325,0.00000,0.04683,0.00000,0.00000,0.05947,0.00000,0.00529,0.00000,0.08872,0.12634,0.06792,0.12326,0.16558,0.00000,0.03602,0.06220,0.11847,0.09146,0.07325,0.07171,0.00000,0.04427,0.07813,0.10471,0.00000,0.05255,0.00000,0.00000,0.10792,0.00000,0.17627,0.17258,0.22424,0.03993,0.21913,0.13874,0.13842,0.13715,0.12260,0.02760,0.14467,0.06051,0.29728,0.20174,0.31337,0.32587,0.14460,0.14863,0.06061,0.18200,0.08864,0.15337,0.15215,0.19941,0.05975,0.13127,0.14628,0.16527,0.17269,0.25609,0.12129,0.25283,0.10771,0.16205,0.40414,0.04862,0.11845,0.12098,0.18248,0.12349,0.16760,0.23163,0.17323,0.46899,0.42603,0.10043,0.10775,0.09836,0.14075,0.24554,0.34615,0.08492,0.14098,0.10165,0.15515,0.41219,0.49268,0.00000,0.00000,0.17101,0.06595,0.05165,0.05796,0.00000,0.00000,0.00000,0.00000,0.03681,0.00623,0.21482,0.00125,0.00000,0.00000,0.00000,0.00000,0.00000,0.00000,0.00000,0.00000,0.00000,0.48862,0.00000,0.00000,0.00000,0.00000,0.00000,0.00000,0.06281,0.89451,0.03002,0.04262,0.01218,0.04383,0.00000,0.00000,0.00000,0.00000,0.48171,0.48894,0.00000,0.00000,0.00000,0.00000,0.00000,0.03372,0.05861,0.03916,0.04970,0.07537,0.06477,0.06170,0.00000,0.00000,0.00000,0.00000,0.04308,0.05499,0.00000,0.00000,0.00000,0.00000,0.00000,0.00000,0.00000,0.00000,0.02630,0.01871,0.00000,0.00000,0.00000,0.00000,0.03264,0.00000,0.00000,0.00000,0.00000,0.00000,0.39897,0.40571,0.00000,0.00000,0.00000,0.00000,0.00000,0.00000,0.00823,0.00559,0.05695,0.00000,0.06857,0.21873,0.00000,0.00000,0.00000,0.00000,0.00000,0.00000,0.00000,0.00000,0.00000,0.00000,0.00000,0.00000,0.00000,0.00000,0.00000,0.00000,0.00000,0.00000,0.00000,0.00000,0.00000,0.03701,0.03093,0.93930,0.94160,0.05874,0.06252,0.97721,0.95951
ALPN_VL2a_R,0.99220,0.98991,0.00000,0.99141,0.99073,0.99271,0.99139,0.99205,0.98916,0.99116,0.98835,0.99010,0.98781,0.99089,0.98566,0.99026,0.98884,0.99024,0.99053,0.99092,0.98723,0.99189,0.98867,0.99001,0.99175,0.98193,0.98903,0.98683,0.99097,0.99129,0.98916,0.99014,0.99374,0.98765,0.99108,0.99164,0.99156,0.98952,0.99001,0.98821,0.98631,0.99313,0.98555,0.99287,0.98984,0.99195,0.00000,0.00000,0.99126,0.99097,0.99094,0.98875,0.98912,0.99259,0.98813,0.99070,0.99330,0.98723,0.99151,0.99288,0.98936,0.99059,0.98740,0.99168,0.99130,0.99271,0.98893,0.99165,0.98928,0.99358,0.98649,0.99020,0.98924,1.00000,0.98868,0.99259,0.99259,0.99319,0.98842,0.99229,0.99056,0.98866,0.00000,0.98870,0.98957,0.98986,0.99087,0.04281,0.00000,0.00000,0.00187,0.00000,0.00853,0.08088,0.00000,0.00000,0.00000,0.00000,0.00000,0.00000,0.00974,0.00000,0.02577,0.00000,0.13480,0.32719,0.39629,0.08088,0.06740,0.00000,0.02696,0.03860,0.00000,0.04658,0.00000,0.00000,0.05392,0.00000,0.00396,0.00000,0.10168,0.10725,0.07262,0.12429,0.15954,0.00000,0.02667,0.05813,0.13303,0.06947,0.07432,0.04776,0.00000,0.01550,0.08407,0.07182,0.00000,0.04708,0.00000,0.00000,0.09436,0.00000,0.14885,0.16911,0.19013,0.04073,0.20922,0.13197,0.13002,0.13787,0.12730,0.03023,0.15162,0.06726,0.29393,0.19762,0.29992,0.33450,0.14009,0.15187,0.04509,0.18906,0.04845,0.15987,0.15569,0.21124,0.04392,0.14858,0.15056,0.17164,0.17689,0.26947,0.10394,0.26306,0.10152,0.16851,0.37987,0.04794,0.13780,0.12410,0.19365,0.11659,0.18087,0.23485,0.16470,0.44974,0.42026,0.12796,0.13758,0.08822,0.14585,0.23741,0.33112,0.08265,0.15427,0.10954,0.17043,0.39834,0.50046,0.00000,0.00000,0.17730,0.06054,0.05371,0.03904,0.00000,0.00000,0.00000,0.00000,0.03505,0.00318,0.21334,0.00222,0.00000,0.00000,0.00000,0.00000,0.00000,0.00000,0.00000,0.00000,0.00000,0.50822,0.00000,0.00000,0.00000,0.00000,0.00000,0.00000,0.05977,0.88912,0.02893,0.04270,0.01198,0.04877,0.00000,0.00000,0.00000,0.00000,0.50132,0.51047,0.00000,0.00000,0.00000,0.00000,0.00000,0.03184,0.05685,0.03795,0.04984,0.07302,0.06270,0.06123,0.00000,0.00000,0.00000,0.00000,0.04178,0.05256,0.00000,0.00000,0.00000,0.00000,0.00000,0.00000,0.00000,0.00000,0.02850,0.02028,0.00000,0.00000,0.00000,0.00000,0.03482,0.00000,0.00000,0.00000,0.00000,0.00000,0.42231,0.42553,0.00000,0.00000,0.00000,0.00000,0.00000,0.00000,0.00793,0.00570,0.05588,0.00000,0.06614,0.22967,0.00000,0.00000,0.00000,0.00000,0.00000,0.00000,0.00000,0.00000,0.00000,0.00000,0.00000,0.00000,0.00000,0.00000,0.00000,0.00000,0.00000,0.00000,0.00000,0.00000,0.00000,0.03652,0.02447,0.93897,0.94792,0.05499,0.06046,0.97938,0.96674
ALPN_VM4_L,0.99034,0.99054,0.00000,0.98934,0.99194,0.99308,0.99026,0.99000,0.99034,0.99132,0.99068,0.98932,0.98946,0.99068,0.99143,0.99443,0.98974,0.98676,0.99183,0.99105,0.98716,0.99318,0.99157,0.99027,0.98639,0.98845,0.99053,0.99058,0.98900,0.99154,0.99158,0.99148,0.99164,0.99435,0.98846,0.98516,0.98878,0.98918,0.99128,0.99373,0.99131,0.99012,0.99214,0.98960,0.99292,0.98908,0.00000,0.00000,0.99287,0.99316,0.99277,0.99420,0.99002,0.99100,0.98903,0.99382,0.98810,0.99146,0.99178,0.99138,0.99365,0.98702,0.99093,0.99100,0.99273,0.98939,0.99270,0.99028,0.99255,0.98920,0.99119,0.99267,0.99188,0.98868,1.00000,0.98908,0.99442,0.99014,0.99134,0.98902,0.98619,0.99365,0.00000,0.99371,0.99043,0.98966,0.98975,0.04285,0.00000,0.00000,0.00234,0.00000,0.00569,0.07422,0.00000,0.00000,0.00000,0.00000,0.00000,0.00000,0.01595,0.00000,0.02381,0.00000,0.12144,0.33773,0.36007,0.07422,0.08771,0.00000,0.02999,0.03312,0.00000,0.04584,0.00000,0.00000,0.06072,0.00000,0.00504,0.00000,0.08864,0.10633,0.06540,0.11863,0.17034,0.00000,0.02623,0.05105,0.12064,0.08544,0.07158,0.05615,0.00000,0.02092,0.07577,0.08677,0.00000,0.04396,0.00000,0.00000,0.09970,0.00000,0.16265,0.17329,0.21450,0.03764,0.22427,0.14599,0.14929,0.13218,0.12968,0.02956,0.15496,0.06970,0.31742,0.20243,0.32631,0.31875,0.15505,0.15667,0.06917,0.18112,0.07569,0.16102,0.16381,0.21362,0.06430,0.15166,0.15981,0.17471,0.19281,0.27315,0.11818,0.25316,0.11031,0.15168,0.43555,0.05448,0.12248,0.12896,0.18569,0.13602,0.17735,0.23413,0.16712,0.47477,0.42257,0.13461,0.12854,0.09988,0.14526,0.25641,0.33006,0.09505,0.15491,0.10746,0.15816,0.43637,0.47605,0.00000,0.00000,0.15744,0.07407,0.05788,0.04297,0.00000,0.00000,0.00000,0.00000,0.03508,0.00318,0.22708,0.00159,0.00000,0.00000,0.00000,0.00000,0.00000,0.00000,0.00000,0.00000,0.00000,0.50563,0.00000,0.00000,0.00000,0.00000,0.00000,0.00000,0.06052,0.89557,0.02828,0.04065,0.01199,0.03255,0.00000,0.00000,0.00000,0.00000,0.50302,0.50947,0.00000,0.00000,0.00000,0.00000,0.00000,0.03443,0.05493,0.03679,0.04882,0.07073,0.06178,0.05822,0.00000,0.00000,0.00000,0.00000,0.04014,0.05288,0.00000,0.00000,0.00000,0.00000,0.00000,0.00000,0.00000,0.00000,0.02870,0.02078,0.00000,0.00000,0.00000,0.00000,0.02843,0.00000,0.00000,0.00000,0.00000,0.00000,0.41579,0.42326,0.00000,0.00000,0.00000,0.00000,0.00000,0.00000,0.00887,0.00571,0.05283,0.00000,0.06597,0.22335,0.00000,0.00000,0.00000,0.00000,0.00000,0.00000,0.00000,0.00000,0.00000,0.00000,0.00000,0.00000,0.00000,0.00000,0.00000,0.00000,0.00000,0.00000,0.00000,0.00000,0.00000,0.04188,0.03171,0.94003,0.94323,0.06100,0.05997,0.98043,0.96350
ALPN_VM4_R,0.99070,0.98917,0.00000,0.99242,0.99228,0.99343,0.99145,0.99275,0.99025,0.99221,0.98896,0.99039,0.98966,0.99326,0.99003,0.98984,0.99169,0.99180,0.98955,0.99224,0.99161,0.99142,0.99017,0.99261,0.99245,0.98443,0.99103,0.98997,0.99240,0.99126,0.99144,0.99223,0.99315,0.99002,0.99196,0.99119,0.99280,0.99061,0.99159,0.99149,0.98745,0.99380,0.98612,0.99218,0.99034,0.99356,0.00000,0.00000,0.99292,0.99221,0.99262,0.98898,0.99179,0.99221,0.98999,0.98860,0.99197,0.98727,0.98993,0.99297,0.98889,0.99156,0.98873,0.99417,0.98941,0.99335,0.98879,0.99152,0.99044,0.99249,0.98871,0.99079,0.99089,0.99259,0.98908,1.00000,0.99264,0.99215,0.98861,0.99467,0.99242,0.98898,0.00000,0.99014,0.99099,0.99183,0.99191,0.04604,0.00000,0.00000,0.00352,0.00000,0.00611,0.07974,0.00000,0.00000,0.00000,0.00000,0.00000,0.00000,0.03141,0.00000,0.02772,0.00000,0.14499,0.32933,0.41093,0.07974,0.09424,0.00000,0.02739,0.04152,0.00000,0.05265,0.00000,0.00000,0.05075,0.00000,0.00426,0.00000,0.10167,0.13506,0.06896,0.13835,0.15603,0.00000,0.03919,0.06220,0.13564,0.10431,0.07561,0.07284,0.00000,0.03697,0.08416,0.10655,0.00000,0.05553,0.00000,0.00000,0.09022,0.00000,0.15219,0.18542,0.20316,0.04381,0.20404,0.13209,0.13415,0.14641,0.11720,0.02631,0.13926,0.05908,0.28029,0.19647,0.29583,0.32708,0.14811,0.15659,0.05209,0.18099,0.07219,0.15069,0.15567,0.20712,0.05559,0.14441,0.14889,0.17001,0.17892,0.27057,0.11567,0.26593,0.10444,0.17956,0.38078,0.04839,0.13747,0.12579,0.19643,0.12111,0.18480,0.23015,0.17056,0.44942,0.42366,0.11394,0.11703,0.09933,0.15040,0.22808,0.33490,0.08444,0.15190,0.10974,0.16926,0.39593,0.50740,0.00000,0.00000,0.16609,0.07959,0.05376,0.05549,0.00000,0.00000,0.00000,0.00000,0.03904,0.01025,0.20143,0.00103,0.00000,0.00000,0.00000,0.00000,0.00000,0.00000,0.00000,0.00000,0.00000,0.50060,0.00000,0.00000,0.00000,0.00000,0.00000,0.00000,0.05509,0.89439,0.02601,0.03878,0.01265,0.03934,0.00000,0.00000,0.00000,0.00000,0.49425,0.50042,0.00000,0.00000,0.00000,0.00000,0.00000,0.03014,0.05127,0.03405,0.04348,0.06560,0.05667,0.05460,0.00000,0.00000,0.00000,0.00000,0.03753,0.04826,0.00000,0.00000,0.00000,0.00000,0.00000,0.00000,0.00000,0.00000,0.02705,0.01925,0.00000,0.00000,0.00000,0.00000,0.02989,0.00000,0.00000,0.00000,0.00000,0.00000,0.41810,0.42119,0.00000,0.00000,0.00000,0.00000,0.00000,0.00000,0.00727,0.00511,0.04961,0.00000,0.05982,0.22551,0.00000,0.00000,0.00000,0.00000,0.00000,0.00000,0.00000,0.00000,0.00000,0.00000,0.00000,0.00000,0.00000,0.00000,0.00000,0.00000,0.00000,0.00000,0.00000,0.00000,0.00000,0.03621,0.02326,0.93906,0.94795,0.05275,0.05434,0.98062,0.96412
ALPN_VM5d_L,0.99406,0.99329,0.00000,0.99243,0.99419,0.99598,0.99425,0.99273,0.99249,0.99386,0.99231,0.99359,0.99218,0.99389,0.99180,0.99510,0.99429,0.99155,0.99322,0.99378,0.99111,0.99516,0.99413,0.99428,0.99201,0.98867,0.99261,0.99179,0.99310,0.99425,0.99393,0.99305,0.99401,0.99345,0.99242,0.99015,0.99305,0.99261,0.99262,0.99492,0.99209,0.99282,0.99216,0.99297,0.99385,0.99261,0.00000,0.00000,0.99443,0.99488,0.99399,0.99327,0.99265,0.99417,0.99159,0.99536,0.99203,0.99296,0.99379,0.99404,0.99433,0.99156,0.99357,0.99392,0.99449,0.99359,0.99442,0.99290,0.99331,0.99219,0.99384,0.99488,0.99344,0.99259,0.99442,0.99264,1.00000,0.99277,0.99371,0.99259,0.99115,0.99413,0.00000,0.99394,0.99288,0.99293,0.99236,0.04778,0.00000,0.00000,0.01387,0.00000,0.00582,0.06207,0.00000,0.00000,0.00000,0.00000,0.00000,0.00000,0.01630,0.00000,0.02231,0.00000,0.12414,0.33636,0.37430,0.06207,0.08276,0.00000,0.02912,0.03950,0.00000,0.04363,0.00000,0.00000,0.05517,0.00000,0.00515,0.00000,0.09327,0.11929,0.06872,0.11683,0.16847,0.00000,0.03728,0.06072,0.11489,0.08327,0.07194,0.05843,0.00000,0.02345,0.07708,0.08996,0.00000,0.04534,0.00000,0.00000,0.09655,0.00000,0.15463,0.16894,0.20828,0.03527,0.20910,0.13900,0.14147,0.13363,0.11778,0.02833,0.13945,0.06558,0.29963,0.20006,0.30853,0.32284,0.14230,0.15038,0.04895,0.17667,0.06473,0.15172,0.15588,0.20043,0.05594,0.13864,0.14513,0.16403,0.17140,0.26337,0.12225,0.24976,0.11191,0.17040,0.40997,0.05274,0.13344,0.12669,0.18882,0.12291,0.17789,0.23158,0.16873,0.46464,0.41795,0.11981,0.11897,0.09036,0.13976,0.25110,0.33042,0.08554,0.15235,0.10702,0.16302,0.42019,0.48885,0.00000,0.00000,0.17264,0.09034,0.05086,0.04741,0.00000,0.00000,0.00000,0.00000,0.03074,0.00325,0.21039,0.00130,0.00000,0.00000,0.00000,0.00000,0.00000,0.00000,0.00000,0.00000,0.00000,0.49787,0.00000,0.00000,0.00000,0.00000,0.00000,0.00000,0.05697,0.89653,0.02660,0.03889,0.01180,0.03743,0.00000,0.00000,0.00000,0.00000,0.49220,0.49891,0.00000,0.00000,0.00000,0.00000,0.00000,0.02607,0.05210,0.03413,0.04290,0.06527,0.05694,0.05404,0.00000,0.00000,0.00000,0.00000,0.03718,0.04832,0.00000,0.00000,0.00000,0.00000,0.00000,0.00000,0.00000,0.00000,0.02848,0.02026,0.00000,0.00000,0.00000,0.00000,0.03031,0.00000,0.00000,0.00000,0.00000,0.00000,0.40784,0.41334,0.00000,0.00000,0.00000,0.00000,0.00000,0.00000,0.00787,0.00535,0.05173,0.00000,0.06123,0.22301,0.00000,0.00000,0.00000,0.00000,0.00000,0.00000,0.00000,0.00000,0.00000,0.00000,0.00000,0.00000,0.00000,0.00000,0.00000,0.00000,0.00000,0.00000,0.00000,0.00000,0.00000,0.03492,0.02814,0.94320,0.94665,0.05627,0.05791,0.98060,0.96328
ALPN_VM5d_R,0.99169,0.98999,0.00000,0.99244,0.99194,0.99467,0.99121,0.99295,0.99077,0.99375,0.99028,0.99086,0.99176,0.99253,0.98685,0.99169,0.99079,0.99210,0.99114,0.99248,0.98969,0.99324,0.98910,0.99156,0.98999,0.98357,0.99034,0.98918,0.98946,0.99376,0.99040,0.99373,0.99494,0.98996,0.99011,0.99018,0.99196,0.99112,0.99327,0.99059,0.98756,0.99383,0.98868,0.99431,0.99272,0.99224,0.00000,0.00000,0.99139,0.99256,0.99150,0.98961,0.99161,0.99276,0.99195,0.99291,0.99285,0.98813,0.99050,0.99401,0.99008,0.99289,0.98818,0.99386,0.99137,0.99228,0.98921,0.99102,0.99159,0.99364,0.99007,0.99088,0.99082,0.99319,0.99014,0.99215,0.99277,1.00000,0.99034,0.99308,0.99211,0.99081,0.00000,0.99049,0.99287,0.99034,0.99267,0.04423,0.00000,0.00000,0.00097,0.00000,0.00587,0.08357,0.00000,0.00000,0.00000,0.00000,0.00000,0.00000,0.02012,0.00000,0.02458,0.00000,0.13231,0.31317,0.37794,0.08357,0.07660,0.00000,0.02631,0.03988,0.00000,0.04609,0.00000,0.00000,0.04875,0.00000,0.00520,0.00000,0.10586,0.11492,0.09073,0.12319,0.15296,0.00000,0.03716,0.05881,0.13166,0.08115,0.08280,0.05652,0.00000,0.02577,0.10227,0.08476,0.00000,0.04864,0.00000,0.00000,0.09749,0.00000,0.15324,0.17020,0.20540,0.03885,0.21980,0.13895,0.13525,0.14875,0.13354,0.02968,0.15748,0.06522,0.30165,0.20252,0.31253,0.33946,0.14992,0.15522,0.05431,0.18493,0.07190,0.16232,0.15891,0.21283,0.06204,0.14946,0.14787,0.17355,0.18710,0.27650,0.11712,0.26388,0.12118,0.17717,0.39953,0.04825,0.13707,0.12459,0.19509,0.12740,0.18732,0.25200,0.17376,0.44957,0.41055,0.11775,0.12522,0.09655,0.15102,0.23830,0.32602,0.08984,0.16174,0.10684,0.16899,0.41500,0.49923,0.00000,0.00000,0.16742,0.06950,0.06147,0.05046,0.00000,0.00000,0.00000,0.00000,0.03621,0.00657,0.21842,0.00164,0.00000,0.00000,0.00000,0.00000,0.00000,0.00000,0.00000,0.00000,0.00000,0.50804,0.00000,0.00000,0.00000,0.00000,0.00000,0.00000,0.05401,0.89064,0.02674,0.03860,0.01192,0.03569,0.00000,0.00000,0.00000,0.00000,0.50315,0.51256,0.00000,0.00000,0.00000,0.00000,0.00000,0.02632,0.05129,0.03395,0.04464,0.06546,0.05673,0.05433,0.00000,0.00000,0.00000,0.00000,0.03713,0.04879,0.00000,0.00000,0.00000,0.00000,0.00000,0.00000,0.00000,0.00000,0.02702,0.01923,0.00000,0.00000,0.00000,0.00000,0.02872,0.00000,0.00000,0.00000,0.00000,0.00000,0.42349,0.42734,0.00000,0.00000,0.00000,0.00000,0.00000,0.00000,0.00698,0.00589,0.04903,0.00000,0.05844,0.23409,0.00000,0.00000,0.00000,0.00000,0.00000,0.00000,0.00000,0.00000,0.00000,0.00000,0.00000,0.00000,0.00000,0.00000,0.00000,0.00000,0.00000,0.00000,0.00000,0.00000,0.00000,0.04303,0.02900,0.94028,0.94728,0.05851,0.06304,0.98350,0.96912
ALPN_VM5v_L,0.99255,0.99131,0.00000,0.99262,0.99168,0.99387,0.99115,0.99121,0.99325,0.99117,0.99264,0.99129,0.99405,0.99158,0.99179,0.99350,0.99309,0.98898,0.99170,0.99332,0.99164,0.99165,0.99381,0.99305,0.98870,0.99170,0.99383,0.99193,0.99249,0.99275,0.99246,0.99219,0.99177,0.99308,0.99033,0.98948,0.99113,0.99424,0.99409,0.99358,0.99286,0.98902,0.99120,0.99102,0.99104,0.98875,0.00000,0.00000,0.99335,0.99275,0.99313,0.99200,0.99246,0.99188,0.99218,0.99325,0.99042,0.99097,0.99200,0.99277,0.99341,0.99071,0.99274,0.99092,0.99238,0.98958,0.99116,0.99048,0.99196,0.98740,0.99243,0.99398,0.99265,0.98842,0.99134,0.98861,0.99371,0.99034,1.00000,0.98851,0.98938,0.99184,0.00000,0.99371,0.99218,0.99292,0.99221,0.04661,0.00000,0.00000,0.00865,0.00000,0.00309,0.08074,0.00000,0.00000,0.00000,0.00000,0.00000,0.00000,0.02795,0.00000,0.02590,0.00000,0.13211,0.33783,0.35850,0.08074,0.08074,0.00000,0.02691,0.03603,0.00000,0.04815,0.00000,0.00000,0.05138,0.00000,0.00431,0.00000,0.09742,0.12844,0.07710,0.12590,0.16956,0.00000,0.03393,0.05603,0.12657,0.09325,0.07524,0.06865,0.00000,0.03523,0.08679,0.10114,0.00000,0.05041,0.00000,0.00000,0.10846,0.00000,0.16780,0.16669,0.21356,0.04094,0.23319,0.13479,0.13806,0.15266,0.14128,0.02714,0.16432,0.06046,0.31880,0.18971,0.32520,0.30350,0.14722,0.16004,0.05103,0.18129,0.08519,0.16086,0.14827,0.20452,0.06051,0.15300,0.13804,0.16947,0.16771,0.27147,0.12532,0.26326,0.11791,0.18180,0.41431,0.04835,0.13505,0.11939,0.19415,0.12095,0.18927,0.24484,0.17209,0.47641,0.41684,0.12215,0.12772,0.10206,0.13919,0.25016,0.33649,0.08275,0.15842,0.09900,0.16259,0.42317,0.48361,0.00000,0.00000,0.16919,0.08836,0.05209,0.05415,0.00000,0.00000,0.00000,0.00000,0.04089,0.00692,0.23074,0.00104,0.00000,0.00000,0.00000,0.00000,0.00000,0.00000,0.00000,0.00000,0.00000,0.48382,0.00000,0.00000,0.00000,0.00000,0.00000,0.00000,0.06045,0.89415,0.02781,0.04012,0.01039,0.04205,0.00000,0.00000,0.00000,0.00000,0.47830,0.48956,0.00000,0.00000,0.00000,0.00000,0.00000,0.02913,0.05527,0.03654,0.04449,0.06876,0.06086,0.05689,0.00000,0.00000,0.00000,0.00000,0.04001,0.05093,0.00000,0.00000,0.00000,0.00000,0.00000,0.00000,0.00000,0.00000,0.02739,0.01949,0.00000,0.00000,0.00000,0.00000,0.03193,0.00000,0.00000,0.00000,0.00000,0.00000,0.39309,0.40442,0.00000,0.00000,0.00000,0.00000,0.00000,0.00000,0.00787,0.00518,0.05602,0.00000,0.06626,0.21743,0.00000,0.00000,0.00000,0.00000,0.00000,0.00000,0.00000,0.00000,0.00000,0.00000,0.00000,0.00000,0.00000,0.00000,0.00000,0.00000,0.00000,0.00000,0.00000,0.00000,0.00000,0.03928,0.02740,0.93958,0.94066,0.06390,0.07125,0.97831,0.95869
ALPN_VM5v_R,0.99014,0.98872,0.00000,0.99319,0.99275,0.99320,0.99327,0.99246,0.99035,0.99356,0.98852,0.99210,0.99028,0.99389,0.98799,0.98933,0.99200,0.99335,0.99061,0.99309,0.99182,0.99173,0.98911,0.99162,0.99116,0.98289,0.99111,0.98871,0.98965,0.99187,0.99160,0.99360,0.99397,0.98979,0.99151,0.98976,0.99173,0.99024,0.99158,0.99108,0.98577,0.99298,0.98703,0.99307,0.99256,0.99350,0.00000,0.00000,0.99184,0.99188,0.99214,0.98905,0.99169,0.99198,0.99105,0.99006,0.99213,0.98666,0.99004,0.99504,0.98956,0.99296,0.98988,0.99340,0.98969,0.99303,0.98962,0.99109,0.99103,0.99450,0.98944,0.98925,0.99162,0.99229,0.98902,0.99467,0.99259,0.99308,0.98851,1.00000,0.99280,0.98955,0.00000,0.98900,0.99239,0.99138,0.99116,0.04289,0.00000,0.00000,0.00618,0.00000,0.00626,0.08914,0.00000,0.00000,0.00000,0.00000,0.00000,0.00000,0.02829,0.00000,0.02840,0.00000,0.13371,0.32727,0.40986,0.08914,0.07428,0.00000,0.02806,0.04254,0.00000,0.05134,0.00000,0.00000,0.05200,0.00000,0.00476,0.00000,0.09859,0.11920,0.07803,0.12902,0.15988,0.00000,0.04015,0.06390,0.14008,0.08719,0.08014,0.06377,0.00000,0.03343,0.09065,0.09383,0.00000,0.05101,0.00000,0.00000,0.09822,0.00000,0.15672,0.16951,0.20249,0.04489,0.20733,0.14175,0.13130,0.15194,0.12224,0.02683,0.13958,0.06070,0.28645,0.20540,0.29981,0.34439,0.14511,0.15561,0.05164,0.19207,0.07398,0.15465,0.15836,0.20672,0.06223,0.14366,0.14837,0.17017,0.17817,0.26777,0.11628,0.27121,0.10150,0.18090,0.37544,0.05251,0.13874,0.12972,0.19649,0.12014,0.18465,0.24286,0.17395,0.46160,0.44168,0.10863,0.11084,0.09540,0.15349,0.24200,0.35512,0.08591,0.15703,0.11234,0.17587,0.40198,0.51747,0.00000,0.00000,0.16178,0.08943,0.05642,0.05195,0.00000,0.00000,0.00000,0.00000,0.04276,0.00700,0.20214,0.00140,0.00000,0.00000,0.00000,0.00000,0.00000,0.00000,0.00000,0.00000,0.00000,0.49988,0.00000,0.00000,0.00000,0.00000,0.00000,0.00000,0.05185,0.89432,0.02342,0.03515,0.01002,0.02912,0.00000,0.00000,0.00000,0.00000,0.49394,0.50172,0.00000,0.00000,0.00000,0.00000,0.00000,0.02386,0.04625,0.02994,0.03795,0.05728,0.05192,0.04792,0.00000,0.00000,0.00000,0.00000,0.03246,0.04367,0.00000,0.00000,0.00000,0.00000,0.00000,0.00000,0.00000,0.00000,0.02735,0.01946,0.00000,0.00000,0.00000,0.00000,0.02525,0.00000,0.00000,0.00000,0.00000,0.00000,0.42036,0.41846,0.00000,0.00000,0.00000,0.00000,0.00000,0.00000,0.00745,0.00524,0.04643,0.00000,0.05552,0.22766,0.00000,0.00000,0.00000,0.00000,0.00000,0.00000,0.00000,0.00000,0.00000,0.00000,0.00000,0.00000,0.00000,0.00000,0.00000,0.00000,0.00000,0.00000,0.00000,0.00000,0.00000,0.03954,0.02738,0.94071,0.94984,0.05902,0.06420,0.98047,0.96704
ALPN_VM7d_R,0.98851,0.98654,0.00000,0.99245,0.98982,0.99298,0.99139,0.99189,0.99227,0.99104,0.98800,0.99060,0.98983,0.99318,0.98665,0.98769,0.99131,0.99193,0.98804,0.99223,0.99206,0.98917,0.98828,0.99044,0.99045,0.98297,0.99060,0.98819,0.99103,0.99102,0.99034,0.99106,0.99249,0.98894,0.99200,0.99086,0.99054,0.99120,0.99004,0.98980,0.98622,0.99123,0.98592,0.99154,0.98977,0.99050,0.00000,0.00000,0.99082,0.99218,0.99161,0.98877,0.99337,0.99106,0.99082,0.98940,0.99094,0.98757,0.98898,0.99291,0.98893,0.99194,0.98700,0.99141,0.99035,0.99151,0.98757,0.98912,0.98991,0.99072,0.98866,0.98869,0.98939,0.99056,0.98619,0.99242,0.99115,0.99211,0.98938,0.99280,1.00000,0.98901,0.00000,0.99062,0.99198,0.99231,0.99259,0.04547,0.00000,0.00000,0.01837,0.00000,0.00302,0.07160,0.00000,0.00000,0.00000,0.00000,0.00000,0.00000,0.01692,0.00000,0.02737,0.00000,0.13604,0.30932,0.39724,0.07160,0.08592,0.00000,0.02625,0.03515,0.00000,0.05074,0.00000,0.00000,0.05012,0.00000,0.00420,0.00000,0.10816,0.13147,0.08006,0.13127,0.14869,0.00000,0.03294,0.05772,0.12628,0.08585,0.08045,0.06241,0.00000,0.02434,0.09240,0.09998,0.00000,0.04938,0.00000,0.00000,0.08911,0.00000,0.15218,0.16339,0.20066,0.04327,0.21448,0.13307,0.13000,0.15542,0.13202,0.02794,0.15200,0.06118,0.29412,0.20118,0.30027,0.32726,0.15124,0.16586,0.05250,0.18014,0.07508,0.14907,0.15309,0.20157,0.05332,0.14134,0.14189,0.16873,0.17043,0.26853,0.12442,0.26955,0.12256,0.19417,0.38241,0.04986,0.13324,0.12259,0.19344,0.11821,0.18489,0.25136,0.19078,0.45109,0.42702,0.13101,0.12929,0.09450,0.14131,0.23229,0.34718,0.07984,0.15906,0.10874,0.17078,0.40709,0.51741,0.00000,0.00000,0.18835,0.10809,0.06102,0.04844,0.00000,0.00000,0.00000,0.00000,0.04388,0.00338,0.20818,0.00135,0.00000,0.00000,0.00000,0.00000,0.00000,0.00000,0.00000,0.00000,0.00000,0.48952,0.00000,0.00000,0.00000,0.00000,0.00000,0.00000,0.05153,0.89077,0.02377,0.03512,0.01013,0.03454,0.00000,0.00000,0.00000,0.00000,0.48331,0.49406,0.00000,0.00000,0.00000,0.00000,0.00000,0.02165,0.04685,0.03055,0.03886,0.05795,0.05257,0.04969,0.00000,0.00000,0.00000,0.00000,0.03359,0.04440,0.00000,0.00000,0.00000,0.00000,0.00000,0.00000,0.00000,0.00000,0.02529,0.01800,0.00000,0.00000,0.00000,0.00000,0.02790,0.00000,0.00000,0.00000,0.00000,0.00000,0.41024,0.41028,0.00000,0.00000,0.00000,0.00000,0.00000,0.00000,0.00718,0.00556,0.04711,0.00000,0.05611,0.22311,0.00000,0.00000,0.00000,0.00000,0.00000,0.00000,0.00000,0.00000,0.00000,0.00000,0.00000,0.00000,0.00000,0.00000,0.00000,0.00000,0.00000,0.00000,0.00000,0.00000,0.00000,0.04218,0.02640,0.94009,0.94727,0.05689,0.06189,0.98090,0.96570
ALPN_VP1l+_L,0.98992,0.98887,0.00000,0.98867,0.99183,0.99329,0.98927,0.99107,0.99196,0.99335,0.99130,0.99145,0.99187,0.99349,0.99022,0.99299,0.99126,0.98885,0.99075,0.99265,0.98934,0.99352,0.99162,0.99141,0.98857,0.98655,0.99159,0.99209,0.98835,0.99204,0.99178,0.99251,0.99174,0.99295,0.98930,0.98610,0.98990,0.99067,0.99082,0.99324,0.99199,0.98994,0.99236,0.99046,0.99331,0.98946,0.00000,0.00000,0.99309,0.99273,0.99165,0.99247,0.99177,0.99312,0.98987,0.99277,0.98858,0.99219,0.99083,0.99161,0.99325,0.99059,0.99181,0.99173,0.99217,0.98915,0.99194,0.99005,0.99150,0.99001,0.99195,0.99263,0.99265,0.98866,0.99365,0.98898,0.99413,0.99081,0.99184,0.98955,0.98901,1.00000,0.00000,0.99453,0.99140,0.99068,0.99243,0.04451,0.00000,0.00000,0.00267,0.00000,0.00325,0.07709,0.00000,0.00000,0.00000,0.00000,0.00000,0.00000,0.03745,0.00000,0.02494,0.00000,0.12334,0.33478,0.35561,0.07709,0.09250,0.00000,0.02827,0.03784,0.00000,0.04831,0.00000,0.00000,0.05396,0.00000,0.00494,0.00000,0.10336,0.14336,0.08306,0.12232,0.17176,0.00000,0.03511,0.05555,0.12239,0.11124,0.07811,0.08323,0.00000,0.04625,0.09074,0.11755,0.00000,0.04977,0.00000,0.00000,0.10792,0.00000,0.16984,0.16507,0.21391,0.03942,0.22635,0.14577,0.14938,0.14238,0.12853,0.03404,0.15015,0.07102,0.31517,0.21108,0.31592,0.32249,0.16101,0.15646,0.05629,0.17165,0.07553,0.14963,0.15581,0.20268,0.07654,0.14461,0.14847,0.16416,0.18339,0.26635,0.12264,0.24834,0.12136,0.16604,0.41272,0.05362,0.12693,0.12823,0.18434,0.13342,0.18029,0.25165,0.18394,0.48685,0.42800,0.13316,0.12531,0.10321,0.14544,0.25852,0.34196,0.08788,0.14983,0.10566,0.15942,0.44158,0.49417,0.00000,0.00000,0.17007,0.06924,0.05685,0.06994,0.00000,0.00000,0.00000,0.00000,0.03722,0.01817,0.22137,0.00618,0.00000,0.00000,0.00000,0.00000,0.00000,0.00000,0.00000,0.00000,0.00000,0.49459,0.00000,0.00000,0.00000,0.00000,0.00000,0.00000,0.05654,0.89176,0.02559,0.03707,0.01091,0.03254,0.00000,0.00000,0.00000,0.00000,0.48869,0.49622,0.00000,0.00000,0.00000,0.00000,0.00000,0.02331,0.05053,0.03278,0.04281,0.06263,0.05585,0.05220,0.00000,0.00000,0.00000,0.00000,0.03570,0.04759,0.00000,0.00000,0.00000,0.00000,0.00000,0.00000,0.00000,0.00000,0.02608,0.01856,0.00000,0.00000,0.00000,0.00000,0.02829,0.00000,0.00000,0.00000,0.00000,0.00000,0.40785,0.41293,0.00000,0.00000,0.00000,0.00000,0.00000,0.00000,0.00773,0.00489,0.05072,0.00000,0.06116,0.22087,0.00000,0.00000,0.00000,0.00000,0.00000,0.00000,0.00000,0.00000,0.00000,0.00000,0.00000,0.00000,0.00000,0.00000,0.00000,0.00000,0.00000,0.00000,0.00000,0.00000,0.00000,0.03925,0.02799,0.93837,0.94049,0.06125,0.06410,0.98028,0.96150
ALPN_VP1l+_R,0.00000,0.00000,0.00000,0.00000,0.00000,0.00000,0.00000,0.00000,0.00000,0.00000,0.00000,0.00000,0.00000,0.00000,0.00000,0.00000,0.00000,0.00000,0.00000,0.00000,0.00000,0.00000,0.00000,0.00000,0.00000,0.00000,0.00000,0.00000,0.00000,0.00000,0.00000,0.00000,0.00000,0.00000,0.00000,0.00000,0.00000,0.00000,0.00000,0.00000,0.00000,0.00000,0.00000,0.00000,0.00000,0.00000,0.00000,0.00000,0.00000,0.00000,0.00000,0.00000,0.00000,0.00000,0.00000,0.00000,0.00000,0.00000,0.00000,0.00000,0.00000,0.00000,0.00000,0.00000,0.00000,0.00000,0.00000,0.00000,0.00000,0.00000,0.00000,0.00000,0.00000,0.00000,0.00000,0.00000,0.00000,0.00000,0.00000,0.00000,0.00000,0.00000,0.00000,0.00000,0.00000,0.00000,0.00000,0.00000,0.00000,0.00000,0.00000,0.00000,0.00000,0.00000,0.00000,0.00000,0.00000,0.00000,0.00000,0.00000,0.00000,0.00000,0.00000,0.00000,0.00000,0.00000,0.00000,0.00000,0.00000,0.00000,0.00000,0.00000,0.00000,0.00000,0.00000,0.00000,0.00000,0.00000,0.00000,0.00000,0.00000,0.00000,0.00000,0.00000,0.00000,0.00000,0.00000,0.00000,0.00000,0.00000,0.00000,0.00000,0.00000,0.00000,0.00000,0.00000,0.00000,0.00000,0.00000,0.00000,0.00000,0.00000,0.00000,0.00000,0.00000,0.00000,0.00000,0.00000,0.00000,0.00000,0.00000,0.00000,0.00000,0.00000,0.00000,0.00000,0.00000,0.00000,0.00000,0.00000,0.00000,0.00000,0.00000,0.00000,0.00000,0.00000,0.00000,0.00000,0.00000,0.00000,0.00000,0.00000,0.00000,0.00000,0.00000,0.00000,0.00000,0.00000,0.00000,0.00000,0.00000,0.00000,0.00000,0.00000,0.00000,0.00000,0.00000,0.00000,0.00000,0.00000,0.00000,0.00000,0.00000,0.00000,0.00000,0.00000,0.00000,0.00000,0.00000,0.00000,0.00000,0.00000,0.00000,0.00000,0.00000,0.00000,0.00000,0.00000,0.00000,0.00000,0.00000,0.00000,0.00000,0.00000,0.00000,0.00000,0.00000,0.00000,0.00000,0.00000,0.00000,0.00000,0.00000,0.00000,0.00000,0.00000,0.00000,0.00000,0.00000,0.00000,0.00000,0.00000,0.00000,0.00000,0.00000,0.00000,0.00000,0.00000,0.00000,0.00000,0.00000,0.00000,0.00000,0.00000,0.00000,0.00000,0.00000,0.00000,0.00000,0.00000,0.00000,0.00000,0.00000,0.00000,0.00000,0.00000,0.00000,0.00000,0.00000,0.00000,0.00000,0.00000,0.00000,0.00000,0.00000,0.00000,0.00000,0.00000,0.00000,0.00000,0.00000,0.00000,0.00000,0.00000,0.00000,0.00000,0.00000,0.00000,0.00000,0.00000,0.00000,0.00000,0.00000,0.00000,0.00000,0.00000,0.00000,0.00000,0.00000,0.00000,0.00000,0.00000,0.00000,0.00000,0.00000,0.00000,0.00000,0.00000,0.00000,0.00000,0.00000,0.00000,0.00000,0.00000,0.00000,0.00000,0.00000,0.00000,0.00000,0.00000,0.00000,0.00000,0.00000,0.00000,0.00000,0.00000,0.00000,0.00000,0.00000,0.00000,0.00000,0.00000
ALPN_food_pool_L,0.99115,0.98926,0.00000,0.99082,0.99215,0.99412,0.98927,0.99342,0.99367,0.99076,0.99220,0.99028,0.99115,0.99218,0.99106,0.99297,0.99073,0.98895,0.99064,0.99247,0.98953,0.99201,0.99108,0.99076,0.98765,0.98886,0.99190,0.99004,0.98930,0.99165,0.99267,0.99139,0.99261,0.99475,0.98928,0.98695,0.99079,0.99037,0.99247,0.99360,0.99406,0.98966,0.99273,0.98954,0.99191,0.98832,0.00000,0.00000,0.99351,0.99234,0.99217,0.99341,0.99275,0.99195,0.99096,0.99282,0.98957,0.99120,0.99044,0.99057,0.99213,0.99070,0.98881,0.99132,0.99292,0.98920,0.99217,0.98960,0.99206,0.98794,0.99157,0.99299,0.99238,0.98870,0.99371,0.99014,0.99394,0.99049,0.99371,0.98900,0.99062,0.99453,0.00000,1.00000,0.99183,0.99237,0.99300,0.04440,0.00000,0.00000,0.00667,0.00000,0.00000,0.08331,0.00000,0.00000,0.00000,0.00000,0.00000,0.00000,0.03955,0.00000,0.02450,0.00000,0.12176,0.32739,0.36134,0.08331,0.09613,0.00000,0.02706,0.03670,0.00000,0.04805,0.00000,0.00000,0.05127,0.00000,0.00410,0.00000,0.10781,0.15220,0.07917,0.12161,0.16221,0.00000,0.03494,0.05571,0.12680,0.11054,0.07697,0.08349,0.00000,0.04871,0.08859,0.12334,0.00000,0.04984,0.00000,0.00000,0.09969,0.00000,0.16248,0.16461,0.21042,0.03873,0.23131,0.14419,0.14656,0.15736,0.14293,0.03137,0.16165,0.07063,0.32284,0.20636,0.32708,0.31273,0.15930,0.16444,0.05373,0.18069,0.07483,0.15652,0.15234,0.20589,0.06562,0.15336,0.14282,0.16934,0.18064,0.27047,0.12793,0.26404,0.12183,0.18045,0.42925,0.05214,0.12476,0.12309,0.18946,0.12395,0.18361,0.25837,0.18324,0.47638,0.41338,0.13766,0.13767,0.10884,0.14431,0.24327,0.32661,0.08661,0.15470,0.10175,0.16012,0.43810,0.50003,0.00000,0.00000,0.16858,0.08995,0.05808,0.06353,0.00000,0.00000,0.00000,0.00000,0.04284,0.00906,0.22947,0.00151,0.00000,0.00000,0.00000,0.00000,0.00000,0.00000,0.00000,0.00000,0.00000,0.49008,0.00000,0.00000,0.00000,0.00000,0.00000,0.00000,0.06538,0.89451,0.03116,0.04419,0.01329,0.04444,0.00000,0.00000,0.00000,0.00000,0.48518,0.49418,0.00000,0.00000,0.00000,0.00000,0.00000,0.03876,0.06000,0.04074,0.05471,0.07882,0.06742,0.06493,0.00000,0.00000,0.00000,0.00000,0.04498,0.05729,0.00000,0.00000,0.00000,0.00000,0.00000,0.00000,0.00000,0.00000,0.02726,0.01974,0.00000,0.00000,0.00000,0.00000,0.03311,0.00000,0.00000,0.00000,0.00000,0.00000,0.40154,0.41080,0.00000,0.00000,0.00000,0.00000,0.00000,0.00000,0.00953,0.00588,0.05777,0.00000,0.07239,0.21772,0.00000,0.00000,0.00000,0.00000,0.00000,0.00000,0.00000,0.00000,0.00000,0.00000,0.00000,0.00000,0.00000,0.00000,0.00000,0.00000,0.00000,0.00000,0.00000,0.00000,0.00000,0.03732,0.02747,0.94015,0.94285,0.06653,0.07350,0.97949,0.96153
ALPN_food_pool_R,0.99072,0.99040,0.00000,0.99237,0.99285,0.99402,0.99116,0.99249,0.99273,0.99352,0.98996,0.99244,0.99378,0.99348,0.99078,0.99210,0.99250,0.99199,0.99227,0.99488,0.99230,0.99266,0.99033,0.99165,0.98701,0.98852,0.99358,0.99034,0.99091,0.99166,0.99239,0.99448,0.99459,0.99265,0.99104,0.98706,0.99116,0.99223,0.99279,0.99482,0.98949,0.99245,0.99226,0.99369,0.99190,0.99309,0.00000,0.00000,0.99167,0.99352,0.99377,0.99001,0.99369,0.99039,0.99241,0.99242,0.98955,0.98847,0.98994,0.99422,0.99321,0.99237,0.99133,0.99310,0.99093,0.98986,0.99097,0.99232,0.99149,0.99151,0.99034,0.99040,0.99213,0.98957,0.99043,0.99099,0.99288,0.99287,0.99218,0.99239,0.99198,0.99140,0.00000,0.99183,1.00000,0.99176,0.99261,0.04554,0.00000,0.00000,0.00547,0.00000,0.00554,0.07888,0.00000,0.00000,0.00000,0.00000,0.00000,0.00000,0.04143,0.00000,0.02320,0.00000,0.12490,0.31234,0.37857,0.07888,0.09203,0.00000,0.02483,0.04303,0.00000,0.04620,0.00000,0.00000,0.04602,0.00000,0.00386,0.00000,0.10057,0.13313,0.08713,0.12052,0.15269,0.00000,0.03569,0.06158,0.12717,0.10703,0.08247,0.08231,0.00000,0.05390,0.09690,0.11444,0.00000,0.05093,0.00000,0.00000,0.09714,0.00000,0.15882,0.17951,0.20557,0.03667,0.22052,0.13607,0.13771,0.13900,0.12730,0.02464,0.14717,0.05826,0.30404,0.19471,0.31113,0.32124,0.14530,0.14652,0.04993,0.18519,0.07344,0.15560,0.14763,0.20003,0.06090,0.14670,0.13673,0.16239,0.17116,0.25762,0.11561,0.26305,0.11757,0.16572,0.41191,0.04653,0.13147,0.12053,0.18772,0.11994,0.17483,0.24801,0.17176,0.46422,0.41892,0.10793,0.10901,0.10780,0.14399,0.23514,0.33990,0.07881,0.14142,0.10011,0.16014,0.41530,0.50082,0.00000,0.00000,0.16920,0.10497,0.06048,0.06296,0.00000,0.00000,0.00000,0.00000,0.04761,0.00930,0.22172,0.00124,0.00000,0.00000,0.00000,0.00000,0.00000,0.00000,0.00000,0.00000,0.00000,0.48812,0.00000,0.00000,0.00000,0.00000,0.00000,0.00000,0.05300,0.89661,0.02491,0.03631,0.00995,0.02775,0.00000,0.00000,0.00000,0.00000,0.48642,0.49565,0.00000,0.00000,0.00000,0.00000,0.00000,0.02236,0.04881,0.03146,0.04047,0.06032,0.05395,0.05073,0.00000,0.00000,0.00000,0.00000,0.03396,0.04553,0.00000,0.00000,0.00000,0.00000,0.00000,0.00000,0.00000,0.00000,0.02682,0.01908,0.00000,0.00000,0.00000,0.00000,0.02562,0.00000,0.00000,0.00000,0.00000,0.00000,0.40298,0.40845,0.00000,0.00000,0.00000,0.00000,0.00000,0.00000,0.00705,0.00603,0.04628,0.00000,0.05685,0.22165,0.00000,0.00000,0.00000,0.00000,0.00000,0.00000,0.00000,0.00000,0.00000,0.00000,0.00000,0.00000,0.00000,0.00000,0.00000,0.00000,0.00000,0.00000,0.00000,0.00000,0.00000,0.03461,0.02763,0.93990,0.94562,0.05964,0.06489,0.97947,0.96103
ALPN_smoke_pool_L,0.99094,0.98919,0.00000,0.99249,0.99230,0.99414,0.99143,0.99155,0.99289,0.99173,0.99052,0.99056,0.99118,0.99262,0.99058,0.99022,0.99406,0.99003,0.99226,0.99272,0.99120,0.99217,0.99146,0.99253,0.99213,0.98587,0.99273,0.99010,0.99144,0.99169,0.99274,0.99268,0.99199,0.99101,0.99140,0.98918,0.99169,0.99147,0.99144,0.99307,0.99133,0.99023,0.98957,0.99176,0.99294,0.99064,0.00682,0.00682,0.99307,0.99384,0.99275,0.99263,0.99057,0.99308,0.99108,0.99163,0.99064,0.98920,0.99200,0.99318,0.99200,0.99136,0.99199,0.99036,0.99224,0.99024,0.99056,0.99102,0.99235,0.98954,0.99065,0.99292,0.99323,0.98986,0.98966,0.99183,0.99293,0.99034,0.99292,0.99138,0.99231,0.99068,0.00000,0.99237,0.99176,1.00000,0.99249,0.04722,0.00000,0.00000,0.01181,0.00000,0.00287,0.06816,0.00000,0.00000,0.00000,0.00000,0.00000,0.00000,0.03669,0.00000,0.02405,0.00000,0.12949,0.32617,0.37400,0.06816,0.07497,0.00000,0.02499,0.03346,0.00000,0.04471,0.00000,0.00000,0.04771,0.00000,0.00364,0.00000,0.09348,0.13941,0.06330,0.12057,0.15960,0.00000,0.03151,0.05387,0.11920,0.09376,0.07292,0.07831,0.00000,0.04839,0.07544,0.11458,0.00000,0.05161,0.00000,0.00000,0.09542,0.00000,0.15847,0.16769,0.20541,0.03802,0.22252,0.12790,0.13683,0.14911,0.13405,0.02240,0.15376,0.04965,0.30177,0.18874,0.31282,0.31127,0.14143,0.15864,0.04878,0.18953,0.07739,0.15685,0.15221,0.20581,0.05861,0.14220,0.14371,0.16796,0.16871,0.26609,0.12685,0.26448,0.11135,0.17540,0.39823,0.05277,0.12817,0.12712,0.19291,0.11978,0.17647,0.24037,0.17397,0.47010,0.41628,0.10712,0.10676,0.10285,0.13754,0.24208,0.33440,0.08261,0.14813,0.10860,0.16638,0.41049,0.49492,0.00000,0.00000,0.18410,0.08885,0.05564,0.06405,0.00000,0.00000,0.00000,0.00000,0.04303,0.00964,0.22793,0.00096,0.00000,0.00000,0.00000,0.00000,0.00000,0.00000,0.00000,0.00000,0.00000,0.49201,0.00000,0.00000,0.00000,0.00000,0.00000,0.00000,0.05638,0.89513,0.02640,0.03830,0.01189,0.03699,0.00000,0.00000,0.00000,0.00000,0.48237,0.49112,0.00000,0.00000,0.00000,0.00000,0.00000,0.02705,0.05204,0.03413,0.04347,0.06558,0.05685,0.05432,0.00000,0.00000,0.00000,0.00000,0.03755,0.04876,0.00000,0.00000,0.00000,0.00000,0.00000,0.00000,0.00000,0.00000,0.02747,0.01954,0.00000,0.00000,0.00000,0.00000,0.02934,0.00000,0.00000,0.00000,0.00000,0.00000,0.40340,0.40984,0.00000,0.00000,0.00000,0.00000,0.00000,0.00000,0.00754,0.00481,0.05067,0.00000,0.06099,0.21899,0.00000,0.00000,0.00000,0.00000,0.00000,0.00000,0.00000,0.00000,0.00000,0.00000,0.00000,0.00000,0.00000,0.00000,0.00000,0.00000,0.00000,0.00000,0.00000,0.00000,0.00000,0.03890,0.02864,0.94250,0.94611,0.05976,0.06756,0.97877,0.96150
ALPN_smoke_pool_R,0.99280,0.98976,0.00000,0.99227,0.99194,0.99238,0.99103,0.99316,0.99241,0.99214,0.99066,0.98980,0.99165,0.99174,0.98918,0.99066,0.99285,0.99123,0.99051,0.99398,0.99227,0.99124,0.99085,0.99161,0.98978,0.98681,0.99370,0.99055,0.99008,0.99248,0.99206,0.99223,0.99371,0.99121,0.99228,0.99109,0.99129,0.99259,0.99098,0.99197,0.99063,0.99320,0.98933,0.99250,0.99206,0.99190,0.00000,0.00000,0.99275,0.99143,0.99256,0.99102,0.99192,0.99173,0.99188,0.99101,0.99237,0.98883,0.98908,0.99297,0.99083,0.99344,0.98807,0.99306,0.99084,0.98951,0.98848,0.99086,0.98989,0.99033,0.98880,0.99189,0.99033,0.99087,0.98975,0.99191,0.99236,0.99267,0.99221,0.99116,0.99259,0.99243,0.00000,0.99300,0.99261,0.99249,1.00000,0.04138,0.00000,0.00000,0.00542,0.00000,0.00824,0.09121,0.00000,0.00000,0.00000,0.00000,0.00000,0.00000,0.04363,0.00000,0.02682,0.00000,0.13030,0.31403,0.38306,0.09121,0.09121,0.00000,0.02461,0.04265,0.00000,0.05113,0.00000,0.00000,0.04561,0.00000,0.00383,0.00000,0.10847,0.14482,0.08078,0.12853,0.15956,0.00000,0.03537,0.06294,0.13750,0.10991,0.07650,0.08463,0.00000,0.05343,0.09358,0.12030,0.00000,0.05335,0.00000,0.00000,0.09121,0.00000,0.14591,0.17721,0.19157,0.04240,0.23816,0.14397,0.13819,0.15576,0.13927,0.02598,0.16447,0.06081,0.31939,0.20352,0.31645,0.32368,0.15953,0.17009,0.05291,0.18542,0.06041,0.15848,0.15178,0.21007,0.05776,0.15284,0.14684,0.17702,0.17942,0.27867,0.11352,0.27213,0.11176,0.18369,0.39591,0.05022,0.13944,0.12185,0.19784,0.13090,0.19661,0.25622,0.18288,0.48358,0.43915,0.12186,0.12618,0.10950,0.15064,0.26142,0.35059,0.08686,0.16647,0.10313,0.17000,0.42024,0.51182,0.00000,0.00000,0.16401,0.09794,0.05832,0.06600,0.00000,0.00000,0.00000,0.00000,0.04476,0.01229,0.22955,0.00154,0.00000,0.00000,0.00000,0.00000,0.00000,0.00000,0.00000,0.00000,0.00000,0.50272,0.00000,0.00000,0.00000,0.00000,0.00000,0.00000,0.05594,0.89137,0.02786,0.04039,0.01244,0.04125,0.00000,0.00000,0.00000,0.00000,0.49710,0.51007,0.00000,0.00000,0.00000,0.00000,0.00000,0.03817,0.05442,0.03649,0.04859,0.07203,0.05910,0.05963,0.00000,0.00000,0.00000,0.00000,0.04016,0.05072,0.00000,0.00000,0.00000,0.00000,0.00000,0.00000,0.00000,0.00000,0.02658,0.01891,0.00000,0.00000,0.00000,0.00000,0.03129,0.00000,0.00000,0.00000,0.00000,0.00000,0.41703,0.42588,0.00000,0.00000,0.00000,0.00000,0.00000,0.00000,0.00721,0.00506,0.05101,0.00000,0.06181,0.22834,0.00000,0.00000,0.00000,0.00000,0.00000,0.00000,0.00000,0.00000,0.00000,0.00000,0.00000,0.00000,0.00000,0.00000,0.00000,0.00000,0.00000,0.00000,0.00000,0.00000,0.00000,0.04126,0.02426,0.94050,0.94674,0.05911,0.06618,0.98401,0.96899
JO-A1_L,0.04519,0.04952,0.00000,0.04366,0.04197,0.04229,0.03945,0.04141,0.04434,0.04598,0.04906,0.04667,0.04884,0.04571,0.04728,0.04278,0.04384,0.04737,0.04526,0.04081,0.04747,0.04598,0.04909,0.04668,0.04797,0.05097,0.04367,0.04724,0.04493,0.05114,0.04991,0.04202,0.04983,0.04438,0.04183,0.04657,0.04186,0.05324,0.05055,0.04898,0.04846,0.04484,0.04715,0.04460,0.04191,0.04618,0.00000,0.00000,0.04978,0.04911,0.05039,0.04765,0.04412,0.05148,0.04978,0.05147,0.04825,0.05039,0.04939,0.04511,0.04629,0.04977,0.05745,0.04652,0.04129,0.04160,0.04599,0.05054,0.04655,0.05022,0.04654,0.05137,0.04578,0.04281,0.04285,0.04604,0.04778,0.04423,0.04661,0.04289,0.04547,0.04451,0.00000,0.04440,0.04554,0.04722,0.04138,1.00000,0.00000,0.00000,0.00000,0.00000,0.00000,0.00000,0.00000,0.00000,0.00000,0.00000,0.00000,0.00000,0.00000,0.00000,0.00000,0.00000,0.00000,0.00000,0.00000,0.00000,0.00000,0.00000,0.00000,0.00000,0.00000,0.00000,0.00000,0.00000,0.00000,0.00000,0.00000,0.00000,0.00000,0.00000,0.00000,0.00000,0.00000,0.00000,0.01328,0.00000,0.00000,0.00000,0.44735,0.00000,0.00000,0.00000,0.00000,0.00000,0.00000,0.00000,0.00000,0.00000,0.25660,0.00000,0.40452,0.00000,0.74269,0.00000,0.00000,0.00000,0.00000,0.00000,0.00000,0.00000,0.00000,0.00000,0.00000,0.00000,0.00000,0.00000,0.00000,0.00000,0.00000,0.00000,0.00000,0.00000,0.00000,0.00000,0.00000,0.00000,0.00000,0.00000,0.00000,0.00000,0.00000,0.00000,0.00000,0.00000,0.00000,0.00000,0.00000,0.00000,0.00000,0.00000,0.00000,0.00000,0.00000,0.00000,0.00000,0.00000,0.00000,0.00000,0.00000,0.00000,0.00000,0.00000,0.00000,0.00000,0.00000,0.00000,0.00000,0.00000,0.00000,0.00000,0.00000,0.00000,0.00000,0.00000,0.00000,0.00000,0.00000,0.00000,0.00000,0.00000,0.00000,0.00000,0.00000,0.00000,0.00000,0.00000,0.00000,0.00000,0.00000,0.00000,0.00000,0.00000,0.00000,0.00000,0.00000,0.00000,0.00000,0.00000,0.05337,0.00000,0.00000,0.00000,0.00000,0.00000,0.00000,0.00000,0.00000,0.00000,0.00000,0.00000,0.00000,0.00000,0.00000,0.00000,0.00000,0.00000,0.00000,0.00000,0.00000,0.00000,0.00000,0.00000,0.00000,0.00000,0.00000,0.00000,0.00000,0.00000,0.00000,0.00000,0.00000,0.00000,0.00000,0.00000,0.00000,0.00000,0.00000,0.00000,0.00000,0.00000,0.00000,0.00000,0.00000,0.00000,0.00000,0.00000,0.00000,0.00000,0.00000,0.00000,0.00000,0.00000,0.00000,0.00000,0.00000,0.00000,0.00000,0.00000,0.00000,0.00000,0.00000,0.00000,0.00000,0.00000,0.00000,0.00000,0.00000,0.00000,0.00000,0.00000,0.00000,0.00000,0.00000,0.00000,0.00000,0.00000,0.00000,0.00000,0.00000,0.00000,0.00000,0.00000,0.00000,0.00000,0.03917,0.03492,0.00000,0.00000,0.03668,0.03656
JO-A1_R,0.00000,0.00000,0.00000,0.00000,0.00000,0.00000,0.00000,0.00000,0.00000,0.00000,0.00000,0.00000,0.00000,0.00000,0.00000,0.00000,0.00000,0.00000,0.00000,0.00000,0.00000,0.00000,0.00000,0.00000,0.00000,0.00000,0.00000,0.00000,0.00000,0.00000,0.00000,0.00000,0.00000,0.00000,0.00000,0.00000,0.00000,0.00000,0.00000,0.00000,0.00000,0.00000,0.00000,0.00000,0.00000,0.00000,0.00000,0.00000,0.00000,0.00000,0.00000,0.00000,0.00000,0.00000,0.00000,0.00000,0.00000,0.00000,0.00000,0.00000,0.00000,0.00000,0.00000,0.00000,0.00000,0.00000,0.00000,0.00000,0.00000,0.00000,0.00000,0.00000,0.00000,0.00000,0.00000,0.00000,0.00000,0.00000,0.00000,0.00000,0.00000,0.00000,0.00000,0.00000,0.00000,0.00000,0.00000,0.00000,1.00000,0.00000,0.41603,0.00000,0.14055,0.00000,0.00000,0.00000,0.00000,0.00000,0.00000,0.00000,0.00000,0.00000,0.95578,0.00000,0.00000,0.00000,0.00000,0.00000,0.00000,0.00000,0.00000,0.00000,0.00000,0.55642,0.00000,0.00000,0.00000,0.00000,0.00000,0.00000,0.00000,0.00000,0.00000,0.00000,0.00000,0.00000,0.00000,0.02252,0.00000,0.00000,0.00000,0.31866,0.00000,0.00000,0.00000,0.00000,0.00000,0.26414,0.00000,0.00000,0.00000,1.00000,0.00000,0.48666,0.00000,0.56448,0.00000,0.00000,0.00000,0.00000,0.00000,0.00000,0.00000,0.00000,0.00000,0.00000,0.00000,0.00000,0.00000,0.00000,0.00000,0.00000,0.00000,0.00000,0.00000,0.00000,0.00000,0.00000,0.00000,0.00000,0.00000,0.00000,0.00000,0.00000,0.00000,0.00000,0.00000,0.00000,0.00000,0.00000,0.00000,0.00000,0.00000,0.00000,0.00000,0.00000,0.00000,0.00000,0.00000,0.00000,0.00000,0.00000,0.00000,0.00000,0.00000,0.00000,0.00000,0.00000,0.00000,0.00000,0.00000,0.00000,0.00000,0.00000,0.00000,0.00000,0.00000,0.00000,0.00000,0.00000,0.00000,0.00000,0.00000,0.00000,0.00000,0.00000,0.00000,0.00000,0.00000,0.00000,0.00000,0.00000,0.00000,0.00000,0.00000,0.00000,0.00000,0.00000,0.00000,0.00000,0.00000,0.00000,0.00000,0.00000,0.00000,0.00000,0.00000,0.00000,0.00000,0.00000,0.00000,0.00000,0.00000,0.00000,0.00000,0.00000,0.00000,0.00000,0.00000,0.00000,0.00000,0.00000,0.00000,0.00000,0.00000,0.00000,0.00000,0.00000,0.00000,0.00000,0.00000,0.00000,0.00000,0.00000,0.00000,0.00000,0.00000,0.00000,0.00000,0.00000,0.00000,0.00000,0.00000,0.00000,0.00000,0.00000,0.00000,0.00000,0.00000,0.00000,0.00000,0.00000,0.00000,0.00000,0.00000,0.00000,0.00000,0.00000,0.00000,0.00000,0.00000,0.00000,0.00000,0.00000,0.00000,0.00000,0.00000,0.00000,0.00000,0.00000,0.00000,0.00000,0.00000,0.00000,0.00000,0.00000,0.00000,0.00000,0.00000,0.00000,0.00000,0.00000,0.00000,0.00000,0.00000,0.00000,0.00000,0.00000,0.00000,0.00000,0.00000,0.00000
JO-A2_L,0.00000,0.00000,0.00000,0.00000,0.00000,0.00000,0.00000,0.00000,0.00000,0.00000,0.00000,0.00000,0.00000,0.00000,0.00000,0.00000,0.00000,0.00000,0.00000,0.00000,0.00000,0.00000,0.00000,0.00000,0.00000,0.00000,0.00000,0.00000,0.00000,0.00000,0.00000,0.00000,0.00000,0.00000,0.00000,0.00000,0.00000,0.00000,0.00000,0.00000,0.00000,0.00000,0.00000,0.00000,0.00000,0.00000,0.00000,0.00000,0.00000,0.00000,0.00000,0.00000,0.00000,0.00000,0.00000,0.00000,0.00000,0.00000,0.00000,0.00000,0.00000,0.00000,0.00000,0.00000,0.00000,0.00000,0.00000,0.00000,0.00000,0.00000,0.00000,0.00000,0.00000,0.00000,0.00000,0.00000,0.00000,0.00000,0.00000,0.00000,0.00000,0.00000,0.00000,0.00000,0.00000,0.00000,0.00000,0.00000,0.00000,0.00000,0.00000,0.00000,0.00000,0.00000,0.00000,0.00000,0.00000,0.00000,0.00000,0.00000,0.00000,0.00000,0.00000,0.00000,0.00000,0.00000,0.00000,0.00000,0.00000,0.00000,0.00000,0.00000,0.00000,0.00000,0.00000,0.00000,0.00000,0.00000,0.00000,0.00000,0.00000,0.00000,0.00000,0.00000,0.00000,0.00000,0.00000,0.00000,0.00000,0.00000,0.00000,0.00000,0.00000,0.00000,0.00000,0.00000,0.00000,0.00000,0.00000,0.00000,0.00000,0.00000,0.00000,0.00000,0.00000,0.00000,0.00000,0.00000,0.00000,0.00000,0.00000,0.00000,0.00000,0.00000,0.00000,0.00000,0.00000,0.00000,0.00000,0.00000,0.00000,0.00000,0.00000,0.00000,0.00000,0.00000,0.00000,0.00000,0.00000,0.00000,0.00000,0.00000,0.00000,0.00000,0.00000,0.00000,0.00000,0.00000,0.00000,0.00000,0.00000,0.00000,0.00000,0.00000,0.00000,0.00000,0.00000,0.00000,0.00000,0.00000,0.00000,0.00000,0.00000,0.00000,0.00000,0.00000,0.00000,0.00000,0.00000,0.00000,0.00000,0.00000,0.00000,0.00000,0.00000,0.00000,0.00000,0.00000,0.00000,0.00000,0.00000,0.00000,0.00000,0.00000,0.00000,0.00000,0.00000,0.00000,0.00000,0.00000,0.00000,0.00000,0.00000,0.00000,0.00000,0.00000,0.00000,0.00000,0.00000,0.00000,0.00000,0.00000,0.00000,0.00000,0.00000,0.00000,0.00000,0.00000,0.00000,0.00000,0.00000,0.00000,0.00000,0.00000,0.00000,0.00000,0.00000,0.00000,0.00000,0.00000,0.00000,0.00000,0.00000,0.00000,0.00000,0.00000,0.00000,0.00000,0.00000,0.00000,0.00000,0.00000,0.00000,0.00000,0.00000,0.00000,0.00000,0.00000,0.00000,0.00000,0.00000,0.00000,0.00000,0.00000,0.00000,0.00000,0.00000,0.00000,0.00000,0.00000,0.00000,0.00000,0.00000,0.00000,0.00000,0.00000,0.00000,0.00000,0.00000,0.00000,0.00000,0.00000,0.00000,0.00000,0.00000,0.00000,0.00000,0.00000,0.00000,0.00000,0.00000,0.00000,0.00000,0.00000,0.00000,0.00000,0.00000,0.00000,0.00000,0.00000,0.00000,0.00000,0.00000,0.00000,0.00000,0.00000,0.00000,0.00000,0.00000,0.00000,0.00000,0.00000
JO-A2_R,0.00543,0.00778,0.00000,0.00996,0.01008,0.01016,0.00805,0.00348,0.00968,0.01355,0.01129,0.01261,0.00767,0.00778,0.00804,0.00794,0.01053,0.00664,0.00770,0.00757,0.00969,0.01004,0.00835,0.00794,0.00192,0.00895,0.00572,0.01040,0.01815,0.01134,0.01245,0.01239,0.00783,0.00533,0.00603,0.00203,0.00960,0.00183,0.00794,0.01448,0.00970,0.00343,0.00944,0.00341,0.00915,0.00323,0.00000,0.00000,0.00230,0.00983,0.00353,0.00715,0.00096,0.00713,0.00322,0.00475,0.00097,0.01311,0.00989,0.00098,0.01158,0.00552,0.01626,0.01536,0.01785,0.00437,0.01105,0.00938,0.01270,0.00093,0.01956,0.00949,0.00458,0.00187,0.00234,0.00352,0.01387,0.00097,0.00865,0.00618,0.01837,0.00267,0.00000,0.00667,0.00547,0.01181,0.00542,0.00000,0.41603,0.00000,1.00000,0.00000,0.38249,0.00000,0.00000,0.00000,0.00000,0.00000,0.00000,0.00000,0.00000,0.00000,0.39763,0.00000,0.00000,0.00000,0.00000,0.00000,0.00000,0.00000,0.00000,0.00000,0.00000,0.25991,0.00000,0.48536,0.00000,0.00000,0.00000,0.00000,0.00000,0.00000,0.00000,0.00000,0.00000,0.00000,0.00000,0.07963,0.00000,0.00000,0.00000,0.13257,0.00000,0.00000,0.00000,0.00000,0.00000,0.10989,0.00000,0.00000,0.00000,0.41603,0.00000,0.20246,0.00000,0.37988,0.00000,0.01858,0.01513,0.00000,0.00000,0.00000,0.00000,0.00000,0.00000,0.00000,0.00000,0.00000,0.00586,0.02195,0.00000,0.00000,0.00000,0.04657,0.10835,0.03097,0.00000,0.03271,0.01206,0.02248,0.00000,0.01535,0.15021,0.17630,0.05407,0.07803,0.00000,0.05884,0.01437,0.05749,0.07072,0.01026,0.02195,0.00098,0.00000,0.00000,0.00000,0.00000,0.02095,0.00000,0.00000,0.00000,0.00000,0.00690,0.20184,0.07232,0.14705,0.00000,0.00000,0.00000,0.00000,0.00000,0.02163,0.00000,0.00000,0.00000,0.00000,0.00000,0.00000,0.00000,0.00000,0.00000,0.00000,0.00000,0.00000,0.00000,0.00000,0.00000,0.00000,0.00000,0.00000,0.00000,0.00000,0.00000,0.00000,0.00000,0.00000,0.00000,0.00000,0.00000,0.01578,0.00000,0.00000,0.00000,0.00000,0.00000,0.00000,0.00000,0.00000,0.00000,0.00000,0.00000,0.00000,0.00000,0.00000,0.00000,0.00000,0.00000,0.00000,0.00000,0.00000,0.00000,0.00000,0.00000,0.00000,0.00000,0.00000,0.00000,0.00000,0.00000,0.00000,0.00000,0.00000,0.00000,0.00000,0.00000,0.00000,0.00000,0.00000,0.00000,0.00000,0.00000,0.00000,0.00000,0.00000,0.00000,0.00000,0.00000,0.00000,0.00000,0.00000,0.00000,0.00000,0.00000,0.00000,0.00000,0.00000,0.00000,0.00000,0.00000,0.00000,0.00000,0.00000,0.00000,0.00000,0.00000,0.00000,0.00000,0.00000,0.00000,0.00000,0.00000,0.00000,0.00000,0.00000,0.00000,0.00000,0.00000,0.00000,0.00000,0.00000,0.00000,0.00000,0.00000,0.00000,0.00000,0.01411,0.00076,0.00000,0.00000,0.00629,0.00146
JO-A5_L,0.00000,0.00000,0.00000,0.00000,0.00000,0.00000,0.00000,0.00000,0.00000,0.00000,0.00000,0.00000,0.00000,0.00000,0.00000,0.00000,0.00000,0.00000,0.00000,0.00000,0.00000,0.00000,0.00000,0.00000,0.00000,0.00000,0.00000,0.00000,0.00000,0.00000,0.00000,0.00000,0.00000,0.00000,0.00000,0.00000,0.00000,0.00000,0.00000,0.00000,0.00000,0.00000,0.00000,0.00000,0.00000,0.00000,0.00000,0.00000,0.00000,0.00000,0.00000,0.00000,0.00000,0.00000,0.00000,0.00000,0.00000,0.00000,0.00000,0.00000,0.00000,0.00000,0.00000,0.00000,0.00000,0.00000,0.00000,0.00000,0.00000,0.00000,0.00000,0.00000,0.00000,0.00000,0.00000,0.00000,0.00000,0.00000,0.00000,0.00000,0.00000,0.00000,0.00000,0.00000,0.00000,0.00000,0.00000,0.00000,0.00000,0.00000,0.00000,1.00000,0.00000,0.00000,0.00000,0.00000,0.00000,0.00000,0.00000,0.00000,0.00000,0.00000,0.00000,0.00000,0.00000,0.00000,0.00000,0.00000,0.00000,0.00000,0.00000,0.00000,0.00000,0.00000,0.00000,0.00000,0.00000,0.00000,0.00000,0.00000,0.00000,0.00000,0.00000,0.00000,0.00000,0.00000,0.00000,0.00000,0.00000,0.00000,0.00000,0.00000,0.00000,0.00000,0.00000,0.00000,0.00000,0.00000,0.00000,0.00000,0.00000,0.00000,0.00000,0.00000,0.00000,0.00000,0.00000,0.00000,0.00000,0.00000,0.00000,0.00000,0.00000,0.00000,0.00000,0.00000,0.00000,0.00000,0.00000,0.00000,0.00000,0.00000,0.00000,0.00000,0.00000,0.00000,0.00000,0.00000,0.00000,0.00000,0.00000,0.00000,0.00000,0.00000,0.00000,0.00000,0.00000,0.37620,0.00000,0.00000,0.00000,0.00000,0.00000,0.00000,0.00000,0.00000,0.00000,0.00000,0.00000,0.00000,0.00000,0.00000,0.00000,0.00000,0.00000,0.00000,0.00000,0.00000,0.00000,0.00000,0.00000,0.00000,0.00000,0.00000,0.00000,0.00000,0.00000,0.00000,0.00000,0.00000,0.00000,0.00000,0.00000,0.00000,0.00000,0.00000,0.00000,0.00000,0.00000,0.00000,0.00000,0.00000,0.00000,0.00000,0.00000,0.00000,0.00000,0.00000,0.00000,0.00000,0.00000,0.00000,0.00000,0.00000,0.00000,0.00000,0.00000,0.00000,0.00000,0.00000,0.00000,0.00000,0.00000,0.00000,0.00000,0.00000,0.00000,0.00000,0.00000,0.00000,0.00000,0.00000,0.00000,0.00000,0.00000,0.00000,0.00000,0.00000,0.00000,0.00000,0.00000,0.00000,0.00000,0.00000,0.00000,0.00000,0.00000,0.00000,0.00000,0.00000,0.00000,0.00000,0.00000,0.00000,0.00000,0.00000,0.00000,0.00000,0.00000,0.00000,0.00000,0.00000,0.00000,0.00000,0.00000,0.00000,0.00000,0.00000,0.00000,0.00000,0.00000,0.00000,0.00000,0.00000,0.00000,0.00000,0.00000,0.00000,0.00000,0.00000,0.00000,0.00000,0.00000,0.00000,0.00000,0.00000,0.00000,0.00000,0.00000,0.00000,0.00000,0.00000,0.00000,0.00000,0.00000,0.00000,0.00000,0.00000,0.00000,0.00000,0.00000,0.00000
JO-A5_R,0.00550,0.00278,0.00000,0.00956,0.00836,0.00562,0.00864,0.00907,0.00883,0.00610,0.00597,0.00568,0.00549,0.00278,0.00575,0.00568,0.00582,0.00577,0.00826,0.00542,0.00693,0.00610,0.00000,0.00568,0.00292,0.00573,0.00580,0.00575,0.00895,0.00575,0.00561,0.00837,0.00280,0.00270,0.00305,0.00309,0.00278,0.00278,0.00000,0.00275,0.00295,0.00595,0.00287,0.00592,0.00556,0.00562,0.00000,0.00000,0.00280,0.00299,0.00613,0.00870,0.00586,0.00289,0.00280,0.00578,0.00881,0.00920,0.00902,0.00599,0.00000,0.00559,0.00899,0.00849,0.00000,0.00000,0.00305,0.00671,0.00000,0.00282,0.00000,0.00000,0.00000,0.00853,0.00569,0.00611,0.00582,0.00587,0.00309,0.00626,0.00302,0.00325,0.00000,0.00000,0.00554,0.00287,0.00824,0.00000,0.14055,0.00000,0.38249,0.00000,1.00000,0.00000,0.59732,0.00000,0.00000,0.00000,0.00000,0.00000,0.00000,0.00000,0.13433,0.00000,0.00000,0.00000,0.00000,0.00000,0.00000,0.00000,0.00000,0.00000,0.00000,0.11730,0.00000,0.66759,0.00000,0.00000,0.00000,0.00000,0.00000,0.00000,0.00000,0.00000,0.00000,0.00000,0.00000,0.00316,0.02060,0.00000,0.00000,0.04479,0.00000,0.00000,0.00000,0.00000,0.00000,0.03712,0.00000,0.00000,0.00000,0.14055,0.00000,0.06840,0.00000,0.27884,0.00000,0.00000,0.00000,0.00000,0.00000,0.00000,0.00000,0.00000,0.00000,0.00000,0.00000,0.00000,0.00000,0.00000,0.03490,0.00000,0.00000,0.00000,0.16690,0.11740,0.00000,0.00000,0.13504,0.17116,0.00000,0.05037,0.04174,0.00000,0.00000,0.00000,0.00000,0.07839,0.39055,0.15318,0.18578,0.00000,0.00420,0.00000,0.00000,0.00000,0.00000,0.00000,0.00000,0.00000,0.00000,0.00000,0.00000,0.00000,0.00000,0.13049,0.16540,0.00000,0.00000,0.00000,0.00000,0.00000,0.00000,0.00000,0.00000,0.00000,0.00000,0.00000,0.00000,0.00000,0.00000,0.00000,0.00000,0.00000,0.00000,0.00000,0.00000,0.00000,0.00000,0.00000,0.00000,0.00000,0.00000,0.00000,0.00000,0.00000,0.00000,0.00000,0.00000,0.00000,0.00600,0.00000,0.00000,0.00000,0.00000,0.00000,0.00000,0.00000,0.00000,0.00000,0.00000,0.00000,0.00000,0.00000,0.00000,0.00000,0.00000,0.00000,0.00000,0.00000,0.00000,0.00000,0.00000,0.00000,0.00000,0.00000,0.00000,0.00000,0.00000,0.00000,0.00000,0.00000,0.00000,0.00000,0.00000,0.00000,0.00000,0.00000,0.00000,0.00000,0.00000,0.00000,0.00000,0.00000,0.00000,0.00000,0.00000,0.00000,0.00000,0.00000,0.00000,0.00000,0.00000,0.00000,0.00000,0.00000,0.00000,0.00000,0.00000,0.00000,0.00000,0.00000,0.00000,0.00000,0.00000,0.00000,0.00000,0.00000,0.00000,0.00000,0.00000,0.00000,0.00000,0.00000,0.00000,0.00000,0.00000,0.00000,0.00000,0.00000,0.00000,0.00000,0.00000,0.00000,0.00000,0.00000,0.00238,0.00464,0.00000,0.00000,0.01148,0.00445
JO-B1_a_L,0.07175,0.06598,0.00000,0.08318,0.07269,0.07325,0.07516,0.06456,0.07680,0.07963,0.07789,0.06736,0.09110,0.06597,0.07506,0.07409,0.06212,0.08205,0.05880,0.07710,0.09044,0.07239,0.07086,0.07412,0.06923,0.07470,0.07564,0.07500,0.07783,0.06813,0.07314,0.08602,0.07968,0.07046,0.07969,0.07333,0.07910,0.07904,0.09428,0.06526,0.07695,0.08472,0.07486,0.07725,0.07259,0.05999,0.00000,0.00000,0.07296,0.07797,0.07274,0.05502,0.09031,0.07544,0.07296,0.06857,0.08356,0.07273,0.07129,0.08524,0.07350,0.09283,0.07108,0.08058,0.07152,0.08106,0.05069,0.07958,0.07329,0.07361,0.07390,0.06844,0.06608,0.08088,0.07422,0.07974,0.06207,0.08357,0.08074,0.08914,0.07160,0.07709,0.00000,0.08331,0.07888,0.06816,0.09121,0.00000,0.00000,0.00000,0.00000,0.00000,0.00000,1.00000,0.00000,0.00000,0.00000,0.00000,0.00000,0.00000,0.00000,0.00000,0.00000,0.00000,0.00000,0.00000,0.00000,1.00000,0.00000,0.00000,0.00000,0.00000,0.00000,0.00000,0.00000,0.00000,0.00000,0.00000,0.00000,0.00000,0.21221,0.00000,0.22542,0.00000,0.00000,0.00000,0.00000,0.00000,0.68394,0.00000,0.11920,0.00000,0.00000,0.00000,0.32397,0.00000,0.00000,0.00000,0.00000,0.00000,0.00000,0.00000,0.00000,0.00000,0.00000,0.00000,0.00000,0.14355,0.00000,0.21577,0.00000,0.00000,0.00000,0.00000,0.00000,0.02073,0.00000,0.00000,0.11829,0.05586,0.00000,0.00000,0.00000,0.00000,0.00000,0.03574,0.00000,0.14514,0.00000,0.01508,0.02442,0.12648,0.00000,0.14811,0.00000,0.13455,0.00000,0.00000,0.09872,0.00000,0.09403,0.00000,0.14072,0.11313,0.01454,0.01845,0.08421,0.00000,0.10073,0.05448,0.13253,0.00000,0.00000,0.00000,0.09762,0.00000,0.07552,0.12899,0.05391,0.00000,0.00000,0.00000,0.00000,0.00000,0.02403,0.00000,0.00000,0.00000,0.00000,0.00000,0.00000,0.00000,0.00000,0.00000,0.00000,0.00000,0.00000,0.00000,0.00000,0.00000,0.00000,0.00000,0.00000,0.00000,0.00000,0.00000,0.00000,0.00000,0.00000,0.00000,0.05688,0.00000,0.00000,0.00000,0.00000,0.00000,0.00000,0.00000,0.00000,0.00000,0.00000,0.00000,0.00000,0.00000,0.00000,0.00000,0.00000,0.00000,0.00000,0.00000,0.00000,0.00000,0.00000,0.00000,0.00000,0.00000,0.00000,0.00000,0.00000,0.00000,0.00000,0.00000,0.00000,0.00000,0.00000,0.00000,0.00000,0.00000,0.00000,0.00000,0.00000,0.00000,0.00000,0.00000,0.00000,0.00000,0.00000,0.00000,0.00000,0.00000,0.00000,0.00000,0.00000,0.00000,0.00000,0.00000,0.00000,0.00000,0.00000,0.00000,0.00000,0.00000,0.00000,0.00000,0.00000,0.00000,0.00000,0.00000,0.00000,0.00000,0.00000,0.00000,0.00000,0.00000,0.00000,0.00000,0.00000,0.00000,0.00000,0.00000,0.00000,0.00000,0.00000,0.00000,0.00000,0.00000,0.06219,0.06049,0.00000,0.00000,0.05445,0.06332
JO-B1_a_R,0.00000,0.00000,0.00000,0.00000,0.00000,0.00000,0.00000,0.00000,0.00000,0.00000,0.00000,0.00000,0.00000,0.00000,0.00000,0.00000,0.00000,0.00000,0.00000,0.00000,0.00000,0.00000,0.00000,0.00000,0.00000,0.00000,0.00000,0.00000,0.00000,0.00000,0.00000,0.00000,0.00000,0.00000,0.00000,0.00000,0.00000,0.00000,0.00000,0.00000,0.00000,0.00000,0.00000,0.00000,0.00000,0.00000,0.00000,0.00000,0.00000,0.00000,0.00000,0.00000,0.00000,0.00000,0.00000,0.00000,0.00000,0.00000,0.00000,0.00000,0.00000,0.00000,0.00000,0.00000,0.00000,0.00000,0.00000,0.00000,0.00000,0.00000,0.00000,0.00000,0.00000,0.00000,0.00000,0.00000,0.00000,0.00000,0.00000,0.00000,0.00000,0.00000,0.00000,0.00000,0.00000,0.00000,0.00000,0.00000,0.00000,0.00000,0.00000,0.00000,0.59732,0.00000,1.00000,0.00000,0.00000,0.00000,0.00000,0.00000,0.00000,0.00000,0.00000,0.00000,0.00000,0.00000,0.00000,0.00000,0.00000,0.00000,0.00000,0.00000,0.00000,0.00000,0.00000,0.00000,0.00000,0.00000,0.00000,0.00000,0.00000,0.00000,0.00000,0.00000,0.00000,0.00000,0.00000,0.00000,0.00000,0.00000,0.00000,0.00000,0.00000,0.00000,0.00000,0.00000,0.00000,0.00000,0.00000,0.00000,0.00000,0.00000,0.00000,0.00000,0.00000,0.00000,0.00000,0.00000,0.00000,0.00000,0.00000,0.00000,0.00000,0.00000,0.00000,0.00000,0.00000,0.00000,0.00000,0.00000,0.05842,0.00000,0.00000,0.00000,0.27942,0.19655,0.00000,0.00000,0.22608,0.28655,0.00000,0.08432,0.06988,0.00000,0.00000,0.00000,0.00000,0.13123,0.37512,0.25644,0.31103,0.00000,0.00704,0.00000,0.00000,0.00000,0.00000,0.00000,0.00000,0.00000,0.00000,0.00000,0.00000,0.00000,0.00000,0.21847,0.27690,0.00000,0.00000,0.00000,0.00000,0.00000,0.00000,0.00000,0.00000,0.00000,0.00000,0.00000,0.00000,0.00000,0.00000,0.00000,0.00000,0.00000,0.00000,0.00000,0.00000,0.00000,0.00000,0.00000,0.00000,0.00000,0.00000,0.00000,0.00000,0.00000,0.00000,0.00000,0.00000,0.00000,0.00000,0.00000,0.00000,0.00000,0.00000,0.00000,0.00000,0.00000,0.00000,0.00000,0.00000,0.00000,0.00000,0.00000,0.00000,0.00000,0.00000,0.00000,0.00000,0.00000,0.00000,0.00000,0.00000,0.00000,0.00000,0.00000,0.00000,0.00000,0.00000,0.00000,0.00000,0.00000,0.00000,0.00000,0.00000,0.00000,0.00000,0.00000,0.00000,0.00000,0.00000,0.00000,0.00000,0.00000,0.00000,0.00000,0.00000,0.00000,0.00000,0.00000,0.00000,0.00000,0.00000,0.00000,0.00000,0.00000,0.00000,0.00000,0.00000,0.00000,0.00000,0.00000,0.00000,0.00000,0.00000,0.00000,0.00000,0.00000,0.00000,0.00000,0.00000,0.00000,0.00000,0.00000,0.00000,0.00000,0.00000,0.00000,0.00000,0.00000,0.00000,0.00000,0.00000,0.00000,0.00000,0.00000,0.00000,0.00000,0.00000,0.00000,0.00000,0.00000
JO-B1_b_L,0.00000,0.00000,0.00000,0.00000,0.00000,0.00000,0.00000,0.00000,0.00000,0.00000,0.00000,0.00000,0.00000,0.00000,0.00000,0.00000,0.00000,0.00000,0.00000,0.00000,0.00000,0.00000,0.00000,0.00000,0.00000,0.00000,0.00000,0.00000,0.00000,0.00000,0.00000,0.00000,0.00000,0.00000,0.00000,0.00000,0.00000,0.00000,0.00000,0.00000,0.00000,0.00000,0.00000,0.00000,0.00000,0.00000,0.00000,0.00000,0.00000,0.00000,0.00000,0.00000,0.00000,0.00000,0.00000,0.00000,0.00000,0.00000,0.00000,0.00000,0.00000,0.00000,0.00000,0.00000,0.00000,0.00000,0.00000,0.00000,0.00000,0.00000,0.00000,0.00000,0.00000,0.00000,0.00000,0.00000,0.00000,0.00000,0.00000,0.00000,0.00000,0.00000,0.00000,0.00000,0.00000,0.00000,0.00000,0.00000,0.00000,0.00000,0.00000,0.00000,0.00000,0.00000,0.00000,0.00000,0.00000,0.00000,0.00000,0.00000,0.00000,0.00000,0.00000,0.00000,0.00000,0.00000,0.00000,0.00000,0.00000,0.00000,0.00000,0.00000,0.00000,0.00000,0.00000,0.00000,0.00000,0.00000,0.00000,0.00000,0.00000,0.00000,0.00000,0.00000,0.00000,0.00000,0.00000,0.00000,0.00000,0.00000,0.00000,0.00000,0.00000,0.00000,0.00000,0.00000,0.00000,0.00000,0.00000,0.00000,0.00000,0.00000,0.00000,0.00000,0.00000,0.00000,0.00000,0.00000,0.00000,0.00000,0.00000,0.00000,0.00000,0.00000,0.00000,0.00000,0.00000,0.00000,0.00000,0.00000,0.00000,0.00000,0.00000,0.00000,0.00000,0.00000,0.00000,0.00000,0.00000,0.00000,0.00000,0.00000,0.00000,0.00000,0.00000,0.00000,0.00000,0.00000,0.00000,0.00000,0.00000,0.00000,0.00000,0.00000,0.00000,0.00000,0.00000,0.00000,0.00000,0.00000,0.00000,0.00000,0.00000,0.00000,0.00000,0.00000,0.00000,0.00000,0.00000,0.00000,0.00000,0.00000,0.00000,0.00000,0.00000,0.00000,0.00000,0.00000,0.00000,0.00000,0.00000,0.00000,0.00000,0.00000,0.00000,0.00000,0.00000,0.00000,0.00000,0.00000,0.00000,0.00000,0.00000,0.00000,0.00000,0.00000,0.00000,0.00000,0.00000,0.00000,0.00000,0.00000,0.00000,0.00000,0.00000,0.00000,0.00000,0.00000,0.00000,0.00000,0.00000,0.00000,0.00000,0.00000,0.00000,0.00000,0.00000,0.00000,0.00000,0.00000,0.00000,0.00000,0.00000,0.00000,0.00000,0.00000,0.00000,0.00000,0.00000,0.00000,0.00000,0.00000,0.00000,0.00000,0.00000,0.00000,0.00000,0.00000,0.00000,0.00000,0.00000,0.00000,0.00000,0.00000,0.00000,0.00000,0.00000,0.00000,0.00000,0.00000,0.00000,0.00000,0.00000,0.00000,0.00000,0.00000,0.00000,0.00000,0.00000,0.00000,0.00000,0.00000,0.00000,0.00000,0.00000,0.00000,0.00000,0.00000,0.00000,0.00000,0.00000,0.00000,0.00000,0.00000,0.00000,0.00000,0.00000,0.00000,0.00000,0.00000,0.00000,0.00000,0.00000,0.00000,0.00000,0.00000,0.00000,0.00000,0.00000,0.00000,0.00000,0.00000
JO-B1_b_R,0.00000,0.00000,0.00000,0.00000,0.00000,0.00000,0.00000,0.00000,0.00000,0.00000,0.00000,0.00000,0.00000,0.00000,0.00000,0.00000,0.00000,0.00000,0.00000,0.00000,0.00000,0.00000,0.00000,0.00000,0.00000,0.00000,0.00000,0.00000,0.00000,0.00000,0.00000,0.00000,0.00000,0.00000,0.00000,0.00000,0.00000,0.00000,0.00000,0.00000,0.00000,0.00000,0.00000,0.00000,0.00000,0.00000,0.00000,0.00000,0.00000,0.00000,0.00000,0.00000,0.00000,0.00000,0.00000,0.00000,0.00000,0.00000,0.00000,0.00000,0.00000,0.00000,0.00000,0.00000,0.00000,0.00000,0.00000,0.00000,0.00000,0.00000,0.00000,0.00000,0.00000,0.00000,0.00000,0.00000,0.00000,0.00000,0.00000,0.00000,0.00000,0.00000,0.00000,0.00000,0.00000,0.00000,0.00000,0.00000,0.00000,0.00000,0.00000,0.00000,0.00000,0.00000,0.00000,0.00000,1.00000,0.00000,0.00000,0.00000,0.00000,0.00000,0.00000,0.00000,0.00000,0.00000,0.00000,0.00000,0.00000,0.00000,0.00000,0.00000,0.00000,0.00000,0.00000,0.00000,0.00000,0.00000,0.00000,0.00000,0.00000,0.00000,0.00000,0.00000,0.00000,0.00000,0.00000,0.02263,0.00000,0.00000,0.00000,0.00000,0.00000,0.00000,0.00000,0.00000,0.00000,0.00000,0.00000,0.00000,0.00000,0.00000,0.00000,0.00000,0.00000,0.00000,0.00000,0.00000,0.00000,0.00000,0.00000,0.00000,0.00000,0.00000,0.00000,0.00000,0.00000,0.00000,0.00000,0.00000,0.00000,0.00000,0.00000,0.00000,0.00000,0.00000,0.00000,0.00000,0.00000,0.00000,0.00000,0.00000,0.00000,0.00000,0.00000,0.00000,0.00000,0.00000,0.03373,0.00000,0.00000,0.00000,0.00778,0.00000,0.00000,0.00000,0.00000,0.00000,0.00000,0.00000,0.00000,0.00000,0.00000,0.00000,0.01606,0.00000,0.00000,0.00000,0.00000,0.00000,0.00000,0.00000,0.00000,0.00000,0.00000,0.00000,0.00000,0.00000,0.00000,0.00000,0.00000,0.00000,0.00000,0.00000,0.00000,0.00000,0.00000,0.00000,0.00000,0.00000,0.00000,0.00000,0.00000,0.00000,0.00000,0.00000,0.00000,0.00000,0.00000,0.00000,0.00000,0.00000,0.00000,0.00000,0.00000,0.00000,0.00000,0.00000,0.00000,0.00000,0.00000,0.00000,0.00000,0.00000,0.00000,0.00000,0.00000,0.00000,0.00000,0.00000,0.00000,0.00000,0.00000,0.00000,0.00000,0.00000,0.00000,0.00000,0.00000,0.00000,0.00000,0.00000,0.00000,0.00000,0.00000,0.00000,0.00000,0.00000,0.00000,0.00000,0.00000,0.00000,0.00000,0.00000,0.00000,0.00000,0.00000,0.00000,0.00000,0.00000,0.00000,0.00000,0.00000,0.00000,0.00000,0.00000,0.00000,0.00000,0.00000,0.00000,0.00000,0.00000,0.00000,0.00000,0.00000,0.00000,0.00000,0.00000,0.00000,0.00000,0.00000,0.00000,0.00000,0.00000,0.00000,0.00000,0.00000,0.00000,0.00000,0.00000,0.00000,0.00000,0.00000,0.00000,0.00000,0.00000,0.00000,0.00000,0.00000,0.00000,0.00000,0.00000
JO-B1_c_L,0.00000,0.00000,0.00000,0.00000,0.00000,0.00000,0.00000,0.00000,0.00000,0.00000,0.00000,0.00000,0.00000,0.00000,0.00000,0.00000,0.00000,0.00000,0.00000,0.00000,0.00000,0.00000,0.00000,0.00000,0.00000,0.00000,0.00000,0.00000,0.00000,0.00000,0.00000,0.00000,0.00000,0.00000,0.00000,0.00000,0.00000,0.00000,0.00000,0.00000,0.00000,0.00000,0.00000,0.00000,0.00000,0.00000,0.00000,0.00000,0.00000,0.00000,0.00000,0.00000,0.00000,0.00000,0.00000,0.00000,0.00000,0.00000,0.00000,0.00000,0.00000,0.00000,0.00000,0.00000,0.00000,0.00000,0.00000,0.00000,0.00000,0.00000,0.00000,0.00000,0.00000,0.00000,0.00000,0.00000,0.00000,0.00000,0.00000,0.00000,0.00000,0.00000,0.00000,0.00000,0.00000,0.00000,0.00000,0.00000,0.00000,0.00000,0.00000,0.00000,0.00000,0.00000,0.00000,0.00000,0.00000,0.00000,0.00000,0.00000,0.00000,0.00000,0.00000,0.00000,0.00000,0.00000,0.00000,0.00000,0.00000,0.00000,0.00000,0.00000,0.00000,0.00000,0.00000,0.00000,0.00000,0.00000,0.00000,0.00000,0.00000,0.00000,0.00000,0.00000,0.00000,0.00000,0.00000,0.00000,0.00000,0.00000,0.00000,0.00000,0.00000,0.00000,0.00000,0.00000,0.00000,0.00000,0.00000,0.00000,0.00000,0.00000,0.00000,0.00000,0.00000,0.00000,0.00000,0.00000,0.00000,0.00000,0.00000,0.00000,0.00000,0.00000,0.00000,0.00000,0.00000,0.00000,0.00000,0.00000,0.00000,0.00000,0.00000,0.00000,0.00000,0.00000,0.00000,0.00000,0.00000,0.00000,0.00000,0.00000,0.00000,0.00000,0.00000,0.00000,0.00000,0.00000,0.00000,0.00000,0.00000,0.00000,0.00000,0.00000,0.00000,0.00000,0.00000,0.00000,0.00000,0.00000,0.00000,0.00000,0.00000,0.00000,0.00000,0.00000,0.00000,0.00000,0.00000,0.00000,0.00000,0.00000,0.00000,0.00000,0.00000,0.00000,0.00000,0.00000,0.00000,0.00000,0.00000,0.00000,0.00000,0.00000,0.00000,0.00000,0.00000,0.00000,0.00000,0.00000,0.00000,0.00000,0.00000,0.00000,0.00000,0.00000,0.00000,0.00000,0.00000,0.00000,0.00000,0.00000,0.00000,0.00000,0.00000,0.00000,0.00000,0.00000,0.00000,0.00000,0.00000,0.00000,0.00000,0.00000,0.00000,0.00000,0.00000,0.00000,0.00000,0.00000,0.00000,0.00000,0.00000,0.00000,0.00000,0.00000,0.00000,0.00000,0.00000,0.00000,0.00000,0.00000,0.00000,0.00000,0.00000,0.00000,0.00000,0.00000,0.00000,0.00000,0.00000,0.00000,0.00000,0.00000,0.00000,0.00000,0.00000,0.00000,0.00000,0.00000,0.00000,0.00000,0.00000,0.00000,0.00000,0.00000,0.00000,0.00000,0.00000,0.00000,0.00000,0.00000,0.00000,0.00000,0.00000,0.00000,0.00000,0.00000,0.00000,0.00000,0.00000,0.00000,0.00000,0.00000,0.00000,0.00000,0.00000,0.00000,0.00000,0.00000,0.00000,0.00000,0.00000,0.00000,0.00000,0.00000,0.00000,0.00000,0.00000,0.00000,0.00000,0.00000
JO-B1_c_R,0.00000,0.00000,0.00000,0.00000,0.00000,0.00000,0.00000,0.00000,0.00000,0.00000,0.00000,0.00000,0.00000,0.00000,0.00000,0.00000,0.00000,0.00000,0.00000,0.00000,0.00000,0.00000,0.00000,0.00000,0.00000,0.00000,0.00000,0.00000,0.00000,0.00000,0.00000,0.00000,0.00000,0.00000,0.00000,0.00000,0.00000,0.00000,0.00000,0.00000,0.00000,0.00000,0.00000,0.00000,0.00000,0.00000,0.00000,0.00000,0.00000,0.00000,0.00000,0.00000,0.00000,0.00000,0.00000,0.00000,0.00000,0.00000,0.00000,0.00000,0.00000,0.00000,0.00000,0.00000,0.00000,0.00000,0.00000,0.00000,0.00000,0.00000,0.00000,0.00000,0.00000,0.00000,0.00000,0.00000,0.00000,0.00000,0.00000,0.00000,0.00000,0.00000,0.00000,0.00000,0.00000,0.00000,0.00000,0.00000,0.00000,0.00000,0.00000,0.00000,0.00000,0.00000,0.00000,0.00000,0.00000,0.00000,0.00000,0.00000,0.00000,0.00000,0.00000,0.00000,0.00000,0.00000,0.00000,0.00000,0.00000,0.00000,0.00000,0.00000,0.00000,0.00000,0.00000,0.00000,0.00000,0.00000,0.00000,0.00000,0.00000,0.00000,0.00000,0.00000,0.00000,0.00000,0.00000,0.00000,0.00000,0.00000,0.00000,0.00000,0.00000,0.00000,0.00000,0.00000,0.00000,0.00000,0.00000,0.00000,0.00000,0.00000,0.00000,0.00000,0.00000,0.00000,0.00000,0.00000,0.00000,0.00000,0.00000,0.00000,0.00000,0.00000,0.00000,0.00000,0.00000,0.00000,0.00000,0.00000,0.00000,0.00000,0.00000,0.00000,0.00000,0.00000,0.00000,0.00000,0.00000,0.00000,0.00000,0.00000,0.00000,0.00000,0.00000,0.00000,0.00000,0.00000,0.00000,0.00000,0.00000,0.00000,0.00000,0.00000,0.00000,0.00000,0.00000,0.00000,0.00000,0.00000,0.00000,0.00000,0.00000,0.00000,0.00000,0.00000,0.00000,0.00000,0.00000,0.00000,0.00000,0.00000,0.00000,0.00000,0.00000,0.00000,0.00000,0.00000,0.00000,0.00000,0.00000,0.00000,0.00000,0.00000,0.00000,0.00000,0.00000,0.00000,0.00000,0.00000,0.00000,0.00000,0.00000,0.00000,0.00000,0.00000,0.00000,0.00000,0.00000,0.00000,0.00000,0.00000,0.00000,0.00000,0.00000,0.00000,0.00000,0.00000,0.00000,0.00000,0.00000,0.00000,0.00000,0.00000,0.00000,0.00000,0.00000,0.00000,0.00000,0.00000,0.00000,0.00000,0.00000,0.00000,0.00000,0.00000,0.00000,0.00000,0.00000,0.00000,0.00000,0.00000,0.00000,0.00000,0.00000,0.00000,0.00000,0.00000,0.00000,0.00000,0.00000,0.00000,0.00000,0.00000,0.00000,0.00000,0.00000,0.00000,0.00000,0.00000,0.00000,0.00000,0.00000,0.00000,0.00000,0.00000,0.00000,0.00000,0.00000,0.00000,0.00000,0.00000,0.00000,0.00000,0.00000,0.00000,0.00000,0.00000,0.00000,0.00000,0.00000,0.00000,0.00000,0.00000,0.00000,0.00000,0.00000,0.00000,0.00000,0.00000,0.00000,0.00000,0.00000,0.00000,0.00000,0.00000,0.00000,0.00000,0.00000,0.00000,0.00000,0.00000
JO-B2_L,0.00000,0.00000,0.00000,0.00000,0.00000,0.00000,0.00000,0.00000,0.00000,0.00000,0.00000,0.00000,0.00000,0.00000,0.00000,0.00000,0.00000,0.00000,0.00000,0.00000,0.00000,0.00000,0.00000,0.00000,0.00000,0.00000,0.00000,0.00000,0.00000,0.00000,0.00000,0.00000,0.00000,0.00000,0.00000,0.00000,0.00000,0.00000,0.00000,0.00000,0.00000,0.00000,0.00000,0.00000,0.00000,0.00000,0.00000,0.00000,0.00000,0.00000,0.00000,0.00000,0.00000,0.00000,0.00000,0.00000,0.00000,0.00000,0.00000,0.00000,0.00000,0.00000,0.00000,0.00000,0.00000,0.00000,0.00000,0.00000,0.00000,0.00000,0.00000,0.00000,0.00000,0.00000,0.00000,0.00000,0.00000,0.00000,0.00000,0.00000,0.00000,0.00000,0.00000,0.00000,0.00000,0.00000,0.00000,0.00000,0.00000,0.00000,0.00000,0.00000,0.00000,0.00000,0.00000,0.00000,0.00000,0.00000,0.00000,0.00000,0.00000,0.00000,0.00000,0.00000,0.00000,0.00000,0.00000,0.00000,0.00000,0.00000,0.00000,0.00000,0.00000,0.00000,0.00000,0.00000,0.00000,0.00000,0.00000,0.00000,0.00000,0.00000,0.00000,0.00000,0.00000,0.00000,0.00000,0.00000,0.00000,0.00000,0.00000,0.00000,0.00000,0.00000,0.00000,0.00000,0.00000,0.00000,0.00000,0.00000,0.00000,0.00000,0.00000,0.00000,0.00000,0.00000,0.00000,0.00000,0.00000,0.00000,0.00000,0.00000,0.00000,0.00000,0.00000,0.00000,0.00000,0.00000,0.00000,0.00000,0.00000,0.00000,0.00000,0.00000,0.00000,0.00000,0.00000,0.00000,0.00000,0.00000,0.00000,0.00000,0.00000,0.00000,0.00000,0.00000,0.00000,0.00000,0.00000,0.00000,0.00000,0.00000,0.00000,0.00000,0.00000,0.00000,0.00000,0.00000,0.00000,0.00000,0.00000,0.00000,0.00000,0.00000,0.00000,0.00000,0.00000,0.00000,0.00000,0.00000,0.00000,0.00000,0.00000,0.00000,0.00000,0.00000,0.00000,0.00000,0.00000,0.00000,0.00000,0.00000,0.00000,0.00000,0.00000,0.00000,0.00000,0.00000,0.00000,0.00000,0.00000,0.00000,0.00000,0.00000,0.00000,0.00000,0.00000,0.00000,0.00000,0.00000,0.00000,0.00000,0.00000,0.00000,0.00000,0.00000,0.00000,0.00000,0.00000,0.00000,0.00000,0.00000,0.00000,0.00000,0.00000,0.00000,0.00000,0.00000,0.00000,0.00000,0.00000,0.00000,0.00000,0.00000,0.00000,0.00000,0.00000,0.00000,0.00000,0.00000,0.00000,0.00000,0.00000,0.00000,0.00000,0.00000,0.00000,0.00000,0.00000,0.00000,0.00000,0.00000,0.00000,0.00000,0.00000,0.00000,0.00000,0.00000,0.00000,0.00000,0.00000,0.00000,0.00000,0.00000,0.00000,0.00000,0.00000,0.00000,0.00000,0.00000,0.00000,0.00000,0.00000,0.00000,0.00000,0.00000,0.00000,0.00000,0.00000,0.00000,0.00000,0.00000,0.00000,0.00000,0.00000,0.00000,0.00000,0.00000,0.00000,0.00000,0.00000,0.00000,0.00000,0.00000,0.00000,0.00000,0.00000,0.00000,0.00000,0.00000,0.00000,0.00000
JO-B2_R,0.02827,0.00953,0.00000,0.01092,0.04426,0.01924,0.00628,0.02449,0.02384,0.02471,0.02045,0.01327,0.03161,0.03811,0.03942,0.01592,0.02991,0.03502,0.03775,0.03375,0.02375,0.03422,0.03070,0.01946,0.02364,0.02586,0.04605,0.02328,0.00372,0.00984,0.03842,0.03475,0.02528,0.02776,0.02093,0.01059,0.01644,0.01643,0.01592,0.04027,0.04041,0.02039,0.04557,0.02674,0.03466,0.04113,0.00000,0.00000,0.02874,0.02048,0.02101,0.03612,0.03649,0.02612,0.02090,0.01351,0.03017,0.02101,0.01685,0.02332,0.01579,0.03918,0.02427,0.03880,0.01033,0.01301,0.02092,0.02717,0.01732,0.02548,0.00970,0.02337,0.03731,0.00974,0.01595,0.03141,0.01630,0.02012,0.02795,0.02829,0.01692,0.03745,0.00000,0.03955,0.04143,0.03669,0.04363,0.00000,0.00000,0.00000,0.00000,0.00000,0.00000,0.00000,0.00000,0.00000,0.00000,0.00000,0.00000,0.00000,1.00000,0.00000,0.00000,0.00000,0.00000,0.00000,0.00000,0.00000,0.00000,0.00000,0.00000,0.00000,0.00000,0.00000,0.00000,0.00000,0.00000,0.00000,0.00000,0.00000,0.00000,0.61436,0.00000,0.00000,0.00000,0.00000,0.00000,0.00000,0.00000,0.63527,0.00000,0.60795,0.00000,0.93228,0.00000,0.69961,0.00000,0.21966,0.00000,0.00000,0.00000,0.00000,0.00000,0.00000,0.00000,0.00000,0.00000,0.01759,0.00000,0.00000,0.00000,0.01573,0.00000,0.01007,0.00000,0.00953,0.02925,0.00000,0.03106,0.00000,0.00000,0.00000,0.00000,0.00000,0.00000,0.00821,0.00000,0.00000,0.00000,0.00000,0.00000,0.00000,0.00000,0.00000,0.00000,0.00000,0.00000,0.00000,0.00000,0.00000,0.00000,0.00000,0.00000,0.06035,0.06680,0.24341,0.00000,0.00000,0.00000,0.17347,0.00000,0.00000,0.01896,0.00000,0.00000,0.00000,0.00000,0.01965,0.06300,0.00000,0.00000,0.00000,0.00000,0.00000,0.42761,0.00000,0.00000,0.00000,0.00000,0.00000,0.12380,0.00000,0.00000,0.00000,0.00000,0.00000,0.00000,0.00000,0.00000,0.00000,0.00000,0.00000,0.00000,0.00000,0.00000,0.00000,0.00000,0.00000,0.00000,0.00000,0.02427,0.00000,0.00000,0.00000,0.00000,0.00000,0.00000,0.00000,0.00000,0.00000,0.00000,0.00000,0.00000,0.00000,0.00000,0.00000,0.00000,0.00000,0.00000,0.00000,0.00000,0.00000,0.00000,0.00000,0.00000,0.00000,0.00000,0.00000,0.00000,0.00000,0.00000,0.00000,0.00000,0.00000,0.00000,0.00000,0.00000,0.00000,0.00000,0.00000,0.00000,0.00000,0.00000,0.00000,0.00000,0.00000,0.00000,0.00000,0.00000,0.00000,0.00000,0.00000,0.00000,0.00000,0.00000,0.00000,0.00000,0.00000,0.00000,0.00000,0.00000,0.00000,0.00000,0.00000,0.00000,0.00000,0.00000,0.00000,0.00000,0.00000,0.00000,0.00000,0.00000,0.00000,0.00000,0.00000,0.00000,0.00000,0.00000,0.00000,0.00000,0.00000,0.00000,0.00000,0.00000,0.00000,0.01707,0.02238,0.00000,0.00000,0.04290,0.01524
JO-B3_L,0.00000,0.00000,0.00000,0.00000,0.00000,0.00000,0.00000,0.00000,0.00000,0.00000,0.00000,0.00000,0.00000,0.00000,0.00000,0.00000,0.00000,0.00000,0.00000,0.00000,0.00000,0.00000,0.00000,0.00000,0.00000,0.00000,0.00000,0.00000,0.00000,0.00000,0.00000,0.00000,0.00000,0.00000,0.00000,0.00000,0.00000,0.00000,0.00000,0.00000,0.00000,0.00000,0.00000,0.00000,0.00000,0.00000,0.00000,0.00000,0.00000,0.00000,0.00000,0.00000,0.00000,0.00000,0.00000,0.00000,0.00000,0.00000,0.00000,0.00000,0.00000,0.00000,0.00000,0.00000,0.00000,0.00000,0.00000,0.00000,0.00000,0.00000,0.00000,0.00000,0.00000,0.00000,0.00000,0.00000,0.00000,0.00000,0.00000,0.00000,0.00000,0.00000,0.00000,0.00000,0.00000,0.00000,0.00000,0.00000,0.00000,0.00000,0.00000,0.00000,0.00000,0.00000,0.00000,0.00000,0.00000,0.00000,0.00000,0.00000,0.00000,0.00000,0.00000,0.00000,0.00000,0.00000,0.00000,0.00000,0.00000,0.00000,0.00000,0.00000,0.00000,0.00000,0.00000,0.00000,0.00000,0.00000,0.00000,0.00000,0.00000,0.00000,0.00000,0.00000,0.00000,0.00000,0.00000,0.00000,0.00000,0.00000,0.00000,0.00000,0.00000,0.00000,0.00000,0.00000,0.00000,0.00000,0.00000,0.00000,0.00000,0.00000,0.00000,0.00000,0.00000,0.00000,0.00000,0.00000,0.00000,0.00000,0.00000,0.00000,0.00000,0.00000,0.00000,0.00000,0.00000,0.00000,0.00000,0.00000,0.00000,0.00000,0.00000,0.00000,0.00000,0.00000,0.00000,0.00000,0.00000,0.00000,0.00000,0.00000,0.00000,0.00000,0.00000,0.00000,0.00000,0.00000,0.00000,0.00000,0.00000,0.00000,0.00000,0.00000,0.00000,0.00000,0.00000,0.00000,0.00000,0.00000,0.00000,0.00000,0.00000,0.00000,0.00000,0.00000,0.00000,0.00000,0.00000,0.00000,0.00000,0.00000,0.00000,0.00000,0.00000,0.00000,0.00000,0.00000,0.00000,0.00000,0.00000,0.00000,0.00000,0.00000,0.00000,0.00000,0.00000,0.00000,0.00000,0.00000,0.00000,0.00000,0.00000,0.00000,0.00000,0.00000,0.00000,0.00000,0.00000,0.00000,0.00000,0.00000,0.00000,0.00000,0.00000,0.00000,0.00000,0.00000,0.00000,0.00000,0.00000,0.00000,0.00000,0.00000,0.00000,0.00000,0.00000,0.00000,0.00000,0.00000,0.00000,0.00000,0.00000,0.00000,0.00000,0.00000,0.00000,0.00000,0.00000,0.00000,0.00000,0.00000,0.00000,0.00000,0.00000,0.00000,0.00000,0.00000,0.00000,0.00000,0.00000,0.00000,0.00000,0.00000,0.00000,0.00000,0.00000,0.00000,0.00000,0.00000,0.00000,0.00000,0.00000,0.00000,0.00000,0.00000,0.00000,0.00000,0.00000,0.00000,0.00000,0.00000,0.00000,0.00000,0.00000,0.00000,0.00000,0.00000,0.00000,0.00000,0.00000,0.00000,0.00000,0.00000,0.00000,0.00000,0.00000,0.00000,0.00000,0.00000,0.00000,0.00000,0.00000,0.00000,0.00000,0.00000,0.00000,0.00000,0.00000,0.00000,0.00000,0.00000
JO-B3_R,0.02494,0.02329,0.00000,0.02669,0.02527,0.02350,0.02612,0.02531,0.02464,0.02768,0.02291,0.02774,0.02488,0.02522,0.02207,0.02575,0.02436,0.02614,0.02690,0.02645,0.02660,0.02342,0.02501,0.02378,0.02647,0.02996,0.02629,0.02607,0.02497,0.02404,0.02542,0.02530,0.02538,0.02449,0.02557,0.02803,0.02520,0.02518,0.02377,0.02303,0.02469,0.02699,0.02402,0.02478,0.02523,0.02744,0.00000,0.00000,0.02731,0.02501,0.02781,0.02225,0.02656,0.02420,0.02731,0.02420,0.02867,0.02353,0.02516,0.02716,0.02358,0.02730,0.02508,0.02567,0.02524,0.02384,0.02342,0.02340,0.02586,0.02362,0.02371,0.02415,0.02526,0.02577,0.02381,0.02772,0.02231,0.02458,0.02590,0.02840,0.02737,0.02494,0.00000,0.02450,0.02320,0.02405,0.02682,0.00000,0.95578,0.00000,0.39763,0.00000,0.13433,0.00000,0.00000,0.00000,0.00000,0.00000,0.00000,0.00000,0.00000,0.00000,1.00000,0.00000,0.00000,0.00000,0.00000,0.00000,0.00000,0.00000,0.00000,0.00000,0.00000,0.65239,0.00000,0.00000,0.00000,0.00000,0.00000,0.00000,0.00000,0.00000,0.00000,0.12612,0.00000,0.00000,0.00000,0.02152,0.00000,0.00000,0.00000,0.30457,0.00000,0.00000,0.00000,0.00000,0.00000,0.25245,0.00000,0.00000,0.00000,0.95578,0.00000,0.46514,0.00000,0.67622,0.00000,0.00000,0.00000,0.00000,0.00000,0.00000,0.00000,0.00000,0.00000,0.01219,0.00000,0.00508,0.00000,0.00000,0.00000,0.00000,0.00000,0.00000,0.00000,0.00000,0.00000,0.00000,0.00000,0.00000,0.00000,0.00000,0.00000,0.00000,0.00000,0.00000,0.00000,0.00000,0.00000,0.00000,0.00000,0.00000,0.00000,0.00000,0.01710,0.01899,0.03027,0.00000,0.00000,0.02403,0.00000,0.00000,0.02427,0.00000,0.00000,0.00000,0.00000,0.00152,0.03488,0.00000,0.00000,0.00000,0.00000,0.00000,0.00000,0.00000,0.00000,0.00000,0.00000,0.00000,0.00000,0.00000,0.00000,0.00000,0.00000,0.00000,0.00000,0.00000,0.00000,0.00000,0.00000,0.00000,0.00000,0.00000,0.00000,0.00000,0.00000,0.00000,0.00000,0.00000,0.02300,0.00000,0.00000,0.00000,0.00000,0.00000,0.00000,0.00000,0.00000,0.00000,0.00000,0.00000,0.00000,0.00000,0.00000,0.00000,0.00000,0.00000,0.00000,0.00000,0.00000,0.00000,0.00000,0.00000,0.00000,0.00000,0.00000,0.00000,0.00000,0.00000,0.00000,0.00000,0.00000,0.00000,0.00000,0.00000,0.00000,0.00000,0.00000,0.00000,0.00000,0.00000,0.00000,0.00000,0.00000,0.00000,0.00000,0.00000,0.00000,0.00000,0.00000,0.00000,0.00000,0.00000,0.00000,0.00000,0.00000,0.00000,0.00000,0.00000,0.00000,0.00000,0.00000,0.00000,0.00000,0.00000,0.00000,0.00000,0.00000,0.00000,0.00000,0.00000,0.00000,0.00000,0.00000,0.00000,0.00000,0.00000,0.00000,0.00000,0.00000,0.00000,0.00000,0.00000,0.00000,0.00000,0.02328,0.02749,0.00000,0.00000,0.02402,0.02483
JO-B4_a_L,0.00000,0.00000,0.00000,0.00000,0.00000,0.00000,0.00000,0.00000,0.00000,0.00000,0.00000,0.00000,0.00000,0.00000,0.00000,0.00000,0.00000,0.00000,0.00000,0.00000,0.00000,0.00000,0.00000,0.00000,0.00000,0.00000,0.00000,0.00000,0.00000,0.00000,0.00000,0.00000,0.00000,0.00000,0.00000,0.00000,0.00000,0.00000,0.00000,0.00000,0.00000,0.00000,0.00000,0.00000,0.00000,0.00000,0.00000,0.00000,0.00000,0.00000,0.00000,0.00000,0.00000,0.00000,0.00000,0.00000,0.00000,0.00000,0.00000,0.00000,0.00000,0.00000,0.00000,0.00000,0.00000,0.00000,0.00000,0.00000,0.00000,0.00000,0.00000,0.00000,0.00000,0.00000,0.00000,0.00000,0.00000,0.00000,0.00000,0.00000,0.00000,0.00000,0.00000,0.00000,0.00000,0.00000,0.00000,0.00000,0.00000,0.00000,0.00000,0.00000,0.00000,0.00000,0.00000,0.00000,0.00000,0.00000,0.00000,0.00000,0.00000,0.00000,0.00000,0.00000,0.00000,0.00000,0.00000,0.00000,0.00000,0.00000,0.00000,0.00000,0.00000,0.00000,0.00000,0.00000,0.00000,0.00000,0.00000,0.00000,0.00000,0.00000,0.00000,0.00000,0.00000,0.00000,0.00000,0.00000,0.00000,0.00000,0.00000,0.00000,0.00000,0.00000,0.00000,0.00000,0.00000,0.00000,0.00000,0.00000,0.00000,0.00000,0.00000,0.00000,0.00000,0.00000,0.00000,0.00000,0.00000,0.00000,0.00000,0.00000,0.00000,0.00000,0.00000,0.00000,0.00000,0.00000,0.00000,0.00000,0.00000,0.00000,0.00000,0.00000,0.00000,0.00000,0.00000,0.00000,0.00000,0.00000,0.00000,0.00000,0.00000,0.00000,0.00000,0.00000,0.00000,0.00000,0.00000,0.00000,0.00000,0.00000,0.00000,0.00000,0.00000,0.00000,0.00000,0.00000,0.00000,0.00000,0.00000,0.00000,0.00000,0.00000,0.00000,0.00000,0.00000,0.00000,0.00000,0.00000,0.00000,0.00000,0.00000,0.00000,0.00000,0.00000,0.00000,0.00000,0.00000,0.00000,0.00000,0.00000,0.00000,0.00000,0.00000,0.00000,0.00000,0.00000,0.00000,0.00000,0.00000,0.00000,0.00000,0.00000,0.00000,0.00000,0.00000,0.00000,0.00000,0.00000,0.00000,0.00000,0.00000,0.00000,0.00000,0.00000,0.00000,0.00000,0.00000,0.00000,0.00000,0.00000,0.00000,0.00000,0.00000,0.00000,0.00000,0.00000,0.00000,0.00000,0.00000,0.00000,0.00000,0.00000,0.00000,0.00000,0.00000,0.00000,0.00000,0.00000,0.00000,0.00000,0.00000,0.00000,0.00000,0.00000,0.00000,0.00000,0.00000,0.00000,0.00000,0.00000,0.00000,0.00000,0.00000,0.00000,0.00000,0.00000,0.00000,0.00000,0.00000,0.00000,0.00000,0.00000,0.00000,0.00000,0.00000,0.00000,0.00000,0.00000,0.00000,0.00000,0.00000,0.00000,0.00000,0.00000,0.00000,0.00000,0.00000,0.00000,0.00000,0.00000,0.00000,0.00000,0.00000,0.00000,0.00000,0.00000,0.00000,0.00000,0.00000,0.00000,0.00000,0.00000,0.00000,0.00000,0.00000,0.00000,0.00000,0.00000,0.00000,0.00000
JO-B4_a_R,0.12394,0.12537,0.00000,0.13611,0.13217,0.12651,0.12982,0.12912,0.12568,0.13031,0.12037,0.12799,0.11713,0.13194,0.12965,0.12798,0.13115,0.12992,0.12413,0.12851,0.13978,0.12307,0.13463,0.13476,0.13154,0.14261,0.13752,0.12273,0.13443,0.12945,0.12634,0.13234,0.12615,0.12170,0.13041,0.13932,0.12524,0.13173,0.13469,0.11746,0.12591,0.13414,0.12249,0.13344,0.13198,0.12664,0.00000,0.00000,0.13265,0.12759,0.13092,0.13067,0.12504,0.13031,0.13265,0.13029,0.13927,0.12363,0.12120,0.13496,0.12027,0.13261,0.13505,0.13430,0.12874,0.14410,0.13034,0.14325,0.12460,0.12714,0.12092,0.13004,0.13215,0.13480,0.12144,0.14499,0.12414,0.13231,0.13211,0.13371,0.13604,0.12334,0.00000,0.12176,0.12490,0.12949,0.13030,0.00000,0.00000,0.00000,0.00000,0.00000,0.00000,0.00000,0.00000,0.00000,0.00000,0.00000,0.00000,0.00000,0.00000,0.00000,0.00000,0.00000,1.00000,0.17143,0.30151,0.00000,0.00000,0.00000,0.00000,0.00000,0.00000,0.00000,0.00000,0.00000,0.00000,0.00000,0.00000,0.00000,0.00000,0.00000,0.00000,0.53606,0.00000,0.00000,0.00000,0.09008,0.19541,0.00000,0.08940,0.00000,0.00000,0.00000,0.16198,0.00000,0.00000,0.32283,0.00000,0.00000,0.00000,0.00000,0.00000,0.00000,0.00000,0.00000,0.00000,0.00000,0.00000,0.00000,0.00000,0.00000,0.00000,0.00000,0.00000,0.00000,0.00000,0.00000,0.00000,0.00000,0.00000,0.00000,0.00000,0.00000,0.00000,0.00000,0.00000,0.00000,0.00000,0.00000,0.00000,0.00000,0.00000,0.00000,0.00000,0.00000,0.00000,0.00000,0.00000,0.00000,0.00000,0.00000,0.00000,0.00000,0.00000,0.00000,0.00000,0.00000,0.00000,0.00000,0.00000,0.00000,0.00000,0.00000,0.00000,0.00000,0.00000,0.00000,0.00000,0.00000,0.00000,0.00000,0.00000,0.00000,0.00000,0.00000,0.00000,0.00000,0.00000,0.00000,0.00000,0.00000,0.00000,0.00000,0.00000,0.00000,0.00000,0.00000,0.00000,0.00000,0.00000,0.00000,0.00000,0.00000,0.00000,0.00000,0.00000,0.00000,0.00000,0.00000,0.12087,0.00000,0.00000,0.00000,0.00000,0.00000,0.00000,0.00000,0.00000,0.00000,0.00000,0.00000,0.00000,0.00000,0.00000,0.00000,0.00000,0.00000,0.00000,0.00000,0.00000,0.00000,0.00000,0.00000,0.00000,0.00000,0.00000,0.00000,0.00000,0.00000,0.00000,0.00000,0.00000,0.00000,0.00000,0.00000,0.00000,0.00000,0.00000,0.00000,0.00000,0.00000,0.00000,0.00000,0.00000,0.00000,0.00000,0.00000,0.00000,0.00000,0.00000,0.00000,0.00000,0.00000,0.00000,0.00000,0.00000,0.00000,0.00000,0.00000,0.00000,0.00000,0.00000,0.00000,0.00000,0.00000,0.00000,0.00000,0.00000,0.00000,0.00000,0.00000,0.00000,0.00000,0.00000,0.00000,0.00000,0.00000,0.00000,0.00000,0.00000,0.00000,0.00000,0.00000,0.00000,0.00000,0.13003,0.13197,0.00000,0.00000,0.11797,0.10553
JO-B4_b_L,0.31777,0.33143,0.00000,0.32234,0.33326,0.34016,0.34339,0.32566,0.32277,0.32308,0.32916,0.32913,0.33261,0.32928,0.32929,0.32370,0.33981,0.31727,0.33114,0.32861,0.32348,0.33653,0.34903,0.33921,0.33034,0.33878,0.33968,0.33585,0.33537,0.31632,0.32201,0.32612,0.31643,0.33016,0.34072,0.33039,0.32373,0.32350,0.31247,0.32907,0.33177,0.32717,0.32762,0.32687,0.32956,0.32602,0.00000,0.00000,0.33182,0.32485,0.31754,0.33698,0.31320,0.33567,0.31629,0.33542,0.31993,0.32851,0.32937,0.32755,0.33484,0.31429,0.33428,0.32308,0.34432,0.33298,0.32667,0.32743,0.33128,0.32407,0.32552,0.33771,0.33699,0.32719,0.33773,0.32933,0.33636,0.31317,0.33783,0.32727,0.30932,0.33478,0.00000,0.32739,0.31234,0.32617,0.31403,0.00000,0.00000,0.00000,0.00000,0.00000,0.00000,0.00000,0.00000,0.00000,0.00000,0.00000,0.00000,0.00000,0.00000,0.00000,0.00000,0.00000,0.17143,1.00000,0.11199,0.00000,0.00000,0.00000,0.11429,0.00000,0.00000,0.00000,0.00000,0.00000,0.25714,0.00000,0.00000,0.00000,0.00000,0.00000,0.10820,0.09190,0.45987,0.00000,0.03220,0.02445,0.03350,0.12621,0.01533,0.07873,0.00000,0.00000,0.02777,0.02756,0.00000,0.05534,0.00000,0.00000,0.00000,0.00000,0.00000,0.00000,0.07876,0.00000,0.00000,0.00000,0.11223,0.00000,0.00000,0.00000,0.00000,0.00000,0.06112,0.00000,0.19636,0.00000,0.00000,0.00000,0.00000,0.03718,0.00000,0.00000,0.04258,0.03216,0.00000,0.00000,0.04472,0.02715,0.00000,0.04337,0.03594,0.00000,0.00000,0.00000,0.22662,0.00450,0.02031,0.04836,0.04464,0.00000,0.00362,0.01455,0.01121,0.37628,0.06737,0.00000,0.00000,0.00000,0.00000,0.05862,0.00000,0.00853,0.00456,0.04712,0.03237,0.20167,0.01186,0.00000,0.00000,0.00000,0.00000,0.00000,0.00000,0.00000,0.00000,0.00000,0.00000,0.00000,0.00000,0.11049,0.00000,0.00000,0.00000,0.00000,0.00000,0.00000,0.00000,0.00000,0.00000,0.00000,0.15731,0.00000,0.00000,0.00000,0.00000,0.00000,0.00000,0.00000,0.30858,0.00000,0.00000,0.00000,0.00000,0.00000,0.00000,0.00000,0.00000,0.12148,0.10102,0.00000,0.00000,0.00000,0.00000,0.00000,0.00000,0.00000,0.00000,0.00000,0.00000,0.00000,0.00000,0.00000,0.00000,0.00000,0.00000,0.00000,0.00000,0.00000,0.00000,0.00000,0.00000,0.00000,0.00000,0.00000,0.00000,0.00000,0.00000,0.00000,0.00000,0.00000,0.00000,0.00000,0.00000,0.00000,0.00000,0.00000,0.00000,0.05570,0.08571,0.00000,0.00000,0.00000,0.00000,0.00000,0.00000,0.00000,0.00000,0.00000,0.00000,0.00000,0.02631,0.00000,0.00000,0.00000,0.00000,0.00000,0.00000,0.00000,0.00000,0.00000,0.00000,0.00000,0.00000,0.00000,0.00000,0.00000,0.00000,0.00000,0.00000,0.00000,0.00000,0.00000,0.00495,0.00000,0.33179,0.30746,0.00000,0.00000,0.30543,0.28946
JO-B4_b_R,0.37566,0.36607,0.00000,0.39899,0.37660,0.37543,0.38730,0.39363,0.36841,0.38416,0.35867,0.38591,0.36690,0.38787,0.37239,0.35947,0.38503,0.38759,0.37624,0.38552,0.39169,0.36670,0.38456,0.38397,0.38826,0.38700,0.39806,0.36799,0.37973,0.37592,0.38092,0.37507,0.38638,0.36889,0.38446,0.39133,0.38356,0.37336,0.37767,0.36792,0.34379,0.38315,0.36112,0.38327,0.35415,0.38584,0.00000,0.00000,0.37397,0.36973,0.37721,0.35457,0.37702,0.36188,0.37797,0.35975,0.40103,0.34646,0.35253,0.38763,0.34852,0.39385,0.36647,0.39480,0.37953,0.40462,0.36241,0.38153,0.36462,0.38940,0.35446,0.35907,0.37455,0.39629,0.36007,0.41093,0.37430,0.37794,0.35850,0.40986,0.39724,0.35561,0.00000,0.36134,0.37857,0.37400,0.38306,0.00000,0.00000,0.00000,0.00000,0.00000,0.00000,0.00000,0.00000,0.00000,0.00000,0.00000,0.00000,0.00000,0.00000,0.00000,0.00000,0.00000,0.30151,0.11199,1.00000,0.00000,0.00000,0.00000,0.00000,0.00000,0.00000,0.00000,0.00000,0.00000,0.00000,0.00000,0.00000,0.00000,0.00000,0.00000,0.00000,0.16163,0.00000,0.00000,0.00694,0.04074,0.19149,0.00000,0.02696,0.00000,0.00000,0.00000,0.04884,0.00000,0.00000,0.09734,0.00000,0.00000,0.00000,0.00000,0.00000,0.00000,0.00000,0.00000,0.00000,0.00000,0.00000,0.03903,0.00000,0.00000,0.00000,0.00000,0.00827,0.09375,0.00000,0.39076,0.00000,0.00000,0.00000,0.21798,0.00000,0.00000,0.05617,0.05657,0.00000,0.00000,0.07865,0.06821,0.02209,0.05720,0.02107,0.20096,0.00000,0.00000,0.00000,0.01583,0.00893,0.05412,0.09814,0.00000,0.04455,0.08314,0.08547,0.11679,0.43162,0.00000,0.00000,0.00000,0.11988,0.02062,0.33594,0.01501,0.03211,0.05737,0.10246,0.00000,0.35920,0.00000,0.00000,0.00000,0.00000,0.00000,0.00000,0.00000,0.00000,0.00000,0.00000,0.00000,0.00000,0.00000,0.00000,0.00000,0.00000,0.00000,0.00000,0.00000,0.00000,0.00000,0.00000,0.00000,0.20751,0.00000,0.00000,0.00000,0.00000,0.00000,0.00000,0.00000,0.34729,0.00000,0.00000,0.00000,0.00000,0.00000,0.00000,0.00000,0.00000,0.18696,0.22844,0.00000,0.00000,0.00000,0.00000,0.00000,0.00000,0.00000,0.00000,0.00000,0.00000,0.00000,0.00000,0.00000,0.00000,0.00000,0.00000,0.00000,0.00000,0.00000,0.00000,0.00000,0.00000,0.00000,0.00000,0.00000,0.00000,0.00000,0.00000,0.00000,0.00000,0.00000,0.00000,0.00000,0.00000,0.00000,0.00000,0.00000,0.00000,0.19593,0.18091,0.00000,0.00000,0.00000,0.00000,0.00000,0.00000,0.00000,0.00000,0.00000,0.00000,0.00000,0.13884,0.00000,0.00000,0.00000,0.00000,0.00000,0.00000,0.00000,0.00000,0.00000,0.00000,0.00000,0.00000,0.00000,0.00000,0.00000,0.00000,0.00000,0.00000,0.00000,0.00000,0.00000,0.00871,0.00000,0.34945,0.38962,0.00000,0.00000,0.36938,0.38501
JO-CA1_L,0.07175,0.06598,0.00000,0.08318,0.07269,0.07325,0.07516,0.06456,0.07680,0.07963,0.07789,0.06736,0.09110,0.06597,0.07506,0.07409,0.06212,0.08205,0.05880,0.07710,0.09044,0.07239,0.07086,0.07412,0.06923,0.07470,0.07564,0.07500,0.07783,0.06813,0.07314,0.08602,0.07968,0.07046,0.07969,0.07333,0.07910,0.07904,0.09428,0.06526,0.07695,0.08472,0.07486,0.07725,0.07259,0.05999,0.00000,0.00000,0.07296,0.07797,0.07274,0.05502,0.09031,0.07544,0.07296,0.06857,0.08356,0.07273,0.07129,0.08524,0.07350,0.09283,0.07108,0.08058,0.07152,0.08106,0.05069,0.07958,0.07329,0.07361,0.07390,0.06844,0.06608,0.08088,0.07422,0.07974,0.06207,0.08357,0.08074,0.08914,0.07160,0.07709,0.00000,0.08331,0.07888,0.06816,0.09121,0.00000,0.00000,0.00000,0.00000,0.00000,0.00000,1.00000,0.00000,0.00000,0.00000,0.00000,0.00000,0.00000,0.00000,0.00000,0.00000,0.00000,0.00000,0.00000,0.00000,1.00000,0.00000,0.00000,0.00000,0.00000,0.00000,0.00000,0.00000,0.00000,0.00000,0.00000,0.00000,0.00000,0.21221,0.00000,0.22542,0.00000,0.00000,0.00000,0.00000,0.00000,0.68394,0.00000,0.11920,0.00000,0.00000,0.00000,0.32397,0.00000,0.00000,0.00000,0.00000,0.00000,0.00000,0.00000,0.00000,0.00000,0.00000,0.00000,0.00000,0.14355,0.00000,0.21577,0.00000,0.00000,0.00000,0.00000,0.00000,0.02073,0.00000,0.00000,0.11829,0.05586,0.00000,0.00000,0.00000,0.00000,0.00000,0.03574,0.00000,0.14514,0.00000,0.01508,0.02442,0.12648,0.00000,0.14811,0.00000,0.13455,0.00000,0.00000,0.09872,0.00000,0.09403,0.00000,0.14072,0.11313,0.01454,0.01845,0.08421,0.00000,0.10073,0.05448,0.13253,0.00000,0.00000,0.00000,0.09762,0.00000,0.07552,0.12899,0.05391,0.00000,0.00000,0.00000,0.00000,0.00000,0.02403,0.00000,0.00000,0.00000,0.00000,0.00000,0.00000,0.00000,0.00000,0.00000,0.00000,0.00000,0.00000,0.00000,0.00000,0.00000,0.00000,0.00000,0.00000,0.00000,0.00000,0.00000,0.00000,0.00000,0.00000,0.00000,0.05688,0.00000,0.00000,0.00000,0.00000,0.00000,0.00000,0.00000,0.00000,0.00000,0.00000,0.00000,0.00000,0.00000,0.00000,0.00000,0.00000,0.00000,0.00000,0.00000,0.00000,0.00000,0.00000,0.00000,0.00000,0.00000,0.00000,0.00000,0.00000,0.00000,0.00000,0.00000,0.00000,0.00000,0.00000,0.00000,0.00000,0.00000,0.00000,0.00000,0.00000,0.00000,0.00000,0.00000,0.00000,0.00000,0.00000,0.00000,0.00000,0.00000,0.00000,0.00000,0.00000,0.00000,0.00000,0.00000,0.00000,0.00000,0.00000,0.00000,0.00000,0.00000,0.00000,0.00000,0.00000,0.00000,0.00000,0.00000,0.00000,0.00000,0.00000,0.00000,0.00000,0.00000,0.00000,0.00000,0.00000,0.00000,0.00000,0.00000,0.00000,0.00000,0.00000,0.00000,0.00000,0.00000,0.06219,0.06049,0.00000,0.00000,0.05445,0.06332
JO-CA1_R,0.07828,0.06598,0.00000,0.07562,0.09252,0.08656,0.08882,0.09325,0.07680,0.09411,0.07789,0.10105,0.07809,0.08576,0.08871,0.08756,0.07593,0.09573,0.07840,0.08995,0.09044,0.07963,0.08503,0.08086,0.09000,0.06112,0.07564,0.08182,0.07783,0.07494,0.08644,0.09264,0.08632,0.09608,0.07245,0.05866,0.08569,0.07904,0.08081,0.09136,0.08394,0.08472,0.08847,0.07023,0.07259,0.08665,0.00000,0.00000,0.07296,0.08506,0.08001,0.06877,0.09726,0.08916,0.08623,0.06857,0.07660,0.07273,0.08555,0.07813,0.08018,0.10609,0.07108,0.09401,0.07867,0.07205,0.07965,0.07163,0.08795,0.08030,0.09405,0.08213,0.07268,0.06740,0.08771,0.09424,0.08276,0.07660,0.08074,0.07428,0.08592,0.09250,0.00000,0.09613,0.09203,0.07497,0.09121,0.00000,0.00000,0.00000,0.00000,0.00000,0.00000,0.00000,0.00000,0.00000,0.00000,0.00000,0.00000,0.00000,0.00000,0.00000,0.00000,0.00000,0.00000,0.00000,0.00000,0.00000,1.00000,0.00000,0.00000,0.00000,0.00000,0.11714,0.00000,0.00000,0.00000,0.00000,0.00000,0.00000,0.00000,0.23647,0.00000,0.21442,0.00000,0.00000,0.00000,0.00000,0.00000,0.67313,0.00000,0.26243,0.00000,0.00000,0.00000,0.45932,0.00000,0.00000,0.00000,0.00000,0.00000,0.00000,0.00000,0.00000,0.00000,0.00000,0.11303,0.00000,0.26186,0.00000,0.00000,0.00000,0.00000,0.00000,0.00000,0.00000,0.00000,0.00000,0.16898,0.01862,0.00000,0.00000,0.00000,0.00000,0.05174,0.00000,0.35459,0.00000,0.01739,0.00000,0.14655,0.02108,0.13976,0.07406,0.19803,0.00000,0.00000,0.07874,0.00000,0.09403,0.00000,0.11841,0.00000,0.07071,0.10175,0.12912,0.00000,0.21031,0.00000,0.13620,0.15663,0.09119,0.00000,0.04148,0.00000,0.04933,0.00000,0.08256,0.16172,0.00000,0.00000,0.00000,0.00000,0.00000,0.00000,0.00000,0.00000,0.00000,0.00000,0.00000,0.00000,0.00000,0.00000,0.00000,0.00000,0.00000,0.00000,0.00000,0.00000,0.00000,0.00000,0.00000,0.00000,0.00000,0.00000,0.00000,0.00000,0.00000,0.00000,0.00000,0.06399,0.00000,0.00000,0.00000,0.00000,0.00000,0.00000,0.00000,0.00000,0.00000,0.00000,0.00000,0.00000,0.00000,0.00000,0.00000,0.00000,0.00000,0.00000,0.00000,0.00000,0.00000,0.00000,0.00000,0.00000,0.00000,0.00000,0.00000,0.00000,0.00000,0.00000,0.00000,0.00000,0.00000,0.00000,0.00000,0.00000,0.00000,0.00000,0.00000,0.00000,0.00000,0.00000,0.00000,0.00000,0.00000,0.00000,0.00000,0.00000,0.00000,0.00000,0.00000,0.00000,0.00000,0.00000,0.00000,0.00000,0.00000,0.00000,0.00000,0.00000,0.00000,0.00000,0.00000,0.00000,0.00000,0.00000,0.00000,0.00000,0.00000,0.00000,0.00000,0.00000,0.00000,0.00000,0.00000,0.00000,0.00000,0.00000,0.00000,0.00000,0.00000,0.00000,0.00000,0.00000,0.00000,0.06219,0.06049,0.00000,0.00000,0.07260,0.05277
JO-CA2_L,0.00000,0.00000,0.00000,0.00000,0.00000,0.00000,0.00000,0.00000,0.00000,0.00000,0.00000,0.00000,0.00000,0.00000,0.00000,0.00000,0.00000,0.00000,0.00000,0.00000,0.00000,0.00000,0.00000,0.00000,0.00000,0.00000,0.00000,0.00000,0.00000,0.00000,0.00000,0.00000,0.00000,0.00000,0.00000,0.00000,0.00000,0.00000,0.00000,0.00000,0.00000,0.00000,0.00000,0.00000,0.00000,0.00000,0.00000,0.00000,0.00000,0.00000,0.00000,0.00000,0.00000,0.00000,0.00000,0.00000,0.00000,0.00000,0.00000,0.00000,0.00000,0.00000,0.00000,0.00000,0.00000,0.00000,0.00000,0.00000,0.00000,0.00000,0.00000,0.00000,0.00000,0.00000,0.00000,0.00000,0.00000,0.00000,0.00000,0.00000,0.00000,0.00000,0.00000,0.00000,0.00000,0.00000,0.00000,0.00000,0.00000,0.00000,0.00000,0.00000,0.00000,0.00000,0.00000,0.00000,0.00000,0.00000,0.00000,0.00000,0.00000,0.00000,0.00000,0.00000,0.00000,0.00000,0.00000,0.00000,0.00000,0.00000,0.00000,0.00000,0.00000,0.00000,0.00000,0.00000,0.00000,0.00000,0.00000,0.00000,0.00000,0.00000,0.00000,0.00000,0.00000,0.00000,0.00000,0.00000,0.00000,0.00000,0.00000,0.00000,0.00000,0.00000,0.00000,0.00000,0.00000,0.00000,0.00000,0.00000,0.00000,0.00000,0.00000,0.00000,0.00000,0.00000,0.00000,0.00000,0.00000,0.00000,0.00000,0.00000,0.00000,0.00000,0.00000,0.00000,0.00000,0.00000,0.00000,0.00000,0.00000,0.00000,0.00000,0.00000,0.00000,0.00000,0.00000,0.00000,0.00000,0.00000,0.00000,0.00000,0.00000,0.00000,0.00000,0.00000,0.00000,0.00000,0.00000,0.00000,0.00000,0.00000,0.00000,0.00000,0.00000,0.00000,0.00000,0.00000,0.00000,0.00000,0.00000,0.00000,0.00000,0.00000,0.00000,0.00000,0.00000,0.00000,0.00000,0.00000,0.00000,0.00000,0.00000,0.00000,0.00000,0.00000,0.00000,0.00000,0.00000,0.00000,0.00000,0.00000,0.00000,0.00000,0.00000,0.00000,0.00000,0.00000,0.00000,0.00000,0.00000,0.00000,0.00000,0.00000,0.00000,0.00000,0.00000,0.00000,0.00000,0.00000,0.00000,0.00000,0.00000,0.00000,0.00000,0.00000,0.00000,0.00000,0.00000,0.00000,0.00000,0.00000,0.00000,0.00000,0.00000,0.00000,0.00000,0.00000,0.00000,0.00000,0.00000,0.00000,0.00000,0.00000,0.00000,0.00000,0.00000,0.00000,0.00000,0.00000,0.00000,0.00000,0.00000,0.00000,0.00000,0.00000,0.00000,0.00000,0.00000,0.00000,0.00000,0.00000,0.00000,0.00000,0.00000,0.00000,0.00000,0.00000,0.00000,0.00000,0.00000,0.00000,0.00000,0.00000,0.00000,0.00000,0.00000,0.00000,0.00000,0.00000,0.00000,0.00000,0.00000,0.00000,0.00000,0.00000,0.00000,0.00000,0.00000,0.00000,0.00000,0.00000,0.00000,0.00000,0.00000,0.00000,0.00000,0.00000,0.00000,0.00000,0.00000,0.00000,0.00000,0.00000,0.00000,0.00000,0.00000,0.00000,0.00000,0.00000,0.00000,0.00000
JO-CL_L,0.02754,0.03079,0.00000,0.02773,0.02790,0.02811,0.02809,0.02710,0.02638,0.02413,0.02518,0.02844,0.02820,0.02712,0.02502,0.02470,0.02914,0.02659,0.02613,0.02784,0.02649,0.02654,0.02913,0.02920,0.03539,0.02792,0.02903,0.02879,0.02987,0.02574,0.02807,0.02794,0.02508,0.03060,0.02737,0.02689,0.02856,0.02781,0.02544,0.02393,0.02954,0.02981,0.02798,0.02887,0.02713,0.02814,0.00000,0.00000,0.02800,0.02520,0.02667,0.02827,0.02624,0.02896,0.02579,0.02819,0.02553,0.02667,0.02614,0.02604,0.02747,0.02579,0.02527,0.02537,0.02940,0.02802,0.02575,0.02564,0.02362,0.02825,0.02762,0.02890,0.03084,0.02696,0.02999,0.02739,0.02912,0.02631,0.02691,0.02806,0.02625,0.02827,0.00000,0.02706,0.02483,0.02499,0.02461,0.00000,0.00000,0.00000,0.00000,0.00000,0.00000,0.00000,0.00000,0.00000,0.00000,0.00000,0.00000,0.00000,0.00000,0.00000,0.00000,0.00000,0.00000,0.11429,0.00000,0.00000,0.00000,0.00000,1.00000,0.00000,0.00000,0.00000,0.00000,0.00000,0.44444,0.00000,0.00000,0.00000,0.00000,0.01689,0.00000,0.00000,0.00000,0.00000,0.14568,0.00000,0.00000,0.14958,0.00000,0.04999,0.00000,0.00000,0.00000,0.04083,0.00000,0.00000,0.00000,0.00000,0.00000,0.00000,0.00000,0.00000,0.16335,0.00000,0.00000,0.00000,0.00000,0.00000,0.00000,0.00000,0.00000,0.00000,0.00000,0.00000,0.00000,0.00000,0.01127,0.01241,0.00000,0.00000,0.00000,0.00000,0.00000,0.00000,0.00000,0.00000,0.00000,0.00000,0.00000,0.00000,0.00000,0.00000,0.00000,0.00136,0.00000,0.00000,0.00000,0.00000,0.00000,0.00000,0.00000,0.00000,0.00000,0.01640,0.00000,0.00000,0.00000,0.00000,0.00000,0.00000,0.00000,0.00000,0.00000,0.00000,0.00000,0.03669,0.00539,0.00000,0.00000,0.00000,0.00000,0.00000,0.00801,0.00000,0.00000,0.00000,0.00000,0.00000,0.00000,0.00000,0.00000,0.00000,0.00000,0.00000,0.00000,0.00000,0.00000,0.00000,0.00000,0.00000,0.00000,0.00000,0.00000,0.00000,0.00000,0.00000,0.00000,0.00000,0.02686,0.00000,0.00000,0.00000,0.00000,0.00000,0.00000,0.00000,0.00000,0.00000,0.00000,0.00000,0.00000,0.00000,0.00000,0.00000,0.00000,0.00000,0.00000,0.00000,0.00000,0.00000,0.00000,0.00000,0.00000,0.00000,0.00000,0.00000,0.00000,0.00000,0.00000,0.00000,0.00000,0.00000,0.00000,0.00000,0.00000,0.00000,0.00000,0.00000,0.00000,0.00000,0.00000,0.00000,0.00000,0.00000,0.00000,0.00000,0.00000,0.00000,0.00000,0.00000,0.00000,0.00000,0.00000,0.00000,0.00000,0.00000,0.00000,0.00000,0.00000,0.00000,0.00000,0.00000,0.00000,0.00000,0.00000,0.00000,0.00000,0.00000,0.00000,0.00000,0.00000,0.00000,0.00000,0.00000,0.00000,0.00000,0.00000,0.00000,0.00000,0.00000,0.00000,0.00000,0.00000,0.00000,0.02576,0.02261,0.00000,0.00000,0.02521,0.02228
JO-CL_R,0.03202,0.03239,0.00000,0.04331,0.03785,0.03814,0.03913,0.04108,0.04570,0.04146,0.03476,0.04409,0.04259,0.03778,0.03350,0.03858,0.03953,0.04476,0.03742,0.04206,0.04036,0.03554,0.03478,0.03859,0.03399,0.03334,0.03938,0.03905,0.04052,0.03345,0.03808,0.03790,0.03803,0.03669,0.04149,0.04200,0.04314,0.04311,0.03306,0.04271,0.04006,0.04621,0.03341,0.03448,0.03779,0.03817,0.00000,0.00000,0.03799,0.03480,0.03571,0.02813,0.03979,0.03367,0.04341,0.03366,0.03988,0.02975,0.03500,0.03487,0.03827,0.04340,0.03489,0.03846,0.03511,0.03684,0.03555,0.03907,0.03598,0.03833,0.03298,0.03920,0.04325,0.03860,0.03312,0.04152,0.03950,0.03988,0.03603,0.04254,0.03515,0.03784,0.00000,0.03670,0.04303,0.03346,0.04265,0.00000,0.00000,0.00000,0.00000,0.00000,0.00000,0.00000,0.00000,0.00000,0.00000,0.00000,0.00000,0.00000,0.00000,0.00000,0.00000,0.00000,0.00000,0.00000,0.00000,0.00000,0.00000,0.00000,0.00000,1.00000,0.00000,0.43129,0.00000,0.00000,0.00000,0.00000,0.00000,0.00000,0.17362,0.00000,0.00000,0.00000,0.00000,0.00000,0.00000,0.68171,0.37306,0.00000,0.19506,0.00000,0.00000,0.00000,0.35342,0.00000,0.00000,0.00000,0.00000,0.00000,0.00000,0.00000,0.00000,0.00000,0.00000,0.29582,0.00000,0.00000,0.00000,0.00000,0.00000,0.00000,0.00000,0.00000,0.00000,0.01696,0.00000,0.00000,0.05530,0.03047,0.00000,0.00000,0.00000,0.00000,0.00000,0.00000,0.00000,0.00000,0.00000,0.00000,0.00000,0.00000,0.00000,0.00000,0.00000,0.00000,0.00000,0.00000,0.00000,0.00000,0.00000,0.00000,0.00000,0.00000,0.00000,0.06791,0.00000,0.00000,0.00000,0.14486,0.00000,0.00000,0.00000,0.00000,0.00000,0.00000,0.00000,0.02955,0.06616,0.00000,0.00000,0.00000,0.00000,0.00000,0.00000,0.00000,0.00000,0.00000,0.00000,0.00000,0.00000,0.00000,0.00000,0.00000,0.00000,0.00000,0.00000,0.00000,0.00000,0.00000,0.00000,0.00000,0.00000,0.00000,0.00000,0.00000,0.00000,0.00000,0.00000,0.00000,0.04072,0.00000,0.00000,0.00000,0.00000,0.00000,0.00000,0.00000,0.00000,0.00000,0.00000,0.00000,0.00000,0.00000,0.00000,0.00000,0.00000,0.00000,0.00000,0.00000,0.00000,0.00000,0.00000,0.00000,0.00000,0.00000,0.00000,0.00000,0.00000,0.00000,0.00000,0.00000,0.00000,0.00000,0.00000,0.00000,0.00000,0.00000,0.00000,0.00000,0.00000,0.00000,0.00000,0.00000,0.00000,0.00000,0.00000,0.00000,0.00000,0.00000,0.00000,0.00000,0.00000,0.00000,0.00000,0.00000,0.00000,0.00000,0.00000,0.00000,0.00000,0.00000,0.00000,0.00000,0.00000,0.00000,0.00000,0.00000,0.00000,0.00000,0.00000,0.00000,0.00000,0.00000,0.00000,0.00000,0.00000,0.00000,0.00000,0.00000,0.00000,0.00000,0.00000,0.00000,0.00000,0.00000,0.02775,0.04049,0.00000,0.00000,0.04455,0.04317
JO-CM_L,0.00000,0.00000,0.00000,0.00000,0.00000,0.00000,0.00000,0.00000,0.00000,0.00000,0.00000,0.00000,0.00000,0.00000,0.00000,0.00000,0.00000,0.00000,0.00000,0.00000,0.00000,0.00000,0.00000,0.00000,0.00000,0.00000,0.00000,0.00000,0.00000,0.00000,0.00000,0.00000,0.00000,0.00000,0.00000,0.00000,0.00000,0.00000,0.00000,0.00000,0.00000,0.00000,0.00000,0.00000,0.00000,0.00000,0.00000,0.00000,0.00000,0.00000,0.00000,0.00000,0.00000,0.00000,0.00000,0.00000,0.00000,0.00000,0.00000,0.00000,0.00000,0.00000,0.00000,0.00000,0.00000,0.00000,0.00000,0.00000,0.00000,0.00000,0.00000,0.00000,0.00000,0.00000,0.00000,0.00000,0.00000,0.00000,0.00000,0.00000,0.00000,0.00000,0.00000,0.00000,0.00000,0.00000,0.00000,0.00000,0.00000,0.00000,0.00000,0.00000,0.00000,0.00000,0.00000,0.00000,0.00000,0.00000,0.00000,0.00000,0.00000,0.00000,0.00000,0.00000,0.00000,0.00000,0.00000,0.00000,0.00000,0.00000,0.00000,0.00000,0.00000,0.00000,0.00000,0.00000,0.00000,0.00000,0.00000,0.00000,0.00000,0.00000,0.00000,0.00000,0.00000,0.00000,0.00000,0.00000,0.00000,0.00000,0.00000,0.00000,0.00000,0.00000,0.00000,0.00000,0.00000,0.00000,0.00000,0.00000,0.00000,0.00000,0.00000,0.00000,0.00000,0.00000,0.00000,0.00000,0.00000,0.00000,0.00000,0.00000,0.00000,0.00000,0.00000,0.00000,0.00000,0.00000,0.00000,0.00000,0.00000,0.00000,0.00000,0.00000,0.00000,0.00000,0.00000,0.00000,0.00000,0.00000,0.00000,0.00000,0.00000,0.00000,0.00000,0.00000,0.00000,0.00000,0.00000,0.00000,0.00000,0.00000,0.00000,0.00000,0.00000,0.00000,0.00000,0.00000,0.00000,0.00000,0.00000,0.00000,0.00000,0.00000,0.00000,0.00000,0.00000,0.00000,0.00000,0.00000,0.00000,0.00000,0.00000,0.00000,0.00000,0.00000,0.00000,0.00000,0.00000,0.00000,0.00000,0.00000,0.00000,0.00000,0.00000,0.00000,0.00000,0.00000,0.00000,0.00000,0.00000,0.00000,0.00000,0.00000,0.00000,0.00000,0.00000,0.00000,0.00000,0.00000,0.00000,0.00000,0.00000,0.00000,0.00000,0.00000,0.00000,0.00000,0.00000,0.00000,0.00000,0.00000,0.00000,0.00000,0.00000,0.00000,0.00000,0.00000,0.00000,0.00000,0.00000,0.00000,0.00000,0.00000,0.00000,0.00000,0.00000,0.00000,0.00000,0.00000,0.00000,0.00000,0.00000,0.00000,0.00000,0.00000,0.00000,0.00000,0.00000,0.00000,0.00000,0.00000,0.00000,0.00000,0.00000,0.00000,0.00000,0.00000,0.00000,0.00000,0.00000,0.00000,0.00000,0.00000,0.00000,0.00000,0.00000,0.00000,0.00000,0.00000,0.00000,0.00000,0.00000,0.00000,0.00000,0.00000,0.00000,0.00000,0.00000,0.00000,0.00000,0.00000,0.00000,0.00000,0.00000,0.00000,0.00000,0.00000,0.00000,0.00000,0.00000,0.00000,0.00000,0.00000,0.00000,0.00000,0.00000,0.00000,0.00000,0.00000,0.00000,0.00000
JO-CM_R,0.04623,0.04251,0.00000,0.04916,0.04877,0.04563,0.04962,0.04916,0.04662,0.05258,0.04355,0.05366,0.04688,0.04791,0.04356,0.04892,0.04569,0.05086,0.04936,0.05043,0.05057,0.04452,0.04731,0.04538,0.04988,0.05131,0.04833,0.04872,0.04683,0.04469,0.04829,0.04883,0.04822,0.04802,0.04710,0.04896,0.04826,0.04745,0.04497,0.04586,0.04712,0.05086,0.04624,0.04525,0.04638,0.05114,0.00000,0.00000,0.04934,0.04733,0.05070,0.04109,0.05127,0.04660,0.05128,0.04418,0.05180,0.04345,0.04760,0.04951,0.04500,0.05359,0.04579,0.04956,0.04692,0.04431,0.04453,0.04382,0.04894,0.04507,0.04643,0.04610,0.04683,0.04658,0.04584,0.05265,0.04363,0.04609,0.04815,0.05134,0.05074,0.04831,0.00000,0.04805,0.04620,0.04471,0.05113,0.00000,0.55642,0.00000,0.25991,0.00000,0.11730,0.00000,0.00000,0.00000,0.00000,0.00000,0.00000,0.00000,0.00000,0.00000,0.65239,0.00000,0.00000,0.00000,0.00000,0.00000,0.11714,0.00000,0.00000,0.43129,0.00000,1.00000,0.00000,0.05857,0.00000,0.00000,0.00000,0.00000,0.01243,0.02770,0.00000,0.20094,0.00000,0.00000,0.00000,0.07122,0.48071,0.07885,0.25135,0.20805,0.00000,0.00000,0.45540,0.05380,0.00000,0.16244,0.00000,0.00000,0.00000,0.55642,0.00000,0.27079,0.00000,0.87225,0.01324,0.00000,0.03067,0.00000,0.00000,0.00000,0.00000,0.00000,0.00000,0.01821,0.00000,0.00708,0.02375,0.00436,0.00000,0.00000,0.00000,0.00000,0.00606,0.00000,0.04154,0.00000,0.00204,0.00000,0.01717,0.00247,0.01637,0.00868,0.02320,0.00000,0.00000,0.00922,0.00000,0.01101,0.00000,0.01387,0.00000,0.00828,0.03576,0.04645,0.04220,0.02464,0.00000,0.05983,0.01835,0.01068,0.03384,0.00486,0.00000,0.00578,0.00000,0.01390,0.07230,0.00000,0.00000,0.00000,0.00000,0.00000,0.00000,0.00000,0.00000,0.00000,0.00000,0.00000,0.00000,0.00000,0.00000,0.00000,0.00000,0.00000,0.00000,0.00000,0.00000,0.00000,0.00000,0.00000,0.00000,0.00000,0.00000,0.00000,0.00000,0.00000,0.00000,0.00000,0.04248,0.00000,0.00000,0.00000,0.00000,0.00000,0.00000,0.00000,0.00000,0.00000,0.00000,0.00000,0.00000,0.00000,0.00000,0.00000,0.00000,0.00000,0.00000,0.00000,0.00000,0.00000,0.00000,0.00000,0.00000,0.00000,0.00000,0.00000,0.00000,0.00000,0.00000,0.00000,0.00000,0.00000,0.00000,0.00000,0.00000,0.00000,0.00000,0.00000,0.00000,0.00000,0.00000,0.00000,0.00000,0.00000,0.00000,0.00000,0.00000,0.00000,0.00000,0.00000,0.00000,0.00000,0.00000,0.00000,0.00000,0.00000,0.00000,0.00000,0.00000,0.00000,0.00000,0.00000,0.00000,0.00000,0.00000,0.00000,0.00000,0.00000,0.00000,0.00000,0.00000,0.00000,0.00000,0.00000,0.00000,0.00000,0.00000,0.00000,0.00000,0.00000,0.00000,0.00000,0.00000,0.00000,0.04172,0.04831,0.00000,0.00000,0.04518,0.04389
JO-DA_L,0.00000,0.00000,0.00000,0.00000,0.00000,0.00000,0.00000,0.00000,0.00000,0.00000,0.00000,0.00000,0.00000,0.00000,0.00000,0.00000,0.00000,0.00000,0.00000,0.00000,0.00000,0.00000,0.00000,0.00000,0.00000,0.00000,0.00000,0.00000,0.00000,0.00000,0.00000,0.00000,0.00000,0.00000,0.00000,0.00000,0.00000,0.00000,0.00000,0.00000,0.00000,0.00000,0.00000,0.00000,0.00000,0.00000,0.00000,0.00000,0.00000,0.00000,0.00000,0.00000,0.00000,0.00000,0.00000,0.00000,0.00000,0.00000,0.00000,0.00000,0.00000,0.00000,0.00000,0.00000,0.00000,0.00000,0.00000,0.00000,0.00000,0.00000,0.00000,0.00000,0.00000,0.00000,0.00000,0.00000,0.00000,0.00000,0.00000,0.00000,0.00000,0.00000,0.00000,0.00000,0.00000,0.00000,0.00000,0.00000,0.00000,0.00000,0.00000,0.00000,0.00000,0.00000,0.00000,0.00000,0.00000,0.00000,0.00000,0.00000,0.00000,0.00000,0.00000,0.00000,0.00000,0.00000,0.00000,0.00000,0.00000,0.00000,0.00000,0.00000,0.00000,0.00000,0.00000,0.00000,0.00000,0.00000,0.00000,0.00000,0.00000,0.00000,0.00000,0.00000,0.00000,0.00000,0.00000,0.00000,0.00000,0.00000,0.00000,0.00000,0.00000,0.00000,0.00000,0.00000,0.00000,0.00000,0.00000,0.00000,0.00000,0.00000,0.00000,0.00000,0.00000,0.00000,0.00000,0.00000,0.00000,0.00000,0.00000,0.00000,0.00000,0.00000,0.00000,0.00000,0.00000,0.00000,0.00000,0.00000,0.00000,0.00000,0.00000,0.00000,0.00000,0.00000,0.00000,0.00000,0.00000,0.00000,0.00000,0.00000,0.00000,0.00000,0.00000,0.00000,0.00000,0.00000,0.00000,0.00000,0.00000,0.00000,0.00000,0.00000,0.00000,0.00000,0.00000,0.00000,0.00000,0.00000,0.00000,0.00000,0.00000,0.00000,0.00000,0.00000,0.00000,0.00000,0.00000,0.00000,0.00000,0.00000,0.00000,0.00000,0.00000,0.00000,0.00000,0.00000,0.00000,0.00000,0.00000,0.00000,0.00000,0.00000,0.00000,0.00000,0.00000,0.00000,0.00000,0.00000,0.00000,0.00000,0.00000,0.00000,0.00000,0.00000,0.00000,0.00000,0.00000,0.00000,0.00000,0.00000,0.00000,0.00000,0.00000,0.00000,0.00000,0.00000,0.00000,0.00000,0.00000,0.00000,0.00000,0.00000,0.00000,0.00000,0.00000,0.00000,0.00000,0.00000,0.00000,0.00000,0.00000,0.00000,0.00000,0.00000,0.00000,0.00000,0.00000,0.00000,0.00000,0.00000,0.00000,0.00000,0.00000,0.00000,0.00000,0.00000,0.00000,0.00000,0.00000,0.00000,0.00000,0.00000,0.00000,0.00000,0.00000,0.00000,0.00000,0.00000,0.00000,0.00000,0.00000,0.00000,0.00000,0.00000,0.00000,0.00000,0.00000,0.00000,0.00000,0.00000,0.00000,0.00000,0.00000,0.00000,0.00000,0.00000,0.00000,0.00000,0.00000,0.00000,0.00000,0.00000,0.00000,0.00000,0.00000,0.00000,0.00000,0.00000,0.00000,0.00000,0.00000,0.00000,0.00000,0.00000,0.00000,0.00000,0.00000,0.00000,0.00000,0.00000
JO-DA_R,0.00000,0.00000,0.00000,0.00000,0.00000,0.00000,0.00000,0.00000,0.00000,0.00000,0.00000,0.00000,0.00000,0.00000,0.00000,0.00000,0.00000,0.00000,0.00000,0.00000,0.00000,0.00000,0.00000,0.00000,0.00000,0.00000,0.00000,0.00000,0.00000,0.00000,0.00000,0.00000,0.00000,0.00000,0.00000,0.00000,0.00000,0.00000,0.00000,0.00000,0.00000,0.00000,0.00000,0.00000,0.00000,0.00000,0.00000,0.00000,0.00000,0.00000,0.00000,0.00000,0.00000,0.00000,0.00000,0.00000,0.00000,0.00000,0.00000,0.00000,0.00000,0.00000,0.00000,0.00000,0.00000,0.00000,0.00000,0.00000,0.00000,0.00000,0.00000,0.00000,0.00000,0.00000,0.00000,0.00000,0.00000,0.00000,0.00000,0.00000,0.00000,0.00000,0.00000,0.00000,0.00000,0.00000,0.00000,0.00000,0.00000,0.00000,0.48536,0.00000,0.66759,0.00000,0.00000,0.00000,0.00000,0.00000,0.00000,0.00000,0.00000,0.00000,0.00000,0.00000,0.00000,0.00000,0.00000,0.00000,0.00000,0.00000,0.00000,0.00000,0.00000,0.05857,0.00000,1.00000,0.00000,0.00000,0.00000,0.00000,0.00000,0.00000,0.00000,0.00000,0.00000,0.00000,0.00000,0.00000,0.00000,0.00000,0.00000,0.00000,0.00000,0.00000,0.00000,0.00000,0.00000,0.00000,0.00000,0.00000,0.00000,0.00000,0.00000,0.00000,0.00000,0.29884,0.00000,0.00000,0.00000,0.00000,0.00000,0.00000,0.00000,0.00000,0.00000,0.00000,0.00000,0.00000,0.00000,0.00000,0.00000,0.00000,0.00000,0.00000,0.00000,0.00000,0.00000,0.00000,0.00000,0.00000,0.00000,0.00000,0.00000,0.00000,0.00000,0.00000,0.00000,0.00000,0.00000,0.00000,0.00000,0.00000,0.00000,0.00000,0.00000,0.00000,0.00000,0.00000,0.00000,0.00000,0.00000,0.00000,0.00000,0.00000,0.00000,0.00000,0.00000,0.00000,0.00000,0.00000,0.00000,0.00000,0.00000,0.00000,0.00000,0.00000,0.00000,0.00000,0.00000,0.00000,0.00000,0.00000,0.00000,0.00000,0.00000,0.00000,0.00000,0.00000,0.00000,0.00000,0.00000,0.00000,0.00000,0.00000,0.00000,0.00000,0.00000,0.00000,0.00000,0.00000,0.00000,0.00000,0.00000,0.00000,0.00000,0.00000,0.00000,0.00000,0.00000,0.00000,0.00000,0.00000,0.00000,0.00000,0.00000,0.00000,0.00000,0.00000,0.00000,0.00000,0.00000,0.00000,0.00000,0.00000,0.00000,0.00000,0.00000,0.00000,0.00000,0.00000,0.00000,0.00000,0.00000,0.00000,0.00000,0.00000,0.00000,0.00000,0.00000,0.00000,0.00000,0.00000,0.00000,0.00000,0.00000,0.00000,0.00000,0.00000,0.00000,0.00000,0.00000,0.00000,0.00000,0.00000,0.00000,0.00000,0.00000,0.00000,0.00000,0.00000,0.00000,0.00000,0.00000,0.00000,0.00000,0.00000,0.00000,0.00000,0.00000,0.00000,0.00000,0.00000,0.00000,0.00000,0.00000,0.00000,0.00000,0.00000,0.00000,0.00000,0.00000,0.00000,0.00000,0.00000,0.00000,0.00000,0.00000,0.00000,0.00000,0.00000,0.00000,0.00000
JO-DP_L,0.05219,0.05939,0.00000,0.05293,0.05287,0.05327,0.05466,0.05021,0.04887,0.04344,0.04957,0.05389,0.05206,0.05278,0.04777,0.04715,0.05522,0.04786,0.05227,0.05140,0.04933,0.05068,0.05669,0.05390,0.06923,0.05433,0.05501,0.05455,0.05660,0.04769,0.05319,0.05293,0.04648,0.05765,0.05071,0.05133,0.05273,0.05269,0.04714,0.04568,0.05596,0.05648,0.05444,0.05618,0.05279,0.05332,0.00000,0.00000,0.05306,0.04962,0.05091,0.05502,0.04863,0.05487,0.04643,0.05486,0.04875,0.05091,0.04990,0.04972,0.05345,0.04641,0.04976,0.04700,0.05722,0.05404,0.05069,0.04775,0.04398,0.05353,0.05374,0.05475,0.05947,0.05392,0.06072,0.05075,0.05517,0.04875,0.05138,0.05200,0.05012,0.05396,0.00000,0.05127,0.04602,0.04771,0.04561,0.00000,0.00000,0.00000,0.00000,0.00000,0.00000,0.00000,0.00000,0.00000,0.00000,0.00000,0.00000,0.00000,0.00000,0.00000,0.00000,0.00000,0.00000,0.25714,0.00000,0.00000,0.00000,0.00000,0.44444,0.00000,0.00000,0.00000,0.00000,0.00000,1.00000,0.00000,0.00000,0.00000,0.00000,0.00000,0.00000,0.00000,0.00000,0.00000,0.00000,0.00000,0.00000,0.00000,0.00000,0.00000,0.00000,0.00000,0.00000,0.00000,0.00000,0.00000,0.00000,0.00000,0.00000,0.00000,0.00000,0.00000,0.00000,0.00000,0.00000,0.00000,0.00000,0.00000,0.00000,0.00000,0.00000,0.00000,0.00000,0.00000,0.00000,0.00000,0.00000,0.00000,0.00000,0.00000,0.00000,0.00000,0.00000,0.00000,0.00000,0.00000,0.00000,0.00000,0.00000,0.00000,0.00000,0.00000,0.00000,0.00000,0.00000,0.00000,0.00000,0.00000,0.00000,0.00000,0.00000,0.00000,0.00000,0.03689,0.00000,0.00000,0.00000,0.00000,0.00000,0.00000,0.00000,0.00000,0.00000,0.00000,0.00000,0.07224,0.00000,0.00000,0.00000,0.00000,0.00000,0.00000,0.00000,0.00000,0.00000,0.00000,0.00000,0.00000,0.00000,0.00000,0.00000,0.00000,0.00000,0.00000,0.00000,0.00000,0.00000,0.00000,0.00000,0.00000,0.00000,0.00000,0.00000,0.00000,0.00000,0.00000,0.00000,0.00000,0.04977,0.00000,0.00000,0.00000,0.00000,0.00000,0.00000,0.00000,0.00000,0.00000,0.00000,0.00000,0.00000,0.00000,0.00000,0.00000,0.00000,0.00000,0.00000,0.00000,0.00000,0.00000,0.00000,0.00000,0.00000,0.00000,0.00000,0.00000,0.00000,0.00000,0.00000,0.00000,0.00000,0.00000,0.00000,0.00000,0.00000,0.00000,0.00000,0.00000,0.00000,0.00000,0.00000,0.00000,0.00000,0.00000,0.00000,0.00000,0.00000,0.00000,0.00000,0.00000,0.00000,0.00000,0.00000,0.00000,0.00000,0.00000,0.00000,0.00000,0.00000,0.00000,0.00000,0.00000,0.00000,0.00000,0.00000,0.00000,0.00000,0.00000,0.00000,0.00000,0.00000,0.00000,0.00000,0.00000,0.00000,0.00000,0.00000,0.00000,0.00000,0.00000,0.00000,0.00000,0.00000,0.00000,0.05088,0.04399,0.00000,0.00000,0.04537,0.04221
JO-DP_R,0.00000,0.00000,0.00000,0.00000,0.00000,0.00000,0.00000,0.00000,0.00000,0.00000,0.00000,0.00000,0.00000,0.00000,0.00000,0.00000,0.00000,0.00000,0.00000,0.00000,0.00000,0.00000,0.00000,0.00000,0.00000,0.00000,0.00000,0.00000,0.00000,0.00000,0.00000,0.00000,0.00000,0.00000,0.00000,0.00000,0.00000,0.00000,0.00000,0.00000,0.00000,0.00000,0.00000,0.00000,0.00000,0.00000,0.00000,0.00000,0.00000,0.00000,0.00000,0.00000,0.00000,0.00000,0.00000,0.00000,0.00000,0.00000,0.00000,0.00000,0.00000,0.00000,0.00000,0.00000,0.00000,0.00000,0.00000,0.00000,0.00000,0.00000,0.00000,0.00000,0.00000,0.00000,0.00000,0.00000,0.00000,0.00000,0.00000,0.00000,0.00000,0.00000,0.00000,0.00000,0.00000,0.00000,0.00000,0.00000,0.00000,0.00000,0.00000,0.00000,0.00000,0.00000,0.00000,0.00000,0.00000,0.00000,0.00000,0.00000,0.00000,0.00000,0.00000,0.00000,0.00000,0.00000,0.00000,0.00000,0.00000,0.00000,0.00000,0.00000,0.00000,0.00000,0.00000,0.00000,0.00000,0.00000,0.00000,0.00000,0.00000,0.00000,0.00000,0.00000,0.00000,0.00000,0.00000,0.00000,0.00000,0.00000,0.00000,0.00000,0.00000,0.00000,0.00000,0.00000,0.00000,0.00000,0.00000,0.00000,0.00000,0.00000,0.00000,0.00000,0.00000,0.00000,0.00000,0.00000,0.00000,0.00000,0.00000,0.00000,0.00000,0.00000,0.00000,0.00000,0.00000,0.00000,0.00000,0.00000,0.00000,0.00000,0.00000,0.00000,0.00000,0.00000,0.00000,0.00000,0.00000,0.00000,0.00000,0.00000,0.00000,0.00000,0.00000,0.00000,0.00000,0.00000,0.00000,0.00000,0.00000,0.00000,0.00000,0.00000,0.00000,0.00000,0.00000,0.00000,0.00000,0.00000,0.00000,0.00000,0.00000,0.00000,0.00000,0.00000,0.00000,0.00000,0.00000,0.00000,0.00000,0.00000,0.00000,0.00000,0.00000,0.00000,0.00000,0.00000,0.00000,0.00000,0.00000,0.00000,0.00000,0.00000,0.00000,0.00000,0.00000,0.00000,0.00000,0.00000,0.00000,0.00000,0.00000,0.00000,0.00000,0.00000,0.00000,0.00000,0.00000,0.00000,0.00000,0.00000,0.00000,0.00000,0.00000,0.00000,0.00000,0.00000,0.00000,0.00000,0.00000,0.00000,0.00000,0.00000,0.00000,0.00000,0.00000,0.00000,0.00000,0.00000,0.00000,0.00000,0.00000,0.00000,0.00000,0.00000,0.00000,0.00000,0.00000,0.00000,0.00000,0.00000,0.00000,0.00000,0.00000,0.00000,0.00000,0.00000,0.00000,0.00000,0.00000,0.00000,0.00000,0.00000,0.00000,0.00000,0.00000,0.00000,0.00000,0.00000,0.00000,0.00000,0.00000,0.00000,0.00000,0.00000,0.00000,0.00000,0.00000,0.00000,0.00000,0.00000,0.00000,0.00000,0.00000,0.00000,0.00000,0.00000,0.00000,0.00000,0.00000,0.00000,0.00000,0.00000,0.00000,0.00000,0.00000,0.00000,0.00000,0.00000,0.00000,0.00000,0.00000,0.00000,0.00000,0.00000,0.00000,0.00000,0.00000,0.00000,0.00000,0.00000
JO-ED1_L,0.00418,0.00423,0.00000,0.00404,0.00423,0.00498,0.00401,0.00383,0.00447,0.00502,0.00416,0.00467,0.00417,0.00458,0.00364,0.00467,0.00368,0.00438,0.00453,0.00412,0.00439,0.00386,0.00416,0.00396,0.00406,0.00471,0.00404,0.00437,0.00378,0.00473,0.00461,0.00424,0.00390,0.00444,0.00387,0.00431,0.00493,0.00422,0.00503,0.00488,0.00411,0.00377,0.00436,0.00450,0.00493,0.00462,0.00000,0.00000,0.00460,0.00416,0.00427,0.00404,0.00445,0.00476,0.00496,0.00512,0.00446,0.00388,0.00457,0.00417,0.00428,0.00637,0.00417,0.00466,0.00382,0.00481,0.00696,0.00382,0.00352,0.00464,0.00538,0.00438,0.00529,0.00396,0.00504,0.00426,0.00515,0.00520,0.00431,0.00476,0.00420,0.00494,0.00000,0.00410,0.00386,0.00364,0.00383,0.00000,0.00000,0.00000,0.00000,0.00000,0.00000,0.00000,0.00000,0.00000,0.00000,0.00000,0.00000,0.00000,0.00000,0.00000,0.00000,0.00000,0.00000,0.00000,0.00000,0.00000,0.00000,0.00000,0.00000,0.00000,0.00000,0.00000,0.00000,0.00000,0.00000,0.00000,1.00000,0.00000,0.00000,0.00000,0.00000,0.00000,0.00000,0.00000,0.00000,0.00000,0.00000,0.00000,0.00000,0.00000,0.00000,0.00000,0.00000,0.00000,0.00000,0.00000,0.00000,0.00000,0.00000,0.00000,0.00000,0.00000,0.01308,0.00000,0.00000,0.01890,0.01864,0.00000,0.00000,0.01553,0.00000,0.01754,0.00000,0.02047,0.00000,0.01660,0.01714,0.01093,0.01715,0.00000,0.00367,0.00525,0.01768,0.01335,0.00000,0.00097,0.02228,0.02133,0.02477,0.02194,0.00622,0.00000,0.00000,0.00000,0.00000,0.00140,0.00000,0.00365,0.00656,0.02950,0.01314,0.00000,0.00427,0.00246,0.00150,0.00225,0.01882,0.00000,0.01543,0.00000,0.00000,0.02214,0.02463,0.00564,0.00000,0.00165,0.00029,0.00000,0.00000,0.00000,0.00000,0.00000,0.16099,0.00000,0.00000,0.00000,0.00000,0.00000,0.00000,0.00000,0.00000,0.00000,0.00000,0.00000,0.00000,0.00000,0.00000,0.00000,0.00000,0.00000,0.01633,0.00000,0.00000,0.00000,0.00000,0.00000,0.00000,0.00000,0.00342,0.00000,0.00000,0.00000,0.00000,0.00000,0.00000,0.00000,0.00000,0.01261,0.00899,0.00000,0.00000,0.00000,0.00000,0.00000,0.00000,0.00000,0.00000,0.00000,0.00000,0.00000,0.00000,0.00000,0.00000,0.00000,0.00000,0.00000,0.00000,0.00000,0.00000,0.00000,0.00000,0.00000,0.00000,0.00000,0.00000,0.00000,0.00000,0.00000,0.00000,0.00000,0.00000,0.00000,0.00000,0.00000,0.00000,0.00000,0.00000,0.01734,0.01245,0.00000,0.00000,0.00000,0.00000,0.00000,0.00000,0.00000,0.00000,0.00000,0.00000,0.00000,0.00819,0.00000,0.00000,0.00000,0.00000,0.00000,0.00000,0.00000,0.00000,0.00000,0.00000,0.00000,0.00000,0.00000,0.00000,0.00000,0.00000,0.00000,0.00000,0.00000,0.00000,0.00000,0.00000,0.00000,0.00513,0.00440,0.00325,0.00000,0.00581,0.00958
JO-ED1_R,0.00000,0.00000,0.00000,0.00000,0.00000,0.00000,0.00000,0.00000,0.00000,0.00000,0.00000,0.00000,0.00000,0.00000,0.00000,0.00000,0.00000,0.00000,0.00000,0.00000,0.00000,0.00000,0.00000,0.00000,0.00000,0.00000,0.00000,0.00000,0.00000,0.00000,0.00000,0.00000,0.00000,0.00000,0.00000,0.00000,0.00000,0.00000,0.00000,0.00000,0.00000,0.00000,0.00000,0.00000,0.00000,0.00000,0.00000,0.00000,0.00000,0.00000,0.00000,0.00000,0.00000,0.00000,0.00000,0.00000,0.00000,0.00000,0.00000,0.00000,0.00000,0.00000,0.00000,0.00000,0.00000,0.00000,0.00000,0.00000,0.00000,0.00000,0.00000,0.00000,0.00000,0.00000,0.00000,0.00000,0.00000,0.00000,0.00000,0.00000,0.00000,0.00000,0.00000,0.00000,0.00000,0.00000,0.00000,0.00000,0.00000,0.00000,0.00000,0.00000,0.00000,0.00000,0.00000,0.00000,0.00000,0.00000,0.00000,0.00000,0.00000,0.00000,0.00000,0.00000,0.00000,0.00000,0.00000,0.00000,0.00000,0.00000,0.00000,0.00000,0.00000,0.00000,0.00000,0.00000,0.00000,0.00000,0.00000,1.00000,0.00000,0.00000,0.00000,0.00000,0.00000,0.00000,0.00000,0.00000,0.00000,0.00000,0.00000,0.00000,0.00000,0.00000,0.00000,0.00000,0.00000,0.00000,0.00000,0.00000,0.00000,0.00000,0.00000,0.00000,0.00000,0.00000,0.00495,0.00000,0.00000,0.00000,0.00000,0.00000,0.00000,0.00000,0.00000,0.00000,0.00000,0.00000,0.00000,0.00000,0.00000,0.00000,0.00000,0.00000,0.00000,0.00000,0.00000,0.00000,0.00000,0.00000,0.00000,0.00000,0.00000,0.00000,0.00000,0.00000,0.00000,0.00000,0.00000,0.00000,0.00000,0.00000,0.00000,0.00000,0.00000,0.00000,0.00000,0.00000,0.00000,0.06202,0.07544,0.00000,0.00000,0.00000,0.00000,0.00000,0.00000,0.00000,0.00000,0.00000,0.00000,0.00000,0.00000,0.12076,0.00000,0.00000,0.00000,0.00000,0.00000,0.00000,0.00000,0.00000,0.00000,0.00000,0.00000,0.00000,0.00000,0.00000,0.00000,0.00000,0.00000,0.00000,0.00000,0.00000,0.00000,0.00000,0.00000,0.00000,0.00000,0.00000,0.00000,0.00000,0.00000,0.00000,0.00000,0.00000,0.00000,0.00000,0.00000,0.00000,0.00000,0.00000,0.00000,0.00000,0.00000,0.00000,0.00000,0.00000,0.00000,0.00000,0.00000,0.00000,0.00000,0.00000,0.00000,0.00000,0.00000,0.00000,0.00000,0.00000,0.00000,0.00000,0.00000,0.00000,0.00000,0.00000,0.00000,0.00000,0.00000,0.00000,0.00000,0.00000,0.00000,0.00000,0.00000,0.00000,0.00000,0.00000,0.00000,0.00000,0.00000,0.00000,0.00000,0.00000,0.00000,0.00000,0.00000,0.00000,0.00000,0.00000,0.00000,0.00000,0.00000,0.00000,0.00000,0.00000,0.00000,0.00000,0.00000,0.00000,0.00000,0.00000,0.00000,0.00000,0.00000,0.00000,0.00000,0.00000,0.00000,0.00000,0.00000,0.00000,0.00000,0.00000,0.00000,0.00000,0.00000,0.00000,0.00000,0.00000,0.00000,0.00000
JO-ED2_a_L,0.10256,0.09216,0.00000,0.11291,0.09434,0.10187,0.09991,0.11195,0.11557,0.09930,0.09576,0.09864,0.11549,0.10372,0.09386,0.09616,0.08882,0.11133,0.08306,0.10239,0.10389,0.09148,0.09883,0.10113,0.10151,0.09354,0.09936,0.09484,0.09937,0.10199,0.10480,0.10289,0.10298,0.09651,0.11153,0.10680,0.10630,0.10851,0.09367,0.09064,0.10040,0.10228,0.10174,0.09985,0.09930,0.09335,0.00000,0.00000,0.10083,0.10187,0.09022,0.08929,0.11297,0.10175,0.09520,0.08823,0.10814,0.09793,0.09545,0.09318,0.09822,0.10924,0.08776,0.10221,0.09796,0.10686,0.08367,0.09596,0.09487,0.09798,0.10769,0.09731,0.08872,0.10168,0.08864,0.10167,0.09327,0.10586,0.09742,0.09859,0.10816,0.10336,0.00000,0.10781,0.10057,0.09348,0.10847,0.00000,0.00000,0.00000,0.00000,0.00000,0.00000,0.21221,0.00000,0.00000,0.00000,0.00000,0.00000,0.00000,0.00000,0.00000,0.00000,0.00000,0.00000,0.00000,0.00000,0.21221,0.00000,0.00000,0.00000,0.17362,0.00000,0.01243,0.00000,0.00000,0.00000,0.00000,0.00000,0.00000,1.00000,0.27991,0.21743,0.00000,0.00000,0.00000,0.00000,0.17681,0.14514,0.00000,0.58468,0.07449,0.00000,0.00000,0.26979,0.00000,0.00000,0.00623,0.00000,0.00000,0.00000,0.00000,0.00000,0.00000,0.00000,0.00000,0.07766,0.03046,0.01095,0.04579,0.06310,0.04095,0.06877,0.07671,0.06561,0.03379,0.00000,0.00000,0.17147,0.08657,0.00000,0.00000,0.00000,0.00000,0.00519,0.00758,0.00000,0.03080,0.00000,0.00582,0.02662,0.03213,0.02921,0.05000,0.08667,0.06631,0.00000,0.00000,0.02095,0.00000,0.01995,0.00000,0.03583,0.12099,0.05917,0.03505,0.07671,0.18988,0.17587,0.06647,0.06950,0.02771,0.01035,0.00288,0.02688,0.00000,0.01918,0.22645,0.09630,0.00000,0.00000,0.03001,0.00000,0.48738,0.03176,0.00000,0.00000,0.00000,0.00000,0.00000,0.22735,0.00000,0.05729,0.00000,0.00000,0.00000,0.00000,0.00000,0.00000,0.00000,0.00000,0.00000,0.00000,0.00000,0.00000,0.00000,0.00000,0.00000,0.00000,0.00000,0.08710,0.00000,0.00000,0.00000,0.00000,0.00000,0.00000,0.00000,0.00000,0.00000,0.00000,0.00000,0.00000,0.00000,0.00000,0.00000,0.00000,0.00000,0.00000,0.00000,0.00000,0.00000,0.00000,0.00000,0.00000,0.00000,0.00000,0.00000,0.00000,0.00000,0.00000,0.00000,0.00000,0.00000,0.00000,0.00000,0.00000,0.00000,0.00000,0.00000,0.00000,0.00000,0.00000,0.00000,0.00000,0.00000,0.00000,0.00000,0.00000,0.00000,0.00000,0.00000,0.00000,0.00000,0.00000,0.00000,0.00000,0.00000,0.00000,0.00000,0.00000,0.00000,0.00000,0.00000,0.00000,0.00000,0.00000,0.00000,0.00000,0.00000,0.00000,0.00000,0.00000,0.00000,0.00000,0.00000,0.00000,0.00000,0.00000,0.00000,0.00000,0.00000,0.00000,0.00000,0.00000,0.00000,0.08431,0.08667,0.00000,0.00000,0.10977,0.10322
JO-ED2_a_R,0.13255,0.10499,0.00000,0.11585,0.14456,0.12282,0.11264,0.14951,0.14176,0.12815,0.11506,0.12551,0.13497,0.14608,0.13739,0.11832,0.12312,0.14587,0.12293,0.13914,0.13819,0.12473,0.12316,0.12815,0.13425,0.11620,0.14332,0.12139,0.11509,0.11312,0.14601,0.12998,0.12639,0.13968,0.13069,0.11989,0.13516,0.12705,0.11352,0.13414,0.14817,0.12247,0.13954,0.12171,0.12818,0.13048,0.00000,0.00000,0.13108,0.11805,0.11094,0.12998,0.15172,0.13079,0.13153,0.10667,0.12915,0.12505,0.12054,0.11314,0.11331,0.15601,0.11826,0.14087,0.11658,0.11623,0.11619,0.11843,0.11488,0.11925,0.12323,0.12740,0.12634,0.10725,0.10633,0.13506,0.11929,0.11492,0.12844,0.11920,0.13147,0.14336,0.00000,0.15220,0.13313,0.13941,0.14482,0.00000,0.00000,0.00000,0.00000,0.00000,0.00000,0.00000,0.00000,0.00000,0.00000,0.00000,0.00000,0.00000,0.61436,0.00000,0.00000,0.00000,0.00000,0.00000,0.00000,0.00000,0.23647,0.00000,0.01689,0.00000,0.00000,0.02770,0.00000,0.00000,0.00000,0.00000,0.00000,0.00000,0.27991,1.00000,0.00000,0.05071,0.00000,0.00000,0.11539,0.00304,0.00000,0.62463,0.00000,0.61899,0.00000,0.68746,0.00000,0.76419,0.00000,0.16309,0.00000,0.00000,0.00000,0.00000,0.00000,0.00000,0.00000,0.00000,0.04171,0.02538,0.06192,0.08893,0.04987,0.06881,0.05913,0.11047,0.03336,0.06967,0.02607,0.00000,0.19809,0.14311,0.00395,0.00488,0.00116,0.01024,0.01468,0.00936,0.08385,0.00827,0.00646,0.00267,0.04435,0.02724,0.06374,0.06630,0.06000,0.11590,0.00149,0.01862,0.00150,0.02281,0.00232,0.03100,0.02032,0.12337,0.15690,0.24909,0.02086,0.23943,0.17568,0.20658,0.05881,0.03158,0.01533,0.01121,0.00974,0.01190,0.00128,0.10572,0.23392,0.00000,0.00000,0.02150,0.00000,0.00280,0.53302,0.00000,0.00000,0.00000,0.00000,0.00000,0.13138,0.00968,0.00159,0.00000,0.00000,0.00000,0.00000,0.00000,0.00000,0.00000,0.00000,0.00000,0.00258,0.00000,0.00000,0.00000,0.00000,0.00000,0.00000,0.00041,0.11601,0.00000,0.00065,0.00000,0.00000,0.00000,0.00000,0.00000,0.00000,0.00299,0.00474,0.00000,0.00000,0.00000,0.00000,0.00000,0.00000,0.00000,0.00000,0.00107,0.00000,0.00000,0.00000,0.00000,0.00000,0.00000,0.00000,0.00040,0.00000,0.00000,0.00000,0.00000,0.00000,0.00000,0.00000,0.00000,0.00000,0.00000,0.00000,0.00000,0.00000,0.00000,0.00000,0.00000,0.00000,0.00000,0.00000,0.00000,0.00000,0.00457,0.00113,0.00000,0.00000,0.00000,0.00000,0.00000,0.00000,0.00000,0.00000,0.00000,0.00000,0.00060,0.00346,0.00000,0.00000,0.00000,0.00000,0.00000,0.00000,0.00000,0.00000,0.00000,0.00000,0.00000,0.00000,0.00000,0.00000,0.00000,0.00000,0.00000,0.00000,0.00000,0.00000,0.00000,0.00000,0.00063,0.10419,0.10078,0.01183,0.01245,0.14485,0.11497
JO-ED2_b_L,0.07646,0.07615,0.00000,0.08625,0.07895,0.07925,0.07239,0.08052,0.09129,0.07996,0.06768,0.07167,0.09446,0.08417,0.07537,0.06984,0.07904,0.07244,0.06097,0.07358,0.08044,0.07800,0.08114,0.07837,0.07834,0.07654,0.06758,0.07593,0.06124,0.08078,0.07314,0.08591,0.07753,0.07624,0.09243,0.07802,0.08380,0.07721,0.07226,0.06855,0.06812,0.07511,0.09449,0.07757,0.08211,0.07031,0.00000,0.00000,0.06788,0.08277,0.06657,0.07348,0.08425,0.07977,0.06967,0.07543,0.09199,0.07639,0.05560,0.06885,0.08254,0.08609,0.07242,0.07477,0.07771,0.08121,0.06692,0.07319,0.08922,0.06848,0.09661,0.07375,0.06792,0.07262,0.06540,0.06896,0.06872,0.09073,0.07710,0.07803,0.08006,0.08306,0.00000,0.07917,0.08713,0.06330,0.08078,0.00000,0.00000,0.00000,0.00000,0.00000,0.00000,0.22542,0.00000,0.00000,0.00000,0.00000,0.00000,0.00000,0.00000,0.00000,0.00000,0.00000,0.00000,0.10820,0.00000,0.22542,0.00000,0.00000,0.00000,0.00000,0.00000,0.00000,0.00000,0.00000,0.00000,0.00000,0.00000,0.00000,0.21743,0.00000,1.00000,0.02417,0.31018,0.00000,0.00830,0.00000,0.15417,0.03793,0.18809,0.02366,0.00000,0.00000,0.47468,0.00828,0.02969,0.00000,0.00000,0.00000,0.00000,0.00000,0.00000,0.00000,0.00000,0.00000,0.04116,0.03236,0.02951,0.04864,0.00000,0.00000,0.00000,0.00000,0.06925,0.00467,0.00000,0.00000,0.16379,0.05037,0.00000,0.00326,0.00000,0.00148,0.01633,0.01007,0.00000,0.03272,0.00157,0.00510,0.06332,0.04467,0.07981,0.08347,0.18414,0.03033,0.00000,0.00000,0.02270,0.00154,0.02315,0.00000,0.03204,0.27095,0.11632,0.08149,0.04218,0.00000,0.02271,0.01228,0.02987,0.00514,0.02791,0.00000,0.02201,0.00095,0.01759,0.21331,0.01580,0.00000,0.00000,0.00000,0.00000,0.04678,0.02980,0.00000,0.00000,0.00000,0.00000,0.00000,0.00000,0.00969,0.00000,0.00000,0.00000,0.00000,0.00000,0.00000,0.00000,0.00000,0.00000,0.00000,0.00000,0.00000,0.00000,0.00000,0.00000,0.00000,0.00000,0.00000,0.07148,0.00000,0.00000,0.00000,0.00000,0.00000,0.00000,0.00000,0.00000,0.00000,0.00000,0.00000,0.00000,0.00000,0.00000,0.00000,0.00000,0.00000,0.00000,0.00000,0.00000,0.00000,0.00000,0.00000,0.00000,0.00000,0.00000,0.00000,0.00000,0.00000,0.00000,0.00000,0.00000,0.00000,0.00000,0.00000,0.00000,0.00000,0.00000,0.00000,0.00000,0.00000,0.00000,0.00000,0.00000,0.00000,0.00000,0.00000,0.00000,0.00000,0.00000,0.00000,0.00000,0.00000,0.00000,0.00000,0.00000,0.00000,0.00000,0.00000,0.00000,0.00000,0.00000,0.00000,0.00000,0.00000,0.00000,0.00000,0.00000,0.00000,0.00000,0.00000,0.00000,0.00000,0.00000,0.00000,0.00000,0.00000,0.00000,0.00000,0.00000,0.00000,0.00000,0.00000,0.00000,0.00000,0.06703,0.07536,0.00000,0.00000,0.07732,0.07327
JO-ED2_b_R,0.11959,0.11531,0.00000,0.12809,0.12753,0.12065,0.12673,0.12612,0.11977,0.13039,0.11463,0.13072,0.11581,0.12589,0.12071,0.12493,0.12211,0.12829,0.12258,0.12675,0.13311,0.11720,0.12687,0.12425,0.12841,0.13324,0.12827,0.12135,0.12516,0.12052,0.12333,0.12769,0.12315,0.12155,0.12272,0.12814,0.12225,0.12428,0.12418,0.11613,0.12149,0.12943,0.11965,0.12273,0.12310,0.12648,0.00000,0.00000,0.12658,0.12311,0.12789,0.11723,0.12661,0.12427,0.12942,0.11983,0.13289,0.11618,0.12000,0.12870,0.11605,0.13365,0.12421,0.12958,0.12268,0.12746,0.12110,0.12628,0.12337,0.11981,0.11956,0.12254,0.12326,0.12429,0.11863,0.13835,0.11683,0.12319,0.12590,0.12902,0.13127,0.12232,0.00000,0.12161,0.12052,0.12057,0.12853,0.00000,0.00000,0.00000,0.00000,0.00000,0.00000,0.00000,0.00000,0.00000,0.00000,0.00000,0.00000,0.00000,0.00000,0.00000,0.12612,0.00000,0.53606,0.09190,0.16163,0.00000,0.21442,0.00000,0.00000,0.00000,0.00000,0.20094,0.00000,0.00000,0.00000,0.00000,0.00000,0.00000,0.00000,0.05071,0.02417,1.00000,0.00000,0.00000,0.00000,0.04829,0.10475,0.14433,0.04793,0.05627,0.00000,0.00000,0.08683,0.09849,0.00000,0.28004,0.00000,0.00000,0.00000,0.00000,0.00000,0.00000,0.00000,0.19935,0.02424,0.00000,0.05615,0.00000,0.00000,0.00000,0.00000,0.00000,0.00000,0.01778,0.00000,0.00741,0.03623,0.00399,0.00000,0.00000,0.00000,0.00000,0.01110,0.00000,0.07603,0.00000,0.00373,0.00000,0.03142,0.00452,0.02997,0.01588,0.04246,0.00000,0.00000,0.01688,0.00000,0.02016,0.00000,0.02539,0.00000,0.01516,0.04675,0.05537,0.04414,0.04510,0.00000,0.06425,0.03358,0.01955,0.03539,0.00889,0.00000,0.01058,0.00000,0.01991,0.08553,0.00000,0.00000,0.00000,0.00000,0.00000,0.00000,0.00000,0.00000,0.00000,0.00000,0.00000,0.00000,0.00000,0.00000,0.00000,0.00000,0.00000,0.00000,0.00000,0.00000,0.00000,0.00000,0.00000,0.00000,0.00000,0.00000,0.00000,0.00000,0.00000,0.00000,0.00000,0.11206,0.00000,0.00000,0.00000,0.00000,0.00000,0.00000,0.00000,0.00000,0.00000,0.00000,0.00000,0.00000,0.00000,0.00000,0.00000,0.00000,0.00000,0.00000,0.00000,0.00000,0.00000,0.00000,0.00000,0.00000,0.00000,0.00000,0.00000,0.00000,0.00000,0.00000,0.00000,0.00000,0.00000,0.00000,0.00000,0.00000,0.00000,0.00000,0.00000,0.00000,0.00000,0.00000,0.00000,0.00000,0.00000,0.00000,0.00000,0.00000,0.00000,0.00000,0.00000,0.00000,0.00000,0.00000,0.00000,0.00000,0.00000,0.00000,0.00000,0.00000,0.00000,0.00000,0.00000,0.00000,0.00000,0.00000,0.00000,0.00000,0.00000,0.00000,0.00000,0.00000,0.00000,0.00000,0.00000,0.00000,0.00000,0.00000,0.00000,0.00000,0.00000,0.00000,0.00000,0.00000,0.00000,0.11698,0.12380,0.00000,0.00000,0.11383,0.10409
JO-ED2_c_L,0.15358,0.16035,0.00000,0.15321,0.16685,0.16517,0.16906,0.15892,0.16130,0.16130,0.16626,0.15775,0.16388,0.15865,0.16582,0.16198,0.17123,0.15926,0.16536,0.16628,0.15829,0.17090,0.17174,0.16757,0.16081,0.17017,0.17187,0.16354,0.15899,0.15911,0.16158,0.16456,0.15465,0.16213,0.17606,0.16153,0.15685,0.15965,0.15217,0.16846,0.16734,0.16398,0.16666,0.16091,0.17035,0.15818,0.00000,0.00000,0.16369,0.16465,0.15747,0.16886,0.15610,0.16624,0.15448,0.16404,0.15911,0.16617,0.16065,0.16364,0.16954,0.15276,0.17049,0.15724,0.16883,0.16145,0.16088,0.15472,0.16700,0.16050,0.16749,0.16675,0.16558,0.15954,0.17034,0.15603,0.16847,0.15296,0.16956,0.15988,0.14869,0.17176,0.00000,0.16221,0.15269,0.15960,0.15956,0.00000,0.00000,0.00000,0.00000,0.00000,0.00000,0.00000,0.00000,0.00000,0.00000,0.00000,0.00000,0.00000,0.00000,0.00000,0.00000,0.00000,0.00000,0.45987,0.00000,0.00000,0.00000,0.00000,0.00000,0.00000,0.00000,0.00000,0.00000,0.00000,0.00000,0.00000,0.00000,0.00000,0.00000,0.00000,0.31018,0.00000,1.00000,0.00000,0.01742,0.00000,0.00000,0.07966,0.00000,0.04969,0.00000,0.00000,0.00000,0.01740,0.10392,0.00000,0.00000,0.00000,0.00000,0.00000,0.00000,0.00000,0.02900,0.00000,0.05049,0.02899,0.04132,0.00000,0.00000,0.00000,0.00271,0.00000,0.07964,0.01308,0.10845,0.00873,0.00427,0.00470,0.00000,0.01825,0.00000,0.00207,0.01894,0.01466,0.00000,0.00000,0.01866,0.01238,0.00000,0.01863,0.01470,0.00000,0.00000,0.00000,0.09457,0.00166,0.00810,0.01996,0.01918,0.00000,0.00178,0.02544,0.00413,0.31260,0.12520,0.00000,0.00000,0.00000,0.00000,0.23024,0.07814,0.00314,0.00168,0.01868,0.03496,0.13613,0.00000,0.00000,0.00000,0.00000,0.00000,0.00000,0.00000,0.00000,0.00000,0.00000,0.00000,0.00000,0.00000,0.05424,0.00000,0.00000,0.00000,0.00000,0.00000,0.00000,0.00000,0.00000,0.00000,0.00000,0.05792,0.00000,0.00000,0.00000,0.00000,0.00000,0.00000,0.00000,0.15483,0.00000,0.00000,0.00000,0.00000,0.00000,0.00000,0.00000,0.00000,0.04473,0.03719,0.00000,0.00000,0.00000,0.00000,0.00000,0.00000,0.00000,0.00000,0.00000,0.00000,0.00000,0.00000,0.00000,0.00000,0.00000,0.00000,0.00000,0.00000,0.00000,0.00000,0.00000,0.00000,0.00000,0.00000,0.00000,0.00000,0.00000,0.00000,0.00000,0.00000,0.00000,0.00000,0.00000,0.00000,0.00000,0.00000,0.00000,0.00000,0.02051,0.03156,0.00000,0.00000,0.00000,0.00000,0.00000,0.00000,0.00000,0.00000,0.00000,0.00000,0.00000,0.00969,0.00000,0.00000,0.00000,0.00000,0.00000,0.00000,0.00000,0.00000,0.00000,0.00000,0.00000,0.00000,0.00000,0.00000,0.00000,0.00000,0.00000,0.00000,0.00000,0.00000,0.00000,0.00182,0.00000,0.16415,0.15445,0.00000,0.00000,0.15179,0.14321
JO-ED2_c_R,0.00000,0.00000,0.00000,0.00000,0.00000,0.00000,0.00000,0.00000,0.00000,0.00000,0.00000,0.00000,0.00000,0.00000,0.00000,0.00000,0.00000,0.00000,0.00000,0.00000,0.00000,0.00000,0.00000,0.00000,0.00000,0.00000,0.00000,0.00000,0.00000,0.00000,0.00000,0.00000,0.00000,0.00000,0.00000,0.00000,0.00000,0.00000,0.00000,0.00000,0.00000,0.00000,0.00000,0.00000,0.00000,0.00000,0.00000,0.00000,0.00000,0.00000,0.00000,0.00000,0.00000,0.00000,0.00000,0.00000,0.00000,0.00000,0.00000,0.00000,0.00000,0.00000,0.00000,0.00000,0.00000,0.00000,0.00000,0.00000,0.00000,0.00000,0.00000,0.00000,0.00000,0.00000,0.00000,0.00000,0.00000,0.00000,0.00000,0.00000,0.00000,0.00000,0.00000,0.00000,0.00000,0.00000,0.00000,0.00000,0.00000,0.00000,0.00000,0.00000,0.00000,0.00000,0.00000,0.00000,0.00000,0.00000,0.00000,0.00000,0.00000,0.00000,0.00000,0.00000,0.00000,0.00000,0.00000,0.00000,0.00000,0.00000,0.00000,0.00000,0.00000,0.00000,0.00000,0.00000,0.00000,0.00000,0.00000,0.00000,0.00000,0.00000,0.00000,0.00000,0.00000,0.00000,0.00000,0.00000,0.00000,0.00000,0.00000,0.00000,0.00000,0.00000,0.00000,0.00000,0.00000,0.00000,0.00000,0.00000,0.00000,0.00000,0.00000,0.00000,0.00000,0.00000,0.00000,0.00000,0.00000,0.00000,0.00000,0.00000,0.00000,0.00000,0.00000,0.00000,0.00000,0.00000,0.00000,0.00000,0.00000,0.00000,0.00000,0.00000,0.00000,0.00000,0.00000,0.00000,0.00000,0.00000,0.00000,0.00000,0.00000,0.00000,0.00000,0.00000,0.00000,0.00000,0.00000,0.00000,0.00000,0.00000,0.00000,0.00000,0.00000,0.00000,0.00000,0.00000,0.00000,0.00000,0.00000,0.00000,0.00000,0.00000,0.00000,0.00000,0.00000,0.00000,0.00000,0.00000,0.00000,0.00000,0.00000,0.00000,0.00000,0.00000,0.00000,0.00000,0.00000,0.00000,0.00000,0.00000,0.00000,0.00000,0.00000,0.00000,0.00000,0.00000,0.00000,0.00000,0.00000,0.00000,0.00000,0.00000,0.00000,0.00000,0.00000,0.00000,0.00000,0.00000,0.00000,0.00000,0.00000,0.00000,0.00000,0.00000,0.00000,0.00000,0.00000,0.00000,0.00000,0.00000,0.00000,0.00000,0.00000,0.00000,0.00000,0.00000,0.00000,0.00000,0.00000,0.00000,0.00000,0.00000,0.00000,0.00000,0.00000,0.00000,0.00000,0.00000,0.00000,0.00000,0.00000,0.00000,0.00000,0.00000,0.00000,0.00000,0.00000,0.00000,0.00000,0.00000,0.00000,0.00000,0.00000,0.00000,0.00000,0.00000,0.00000,0.00000,0.00000,0.00000,0.00000,0.00000,0.00000,0.00000,0.00000,0.00000,0.00000,0.00000,0.00000,0.00000,0.00000,0.00000,0.00000,0.00000,0.00000,0.00000,0.00000,0.00000,0.00000,0.00000,0.00000,0.00000,0.00000,0.00000,0.00000,0.00000,0.00000,0.00000,0.00000,0.00000,0.00000,0.00000,0.00000,0.00000,0.00000,0.00000,0.00000,0.00000,0.00000,0.00000
JO-EV1_L,0.03541,0.03567,0.00000,0.03444,0.03618,0.03630,0.03442,0.03861,0.03742,0.03897,0.03062,0.03827,0.04056,0.03293,0.03171,0.03331,0.04446,0.04231,0.02555,0.04020,0.03688,0.03330,0.03276,0.04169,0.03695,0.03187,0.03764,0.04141,0.04362,0.04184,0.03564,0.03607,0.03559,0.03993,0.03966,0.03390,0.04094,0.03530,0.03904,0.03317,0.03749,0.03800,0.03146,0.03263,0.03051,0.03633,0.00000,0.00000,0.03570,0.02739,0.03313,0.03243,0.03755,0.03707,0.04135,0.03202,0.03236,0.03262,0.03231,0.03268,0.03089,0.04088,0.03090,0.03861,0.03307,0.03356,0.02748,0.03606,0.03372,0.03617,0.03090,0.03904,0.03602,0.02667,0.02623,0.03919,0.03728,0.03716,0.03393,0.04015,0.03294,0.03511,0.00000,0.03494,0.03569,0.03151,0.03537,0.01328,0.00000,0.00000,0.00000,0.00000,0.00000,0.00000,0.00000,0.00000,0.00000,0.00000,0.00000,0.00000,0.00000,0.00000,0.00000,0.00000,0.00000,0.03220,0.00694,0.00000,0.00000,0.00000,0.14568,0.00000,0.00000,0.00000,0.00000,0.00000,0.00000,0.00000,0.00000,0.00000,0.00000,0.11539,0.00830,0.00000,0.01742,0.00000,1.00000,0.00104,0.00000,0.02129,0.00685,0.00992,0.00000,0.00000,0.00000,0.00528,0.05302,0.00000,0.00000,0.00000,0.01022,0.00000,0.00060,0.00000,0.02114,0.00000,0.00520,0.00088,0.00000,0.00000,0.00266,0.00079,0.00395,0.00151,0.00210,0.00000,0.00000,0.00000,0.07696,0.08481,0.00000,0.00000,0.00316,0.00151,0.05094,0.07069,0.00000,0.00000,0.00140,0.00139,0.00169,0.00194,0.00000,0.00000,0.00399,0.00928,0.00000,0.11249,0.04451,0.06921,0.05308,0.07626,0.04224,0.00000,0.00000,0.01018,0.00000,0.00581,0.00058,0.00000,0.00000,0.00000,0.00000,0.21317,0.00041,0.07489,0.05371,0.03133,0.03819,0.00000,0.00000,0.00000,0.00000,0.00191,0.05473,0.00000,0.00000,0.00000,0.00000,0.00000,0.00000,0.00000,0.00000,0.00000,0.00000,0.00000,0.00000,0.00000,0.00000,0.00000,0.00000,0.00000,0.00000,0.00000,0.00000,0.00000,0.00000,0.00000,0.00000,0.00000,0.03778,0.00000,0.00000,0.00000,0.00000,0.00000,0.00000,0.00000,0.00000,0.00000,0.00000,0.00000,0.00000,0.00000,0.00000,0.00000,0.00000,0.00000,0.00000,0.00000,0.00000,0.00000,0.00000,0.00000,0.00000,0.00000,0.00000,0.00000,0.00000,0.00000,0.00000,0.00000,0.00000,0.00000,0.00000,0.00000,0.00000,0.00000,0.00000,0.00000,0.00000,0.00000,0.00000,0.00000,0.00000,0.00000,0.00000,0.00000,0.00000,0.00000,0.00000,0.00000,0.00000,0.00000,0.00000,0.00000,0.00000,0.00000,0.00000,0.00000,0.00000,0.00000,0.00235,0.00000,0.00000,0.00000,0.00000,0.00000,0.00000,0.00000,0.00000,0.00000,0.00000,0.00000,0.00000,0.00000,0.00000,0.00000,0.00000,0.00000,0.00000,0.00000,0.00000,0.00000,0.00000,0.00000,0.02757,0.02681,0.00000,0.00000,0.03945,0.02889
JO-EV1_R,0.05024,0.05186,0.00000,0.06283,0.05834,0.05788,0.05970,0.06138,0.06666,0.06195,0.05517,0.06417,0.06169,0.05823,0.05363,0.05825,0.06031,0.06406,0.05708,0.06236,0.06536,0.05494,0.05537,0.05948,0.05270,0.05460,0.06070,0.05973,0.06293,0.05324,0.05780,0.05811,0.05637,0.05467,0.06053,0.06192,0.06279,0.06200,0.05293,0.06186,0.06096,0.06693,0.05394,0.05377,0.05766,0.05718,0.00000,0.00000,0.05661,0.05475,0.05438,0.04801,0.05835,0.05529,0.06273,0.05497,0.05975,0.05028,0.05523,0.05438,0.05988,0.06241,0.05554,0.06064,0.05669,0.05699,0.05707,0.06237,0.05711,0.05681,0.05431,0.06057,0.06220,0.05813,0.05105,0.06220,0.06072,0.05881,0.05603,0.06390,0.05772,0.05555,0.00000,0.05571,0.06158,0.05387,0.06294,0.00000,0.02252,0.00000,0.07963,0.00000,0.00316,0.00000,0.00000,0.00000,0.02263,0.00000,0.00000,0.00000,0.00000,0.00000,0.02152,0.00000,0.09008,0.02445,0.04074,0.00000,0.00000,0.00000,0.00000,0.68171,0.00000,0.07122,0.00000,0.00000,0.00000,0.00000,0.00000,0.00000,0.17681,0.00304,0.00000,0.04829,0.00000,0.00000,0.00104,1.00000,0.01760,0.00000,0.00805,0.00718,0.00000,0.00000,0.01459,0.00000,0.00000,0.05684,0.00000,0.00000,0.00000,0.02252,0.00000,0.01096,0.00000,0.01271,0.00000,0.01336,0.00000,0.00000,0.00130,0.00463,0.00290,0.00987,0.00082,0.01914,0.00000,0.00000,0.06393,0.03606,0.01052,0.00000,0.00206,0.01328,0.06758,0.03521,0.00000,0.00981,0.00548,0.00000,0.00853,0.00380,0.03882,0.00000,0.00000,0.01239,0.00000,0.02601,0.08092,0.03099,0.04430,0.01400,0.02773,0.00000,0.00196,0.06916,0.00000,0.00253,0.01588,0.14752,0.00326,0.00000,0.00000,0.00374,0.11472,0.03428,0.06136,0.03009,0.07004,0.00000,0.00000,0.00000,0.01264,0.00000,0.01624,0.00000,0.00000,0.00000,0.00000,0.00000,0.00000,0.00645,0.00425,0.00000,0.00000,0.00000,0.00000,0.00000,0.00000,0.00000,0.00000,0.00000,0.00000,0.00000,0.00000,0.00000,0.00000,0.00000,0.00000,0.00108,0.06132,0.00000,0.00000,0.00000,0.00000,0.00000,0.00000,0.00000,0.00000,0.00266,0.00506,0.00000,0.00000,0.00000,0.00000,0.00000,0.00000,0.00000,0.00000,0.00000,0.00000,0.00000,0.00000,0.00000,0.00000,0.00000,0.00000,0.00000,0.00000,0.00000,0.00000,0.00000,0.00000,0.00000,0.00000,0.00000,0.00000,0.00000,0.00000,0.00000,0.00000,0.00000,0.00000,0.00000,0.00000,0.00000,0.00000,0.00000,0.00000,0.00488,0.00300,0.00000,0.00000,0.00000,0.00000,0.00000,0.00000,0.00000,0.00000,0.00000,0.00000,0.00079,0.00461,0.00000,0.00000,0.00000,0.00000,0.00000,0.00000,0.00000,0.00000,0.00000,0.00000,0.00000,0.00000,0.00000,0.00000,0.00000,0.00000,0.00000,0.00000,0.00000,0.00000,0.00000,0.00000,0.00000,0.04812,0.05931,0.00274,0.00000,0.06437,0.05917
JO-EV2_L,0.12173,0.11637,0.00000,0.13557,0.12398,0.12329,0.12684,0.12090,0.12518,0.12944,0.12315,0.12111,0.13256,0.12053,0.12434,0.12175,0.11735,0.13128,0.11331,0.12744,0.13938,0.12095,0.12358,0.12607,0.12311,0.12839,0.12967,0.12291,0.12824,0.12049,0.12409,0.13318,0.12910,0.11923,0.12919,0.12717,0.12816,0.12742,0.13916,0.11476,0.12063,0.13347,0.12134,0.12797,0.12057,0.11527,0.00000,0.00000,0.12378,0.12536,0.12401,0.10852,0.13473,0.12263,0.12378,0.11825,0.13642,0.11867,0.11842,0.13429,0.11784,0.14059,0.12188,0.13253,0.12229,0.13508,0.10612,0.13102,0.12066,0.12553,0.11946,0.11736,0.11847,0.13303,0.12064,0.13564,0.11489,0.13166,0.12657,0.14008,0.12628,0.12239,0.00000,0.12680,0.12717,0.11920,0.13750,0.00000,0.00000,0.00000,0.00000,0.00000,0.02060,0.68394,0.00000,0.00000,0.00000,0.00000,0.00000,0.00000,0.00000,0.00000,0.00000,0.00000,0.19541,0.03350,0.19149,0.68394,0.00000,0.00000,0.00000,0.37306,0.00000,0.48071,0.00000,0.00000,0.00000,0.00000,0.00000,0.00000,0.14514,0.00000,0.15417,0.10475,0.00000,0.00000,0.00000,0.01760,1.00000,0.00000,0.35087,0.00000,0.00000,0.00000,0.70957,0.00000,0.00000,0.06309,0.00000,0.00000,0.00000,0.00000,0.00000,0.00000,0.00000,0.34065,0.00000,0.09818,0.00000,0.15390,0.00000,0.00000,0.00000,0.00000,0.00134,0.02937,0.00000,0.06331,0.08090,0.03821,0.00000,0.03532,0.00000,0.00000,0.00910,0.03361,0.00000,0.09927,0.01274,0.02137,0.02028,0.09578,0.00341,0.13386,0.00000,0.09202,0.00000,0.00256,0.08825,0.00877,0.08021,0.00000,0.10346,0.09085,0.02379,0.03154,0.12753,0.00000,0.06890,0.03726,0.11007,0.00334,0.05443,0.00243,0.07197,0.00930,0.06825,0.08822,0.09217,0.00000,0.00000,0.00000,0.00000,0.00000,0.01644,0.00000,0.00000,0.00000,0.00000,0.00000,0.00000,0.00000,0.00000,0.00000,0.00000,0.00000,0.00000,0.00000,0.00000,0.00000,0.00000,0.00000,0.03362,0.00000,0.00000,0.00000,0.00000,0.00000,0.00000,0.00000,0.10698,0.00000,0.00000,0.00000,0.00000,0.00000,0.00000,0.00000,0.00000,0.03029,0.03701,0.00000,0.00000,0.00000,0.00000,0.00000,0.00000,0.00000,0.00000,0.00000,0.00000,0.00000,0.00000,0.00000,0.00000,0.00000,0.00000,0.00000,0.00000,0.00000,0.00000,0.00000,0.00000,0.00000,0.00000,0.00000,0.00000,0.00000,0.00000,0.00000,0.00000,0.00000,0.00000,0.00000,0.00000,0.00000,0.00000,0.00000,0.00000,0.03175,0.02931,0.00000,0.00000,0.00000,0.00000,0.00000,0.00000,0.00000,0.00000,0.00000,0.00000,0.00000,0.02250,0.00000,0.00000,0.00000,0.00000,0.00000,0.00000,0.00000,0.00000,0.00000,0.00000,0.00000,0.00000,0.00000,0.00000,0.00000,0.00000,0.00000,0.00000,0.00000,0.00000,0.00000,0.00141,0.00000,0.11214,0.11766,0.00000,0.00000,0.10950,0.11549
JO-EV2_R,0.09001,0.06718,0.00000,0.07476,0.11316,0.09048,0.08106,0.10079,0.08959,0.10051,0.08401,0.09466,0.09527,0.10380,0.10708,0.08501,0.09264,0.10298,0.09730,0.10218,0.09651,0.09411,0.09718,0.08674,0.09553,0.07685,0.10269,0.09208,0.07203,0.07252,0.10294,0.10467,0.09050,0.10348,0.08565,0.06478,0.09179,0.08313,0.07990,0.10954,0.10536,0.08910,0.11051,0.08243,0.09050,0.10235,0.00000,0.00000,0.08734,0.08946,0.08415,0.09258,0.10960,0.09493,0.09320,0.07529,0.08730,0.07924,0.08458,0.08218,0.08039,0.11883,0.08522,0.10876,0.07793,0.07578,0.08530,0.08605,0.08819,0.08755,0.08789,0.09099,0.09146,0.06947,0.08544,0.10431,0.08327,0.08115,0.09325,0.08719,0.08585,0.11124,0.00000,0.11054,0.10703,0.09376,0.10991,0.00000,0.00000,0.00000,0.00000,0.00000,0.00000,0.00000,0.00000,0.00000,0.00000,0.00000,0.00000,0.00000,0.63527,0.00000,0.00000,0.00000,0.00000,0.12621,0.00000,0.00000,0.67313,0.00000,0.14958,0.00000,0.00000,0.07885,0.00000,0.00000,0.00000,0.00000,0.00000,0.00000,0.00000,0.62463,0.03793,0.14433,0.07966,0.00000,0.02129,0.00000,0.00000,1.00000,0.00000,0.69318,0.00000,0.63105,0.00000,0.85603,0.00000,0.13829,0.00000,0.00000,0.00000,0.00000,0.00000,0.00000,0.03350,0.00000,0.07609,0.01288,0.17627,0.01634,0.00000,0.01008,0.00000,0.00645,0.00000,0.01177,0.01606,0.00436,0.13650,0.02820,0.00983,0.00000,0.00000,0.00413,0.03918,0.00752,0.23869,0.00458,0.01610,0.00381,0.10121,0.02528,0.09996,0.05920,0.13330,0.01801,0.00000,0.05300,0.00000,0.06473,0.00061,0.07971,0.01302,0.10292,0.13821,0.31350,0.01181,0.14746,0.01059,0.24237,0.13686,0.06330,0.01476,0.02792,0.00299,0.03321,0.00000,0.07185,0.17417,0.00000,0.00000,0.00000,0.00000,0.00000,0.39332,0.00000,0.00000,0.00000,0.00000,0.00000,0.13882,0.00000,0.00793,0.00000,0.00000,0.00000,0.00000,0.00000,0.00000,0.00000,0.00000,0.00000,0.00000,0.00000,0.00000,0.00000,0.00000,0.00000,0.00000,0.00000,0.07837,0.00000,0.00000,0.00000,0.00000,0.00000,0.00000,0.00000,0.00000,0.00000,0.00000,0.00000,0.00000,0.00000,0.00000,0.00000,0.00000,0.00000,0.00000,0.00000,0.00000,0.00000,0.00000,0.00000,0.00000,0.00000,0.00000,0.00000,0.00000,0.00000,0.00000,0.00000,0.00000,0.00000,0.00000,0.00000,0.00000,0.00000,0.00000,0.00000,0.00000,0.00000,0.00000,0.00000,0.00000,0.00000,0.00000,0.00000,0.00000,0.00000,0.00000,0.00000,0.00000,0.00000,0.00000,0.00000,0.00000,0.00000,0.00000,0.00000,0.00000,0.00000,0.00000,0.00000,0.00000,0.00000,0.00000,0.00000,0.00000,0.00000,0.00000,0.00000,0.00000,0.00000,0.00000,0.00000,0.00000,0.00000,0.00000,0.00000,0.00000,0.00000,0.00000,0.00000,0.00000,0.00000,0.07350,0.07588,0.00512,0.00689,0.09239,0.06260
JO-EV3_L,0.07523,0.07649,0.00000,0.08203,0.07523,0.07600,0.07514,0.07525,0.08156,0.07939,0.07702,0.08131,0.08998,0.08060,0.08073,0.06965,0.07426,0.07927,0.07068,0.07506,0.08012,0.07141,0.08383,0.07992,0.07902,0.07832,0.07336,0.07599,0.06937,0.08182,0.07946,0.08124,0.07895,0.07158,0.07945,0.07452,0.07877,0.08244,0.07586,0.07545,0.07463,0.07553,0.08599,0.07639,0.08023,0.07091,0.00000,0.00000,0.07748,0.08238,0.07500,0.07317,0.07660,0.07869,0.07393,0.07418,0.08301,0.07564,0.07160,0.07303,0.07925,0.08141,0.07986,0.07604,0.07375,0.07354,0.07078,0.07732,0.07710,0.07718,0.08608,0.07689,0.07325,0.07432,0.07158,0.07561,0.07194,0.08280,0.07524,0.08014,0.08045,0.07811,0.00000,0.07697,0.08247,0.07292,0.07650,0.44735,0.00000,0.00000,0.00000,0.00000,0.00000,0.11920,0.00000,0.00000,0.00000,0.00000,0.00000,0.00000,0.00000,0.00000,0.00000,0.00000,0.08940,0.01533,0.02696,0.11920,0.00000,0.00000,0.00000,0.19506,0.00000,0.25135,0.00000,0.00000,0.00000,0.00000,0.00000,0.00000,0.58468,0.00000,0.18809,0.04793,0.00000,0.00000,0.00685,0.00805,0.35087,0.00000,1.00000,0.07709,0.00000,0.00000,0.52457,0.00000,0.00000,0.02886,0.00000,0.00000,0.22516,0.00000,0.23045,0.00000,0.36875,0.17811,0.07722,0.01711,0.01040,0.02572,0.01639,0.00000,0.01152,0.00000,0.04005,0.00247,0.00664,0.00000,0.06244,0.01998,0.00000,0.01005,0.01092,0.00488,0.00555,0.00958,0.00000,0.02487,0.00000,0.00966,0.02766,0.02136,0.03610,0.03825,0.06492,0.04739,0.00000,0.00000,0.01177,0.00000,0.01423,0.00412,0.02055,0.10894,0.05697,0.02089,0.06553,0.00418,0.01501,0.03288,0.05098,0.01834,0.00984,0.00223,0.01798,0.00000,0.01313,0.15884,0.02924,0.00000,0.00000,0.00000,0.00000,0.45726,0.02543,0.00000,0.00000,0.00000,0.00000,0.00000,0.23882,0.00000,0.06181,0.00000,0.00000,0.00000,0.00000,0.00000,0.00000,0.00000,0.00000,0.00000,0.00000,0.00000,0.00000,0.00000,0.00000,0.00000,0.00000,0.01075,0.06674,0.00400,0.00230,0.00000,0.00000,0.00000,0.00000,0.00000,0.00000,0.00000,0.00000,0.00000,0.00000,0.00000,0.00000,0.00000,0.00000,0.00560,0.00353,0.00000,0.00000,0.00581,0.00201,0.00000,0.00000,0.00000,0.00000,0.00142,0.00480,0.00000,0.00000,0.00000,0.00000,0.00000,0.00000,0.00000,0.00000,0.00000,0.00000,0.00000,0.00000,0.00000,0.00000,0.00000,0.00000,0.00000,0.00000,0.00000,0.00000,0.00000,0.00000,0.00000,0.00000,0.00000,0.00000,0.00000,0.00000,0.00000,0.00000,0.00784,0.00000,0.01157,0.00000,0.00000,0.00000,0.00000,0.00000,0.00000,0.00000,0.00000,0.00000,0.00000,0.00000,0.00000,0.00000,0.00000,0.00000,0.00000,0.00000,0.00000,0.00000,0.00000,0.00000,0.00000,0.00000,0.00056,0.06756,0.06686,0.00907,0.00977,0.07004,0.06730
JO-EV3_R,0.06652,0.04725,0.00000,0.05159,0.08746,0.06503,0.05238,0.07624,0.07159,0.07070,0.05840,0.06389,0.07453,0.08149,0.08506,0.05644,0.07246,0.07652,0.07483,0.07672,0.07552,0.07165,0.07079,0.06479,0.06904,0.06072,0.08236,0.06851,0.05053,0.04981,0.08027,0.07578,0.06547,0.07444,0.06682,0.04866,0.07018,0.06235,0.05605,0.08244,0.08418,0.06458,0.08904,0.06148,0.07298,0.07371,0.00000,0.00000,0.06813,0.06205,0.05726,0.07438,0.08139,0.06698,0.06764,0.05373,0.06527,0.05985,0.05960,0.05685,0.05448,0.08937,0.06768,0.07942,0.05537,0.05149,0.06244,0.06459,0.05963,0.06084,0.06195,0.06658,0.07171,0.04776,0.05615,0.07284,0.05843,0.05652,0.06865,0.06377,0.06241,0.08323,0.00000,0.08349,0.08231,0.07831,0.08463,0.00000,0.31866,0.00000,0.13257,0.00000,0.04479,0.00000,0.00000,0.00000,0.00000,0.00000,0.00000,0.00000,0.60795,0.00000,0.30457,0.00000,0.00000,0.07873,0.00000,0.00000,0.26243,0.00000,0.04999,0.00000,0.00000,0.20805,0.00000,0.00000,0.00000,0.00000,0.00000,0.00000,0.07449,0.61899,0.02366,0.05627,0.04969,0.00000,0.00992,0.00718,0.00000,0.69318,0.07709,1.00000,0.00000,0.70668,0.01417,0.78349,0.00000,0.21345,0.00000,0.00000,0.00000,0.31866,0.00000,0.15508,0.01206,0.17988,0.04564,0.04664,0.10063,0.04368,0.00380,0.03562,0.00282,0.02977,0.00360,0.05478,0.01491,0.02688,0.08204,0.03735,0.00876,0.00000,0.01202,0.00645,0.01727,0.00620,0.09306,0.00306,0.01125,0.00269,0.04327,0.02094,0.05240,0.04442,0.09628,0.04998,0.00000,0.02690,0.00000,0.03012,0.00041,0.03385,0.01490,0.10285,0.15640,0.29216,0.03157,0.08804,0.01676,0.26679,0.08876,0.02906,0.02862,0.02364,0.00532,0.01651,0.00024,0.07708,0.15642,0.00000,0.00000,0.00000,0.00000,0.04046,0.53588,0.00000,0.00000,0.00000,0.00000,0.00000,0.19440,0.00000,0.02563,0.00000,0.00000,0.00000,0.00000,0.00000,0.00000,0.00000,0.00000,0.00000,0.00143,0.00000,0.00000,0.00000,0.00000,0.00000,0.00000,0.00000,0.06184,0.00000,0.00000,0.00000,0.00000,0.00000,0.00000,0.00000,0.00000,0.00277,0.00263,0.00000,0.00000,0.00000,0.00000,0.00000,0.00000,0.00000,0.00000,0.00000,0.00000,0.00000,0.00000,0.00000,0.00000,0.00000,0.00000,0.00000,0.00000,0.00000,0.00000,0.00000,0.00000,0.00000,0.00000,0.00000,0.00000,0.00000,0.00000,0.00000,0.00000,0.00000,0.00000,0.00000,0.00000,0.00000,0.00000,0.00000,0.00000,0.00102,0.00312,0.00000,0.00000,0.00000,0.00000,0.00000,0.00000,0.00000,0.00000,0.00000,0.00000,0.00000,0.00096,0.00000,0.00000,0.00000,0.00000,0.00000,0.00000,0.00000,0.00000,0.00000,0.00000,0.00000,0.00000,0.00000,0.00000,0.00000,0.00000,0.00000,0.00000,0.00000,0.00000,0.00000,0.00018,0.00000,0.05596,0.05618,0.00571,0.00768,0.07417,0.05321
JO-EV4_L,0.00000,0.00000,0.00000,0.00000,0.00000,0.00000,0.00000,0.00000,0.00000,0.00000,0.00000,0.00000,0.00000,0.00000,0.00000,0.00000,0.00000,0.00000,0.00000,0.00000,0.00000,0.00000,0.00000,0.00000,0.00000,0.00000,0.00000,0.00000,0.00000,0.00000,0.00000,0.00000,0.00000,0.00000,0.00000,0.00000,0.00000,0.00000,0.00000,0.00000,0.00000,0.00000,0.00000,0.00000,0.00000,0.00000,0.00000,0.00000,0.00000,0.00000,0.00000,0.00000,0.00000,0.00000,0.00000,0.00000,0.00000,0.00000,0.00000,0.00000,0.00000,0.00000,0.00000,0.00000,0.00000,0.00000,0.00000,0.00000,0.00000,0.00000,0.00000,0.00000,0.00000,0.00000,0.00000,0.00000,0.00000,0.00000,0.00000,0.00000,0.00000,0.00000,0.00000,0.00000,0.00000,0.00000,0.00000,0.00000,0.00000,0.00000,0.00000,0.00000,0.00000,0.00000,0.00000,0.00000,0.00000,0.00000,0.00000,0.00000,0.00000,0.00000,0.00000,0.00000,0.00000,0.00000,0.00000,0.00000,0.00000,0.00000,0.00000,0.00000,0.00000,0.00000,0.00000,0.00000,0.00000,0.00000,0.00000,0.00000,0.00000,0.00000,0.00000,0.00000,0.00000,0.00000,0.00000,0.00000,0.00000,0.00000,0.00000,0.00000,0.00000,0.00000,0.00000,0.00000,0.00000,0.00000,0.00000,0.00000,0.00000,0.00000,0.00000,0.00000,0.00000,0.00000,0.00000,0.00000,0.00000,0.00000,0.00000,0.00000,0.00000,0.00000,0.00000,0.00000,0.00000,0.00000,0.00000,0.00000,0.00000,0.00000,0.00000,0.00000,0.00000,0.00000,0.00000,0.00000,0.00000,0.00000,0.00000,0.00000,0.00000,0.00000,0.00000,0.00000,0.00000,0.00000,0.00000,0.00000,0.00000,0.00000,0.00000,0.00000,0.00000,0.00000,0.00000,0.00000,0.00000,0.00000,0.00000,0.00000,0.00000,0.00000,0.00000,0.00000,0.00000,0.00000,0.00000,0.00000,0.00000,0.00000,0.00000,0.00000,0.00000,0.00000,0.00000,0.00000,0.00000,0.00000,0.00000,0.00000,0.00000,0.00000,0.00000,0.00000,0.00000,0.00000,0.00000,0.00000,0.00000,0.00000,0.00000,0.00000,0.00000,0.00000,0.00000,0.00000,0.00000,0.00000,0.00000,0.00000,0.00000,0.00000,0.00000,0.00000,0.00000,0.00000,0.00000,0.00000,0.00000,0.00000,0.00000,0.00000,0.00000,0.00000,0.00000,0.00000,0.00000,0.00000,0.00000,0.00000,0.00000,0.00000,0.00000,0.00000,0.00000,0.00000,0.00000,0.00000,0.00000,0.00000,0.00000,0.00000,0.00000,0.00000,0.00000,0.00000,0.00000,0.00000,0.00000,0.00000,0.00000,0.00000,0.00000,0.00000,0.00000,0.00000,0.00000,0.00000,0.00000,0.00000,0.00000,0.00000,0.00000,0.00000,0.00000,0.00000,0.00000,0.00000,0.00000,0.00000,0.00000,0.00000,0.00000,0.00000,0.00000,0.00000,0.00000,0.00000,0.00000,0.00000,0.00000,0.00000,0.00000,0.00000,0.00000,0.00000,0.00000,0.00000,0.00000,0.00000,0.00000,0.00000,0.00000,0.00000,0.00000,0.00000,0.00000,0.00000,0.00000,0.00000
JO-EV4_R,0.03522,0.01518,0.00000,0.01739,0.05419,0.02863,0.01162,0.03730,0.03421,0.03330,0.02620,0.02156,0.04295,0.04882,0.05254,0.02290,0.03934,0.04376,0.04639,0.04369,0.03536,0.04271,0.03826,0.02695,0.03185,0.03463,0.05638,0.03341,0.01274,0.01567,0.04920,0.04301,0.03386,0.03651,0.03115,0.01687,0.02702,0.02701,0.02290,0.04764,0.05176,0.03036,0.05784,0.03371,0.04487,0.04666,0.00000,0.00000,0.03781,0.02623,0.02691,0.04470,0.04515,0.03292,0.02852,0.01989,0.03691,0.02909,0.02424,0.02770,0.02071,0.05106,0.03483,0.04768,0.01860,0.01801,0.02896,0.03661,0.02272,0.03011,0.01948,0.03148,0.04427,0.01550,0.02092,0.03697,0.02345,0.02577,0.03523,0.03343,0.02434,0.04625,0.00000,0.04871,0.05390,0.04839,0.05343,0.00000,0.00000,0.00000,0.00000,0.00000,0.00000,0.00000,0.00000,0.00000,0.00000,0.00000,0.00000,0.00000,0.93228,0.00000,0.00000,0.00000,0.00000,0.00000,0.00000,0.00000,0.00000,0.00000,0.00000,0.00000,0.00000,0.00000,0.00000,0.00000,0.00000,0.00000,0.00000,0.00000,0.00000,0.68746,0.00000,0.00000,0.00000,0.00000,0.00000,0.00000,0.00000,0.63105,0.00000,0.70668,0.00000,1.00000,0.00000,0.79921,0.00000,0.19957,0.00000,0.00000,0.00000,0.00000,0.00000,0.00000,0.00000,0.00000,0.00000,0.01531,0.00000,0.00000,0.00000,0.01369,0.00000,0.00876,0.00000,0.00829,0.02545,0.00000,0.02704,0.00000,0.00000,0.00000,0.00000,0.00000,0.00000,0.00715,0.00000,0.00000,0.00000,0.00000,0.00000,0.00000,0.00000,0.00000,0.00000,0.00000,0.00000,0.00000,0.00000,0.00000,0.00000,0.00000,0.00000,0.07424,0.06905,0.27299,0.00000,0.00841,0.00000,0.19885,0.00000,0.00000,0.01651,0.00000,0.00000,0.00000,0.00000,0.03096,0.09434,0.00000,0.00000,0.00000,0.00000,0.00000,0.57681,0.00000,0.00000,0.00000,0.00000,0.00000,0.14142,0.00000,0.00000,0.00000,0.00000,0.00000,0.00000,0.00000,0.00000,0.00000,0.00000,0.00000,0.00000,0.00000,0.00000,0.00000,0.00000,0.00000,0.00000,0.00000,0.03271,0.00000,0.00000,0.00000,0.00000,0.00000,0.00000,0.00000,0.00000,0.00000,0.00000,0.00000,0.00000,0.00000,0.00000,0.00000,0.00000,0.00000,0.00000,0.00000,0.00000,0.00000,0.00000,0.00000,0.00000,0.00000,0.00000,0.00000,0.00000,0.00000,0.00000,0.00000,0.00000,0.00000,0.00000,0.00000,0.00000,0.00000,0.00000,0.00000,0.00000,0.00000,0.00000,0.00000,0.00000,0.00000,0.00000,0.00000,0.00000,0.00000,0.00000,0.00000,0.00000,0.00000,0.00000,0.00000,0.00000,0.00000,0.00000,0.00000,0.00000,0.00000,0.00000,0.00000,0.00000,0.00000,0.00000,0.00000,0.00000,0.00000,0.00000,0.00000,0.00000,0.00000,0.00000,0.00000,0.00000,0.00000,0.00000,0.00000,0.00000,0.00000,0.00000,0.00000,0.00000,0.00000,0.02601,0.03024,0.00000,0.00000,0.05082,0.02111
JO-EV5_L,0.08594,0.08479,0.00000,0.09881,0.08814,0.08773,0.08190,0.08869,0.09915,0.09030,0.07838,0.08293,0.10260,0.09368,0.08585,0.08074,0.08684,0.08418,0.07020,0.08396,0.09589,0.08639,0.09106,0.08986,0.08934,0.08800,0.07982,0.08468,0.07641,0.09160,0.08365,0.09646,0.08999,0.08439,0.09897,0.08988,0.09325,0.09033,0.08872,0.07540,0.07856,0.08691,0.10068,0.08873,0.09193,0.07953,0.00000,0.00000,0.08058,0.09224,0.07933,0.07984,0.09490,0.09036,0.08058,0.08405,0.10340,0.08678,0.06813,0.08361,0.09091,0.09917,0.08290,0.08810,0.08650,0.09240,0.07624,0.08723,0.09616,0.08057,0.10338,0.08389,0.07813,0.08407,0.07577,0.08416,0.07708,0.10227,0.08679,0.09065,0.09240,0.09074,0.00000,0.08859,0.09690,0.07544,0.09358,0.00000,0.00000,0.00000,0.00000,0.00000,0.00000,0.32397,0.00000,0.00000,0.00000,0.00000,0.00000,0.00000,0.00000,0.00000,0.00000,0.00000,0.16198,0.02777,0.04884,0.32397,0.00000,0.00000,0.00000,0.35342,0.00000,0.45540,0.00000,0.00000,0.00000,0.00000,0.00000,0.00000,0.26979,0.00000,0.47468,0.08683,0.00000,0.00000,0.00000,0.01459,0.70957,0.00000,0.52457,0.01417,0.00000,0.00000,1.00000,0.00000,0.00000,0.05229,0.00000,0.00000,0.00000,0.00000,0.00000,0.00000,0.00165,0.32272,0.05258,0.05736,0.02828,0.07689,0.00781,0.01386,0.00290,0.01065,0.07207,0.01903,0.00601,0.00746,0.16515,0.06033,0.00473,0.00911,0.00000,0.00442,0.01732,0.01833,0.00000,0.05780,0.00282,0.01059,0.06132,0.05634,0.06918,0.09730,0.16173,0.05416,0.00000,0.00000,0.03358,0.00000,0.03476,0.00373,0.04787,0.26151,0.12597,0.03984,0.05204,0.00379,0.03943,0.02942,0.04489,0.00369,0.02451,0.00000,0.03498,0.00000,0.02650,0.20644,0.02416,0.00000,0.00000,0.00000,0.00000,0.06649,0.03504,0.00000,0.00000,0.00000,0.00000,0.05013,0.07636,0.00000,0.02291,0.00000,0.00000,0.00000,0.00000,0.00000,0.00000,0.00000,0.00000,0.00000,0.00000,0.00000,0.00000,0.00000,0.00000,0.00000,0.00000,0.00000,0.08062,0.00181,0.00104,0.00000,0.00000,0.00000,0.00000,0.00000,0.00000,0.00159,0.00000,0.00000,0.00000,0.00000,0.00000,0.00000,0.01020,0.00127,0.00080,0.00343,0.00172,0.00066,0.00091,0.00000,0.00000,0.00000,0.00000,0.00064,0.00145,0.00000,0.00000,0.00000,0.00000,0.00000,0.00000,0.00000,0.00000,0.00000,0.00000,0.00000,0.00000,0.00000,0.00000,0.00000,0.00000,0.00000,0.00000,0.00000,0.00000,0.00000,0.00000,0.00000,0.00000,0.00000,0.00000,0.00000,0.00000,0.00000,0.00381,0.00000,0.00000,0.00000,0.00000,0.00000,0.00000,0.00000,0.00000,0.00000,0.00000,0.00000,0.00000,0.00000,0.00000,0.00000,0.00000,0.00000,0.00000,0.00000,0.00000,0.00000,0.00000,0.00000,0.00000,0.00000,0.00000,0.00051,0.07479,0.08373,0.01315,0.01327,0.08526,0.08148
JO-EV5_R,0.09857,0.07425,0.00000,0.07988,0.12445,0.09634,0.08474,0.11235,0.10808,0.10408,0.08651,0.10149,0.10461,0.11878,0.12067,0.08446,0.10431,0.11338,0.10473,0.10890,0.11632,0.10175,0.10252,0.10275,0.10589,0.08516,0.11275,0.09959,0.08092,0.07948,0.11209,0.10637,0.09698,0.11210,0.09750,0.07578,0.10687,0.09409,0.08754,0.11779,0.11567,0.09404,0.12471,0.08871,0.10457,0.10317,0.00000,0.00000,0.09932,0.09442,0.08386,0.10645,0.12189,0.10049,0.10297,0.08158,0.09723,0.09186,0.09267,0.08613,0.08501,0.13096,0.09370,0.11319,0.08607,0.07819,0.09512,0.08919,0.09325,0.09067,0.09874,0.09808,0.10471,0.07182,0.08677,0.10655,0.08996,0.08476,0.10114,0.09383,0.09998,0.11755,0.00000,0.12334,0.11444,0.11458,0.12030,0.00000,0.00000,0.00000,0.00000,0.00000,0.00000,0.00000,0.00000,0.00000,0.00000,0.00000,0.00000,0.00000,0.69961,0.00000,0.00000,0.00000,0.00000,0.02756,0.00000,0.00000,0.45932,0.00000,0.04083,0.00000,0.00000,0.05380,0.00000,0.00000,0.00000,0.00000,0.00000,0.00000,0.00000,0.76419,0.00828,0.09849,0.01740,0.00000,0.00528,0.00000,0.00000,0.85603,0.00000,0.78349,0.00000,0.79921,0.00000,1.00000,0.00000,0.14828,0.00000,0.00000,0.00000,0.00000,0.00000,0.00000,0.00844,0.00000,0.05192,0.02945,0.12228,0.12487,0.00000,0.00943,0.00000,0.00604,0.00000,0.04998,0.01754,0.00000,0.13971,0.09237,0.00000,0.00000,0.00000,0.00000,0.02377,0.00492,0.16287,0.00000,0.00799,0.00000,0.07909,0.04018,0.10913,0.10772,0.09949,0.13764,0.00000,0.03617,0.00000,0.04437,0.00000,0.05439,0.02262,0.15718,0.22534,0.32575,0.03008,0.10561,0.00116,0.25961,0.09297,0.05655,0.01706,0.01905,0.01141,0.02266,0.00000,0.07110,0.25181,0.00000,0.00000,0.00000,0.00000,0.00000,0.57955,0.00000,0.00000,0.00000,0.00000,0.00000,0.14074,0.00000,0.00000,0.00000,0.00000,0.00000,0.00000,0.00000,0.00000,0.00000,0.00000,0.00000,0.00000,0.00000,0.00000,0.00000,0.00000,0.00000,0.00000,0.00000,0.08948,0.00000,0.00000,0.00000,0.00000,0.00000,0.00000,0.00000,0.00000,0.00000,0.00000,0.00000,0.00000,0.00000,0.00000,0.00000,0.00000,0.00000,0.00000,0.00000,0.00000,0.00000,0.00000,0.00000,0.00000,0.00000,0.00000,0.00000,0.00000,0.00000,0.00000,0.00000,0.00000,0.00000,0.00000,0.00000,0.00000,0.00000,0.00000,0.00000,0.00000,0.00000,0.00000,0.00000,0.00000,0.00000,0.00000,0.00000,0.00000,0.00000,0.00000,0.00000,0.00000,0.00000,0.00000,0.00000,0.00000,0.00000,0.00000,0.00000,0.00000,0.00000,0.00000,0.00000,0.00000,0.00000,0.00000,0.00000,0.00000,0.00000,0.00000,0.00000,0.00000,0.00000,0.00000,0.00000,0.00000,0.00000,0.00000,0.00000,0.00000,0.00000,0.00000,0.00000,0.00000,0.00000,0.07764,0.07602,0.00000,0.00000,0.10212,0.08095
JO-EV6_L,0.00000,0.00000,0.00000,0.00000,0.00000,0.00000,0.00000,0.00000,0.00000,0.00000,0.00000,0.00000,0.00000,0.00000,0.00000,0.00000,0.00000,0.00000,0.00000,0.00000,0.00000,0.00000,0.00000,0.00000,0.00000,0.00000,0.00000,0.00000,0.00000,0.00000,0.00000,0.00000,0.00000,0.00000,0.00000,0.00000,0.00000,0.00000,0.00000,0.00000,0.00000,0.00000,0.00000,0.00000,0.00000,0.00000,0.00000,0.00000,0.00000,0.00000,0.00000,0.00000,0.00000,0.00000,0.00000,0.00000,0.00000,0.00000,0.00000,0.00000,0.00000,0.00000,0.00000,0.00000,0.00000,0.00000,0.00000,0.00000,0.00000,0.00000,0.00000,0.00000,0.00000,0.00000,0.00000,0.00000,0.00000,0.00000,0.00000,0.00000,0.00000,0.00000,0.00000,0.00000,0.00000,0.00000,0.00000,0.00000,0.00000,0.00000,0.00000,0.00000,0.00000,0.00000,0.00000,0.00000,0.00000,0.00000,0.00000,0.00000,0.00000,0.00000,0.00000,0.00000,0.00000,0.00000,0.00000,0.00000,0.00000,0.00000,0.00000,0.00000,0.00000,0.00000,0.00000,0.00000,0.00000,0.00000,0.00000,0.00000,0.00000,0.00000,0.02969,0.00000,0.10392,0.00000,0.05302,0.00000,0.00000,0.00000,0.00000,0.00000,0.00000,0.00000,0.00000,0.00000,1.00000,0.00000,0.00000,0.00000,0.00000,0.00000,0.00000,0.00000,0.00000,0.00000,0.00000,0.00000,0.00000,0.00000,0.00000,0.00000,0.00000,0.00000,0.00000,0.00000,0.00000,0.00000,0.00000,0.00000,0.00000,0.00000,0.00000,0.00000,0.00000,0.00000,0.00000,0.00000,0.00000,0.00000,0.00000,0.00000,0.00000,0.00000,0.00000,0.00000,0.00000,0.00000,0.00000,0.00000,0.00000,0.00000,0.00000,0.00000,0.00000,0.00000,0.00000,0.00000,0.00000,0.00000,0.00000,0.00000,0.00000,0.00000,0.00000,0.00000,0.00000,0.00000,0.00000,0.00000,0.00000,0.00000,0.00000,0.00000,0.00528,0.00000,0.00000,0.00000,0.00000,0.00000,0.00000,0.00000,0.00000,0.00000,0.00000,0.00000,0.00000,0.00000,0.00000,0.00000,0.00000,0.00000,0.00000,0.00000,0.00000,0.00000,0.00000,0.00000,0.00000,0.00000,0.00000,0.00000,0.00000,0.00000,0.00000,0.00000,0.00000,0.00000,0.00000,0.00000,0.00000,0.00000,0.00000,0.00000,0.00000,0.00000,0.00000,0.00000,0.00000,0.00000,0.00000,0.00000,0.00000,0.00000,0.00000,0.00000,0.00000,0.00000,0.00000,0.00000,0.00000,0.00000,0.00000,0.00000,0.00000,0.00000,0.00000,0.00000,0.00000,0.00000,0.00000,0.00000,0.00000,0.00000,0.00000,0.00000,0.00000,0.00000,0.00000,0.00000,0.00000,0.00000,0.00000,0.00000,0.00000,0.00000,0.00000,0.00000,0.00000,0.00000,0.00000,0.00000,0.00000,0.00000,0.00000,0.00000,0.00000,0.00000,0.00000,0.00000,0.00000,0.00000,0.00000,0.00000,0.00000,0.00000,0.00000,0.00000,0.00000,0.00000,0.00000,0.00000,0.00000,0.00000,0.00000,0.00000,0.00000,0.00000,0.00000,0.00000,0.00000,0.00000
JO-EV6_R,0.04805,0.04396,0.00000,0.04794,0.05431,0.04651,0.04492,0.04905,0.04774,0.04929,0.04489,0.04587,0.04660,0.05286,0.05227,0.04665,0.05044,0.05157,0.04985,0.05091,0.05212,0.04865,0.05157,0.04944,0.04937,0.05341,0.05650,0.04622,0.04568,0.04559,0.05132,0.05224,0.04794,0.04737,0.04848,0.04907,0.04604,0.04794,0.04842,0.04845,0.05153,0.04952,0.05113,0.05070,0.05190,0.05164,0.00000,0.00000,0.05081,0.04722,0.04824,0.05167,0.05015,0.04952,0.04925,0.04629,0.05314,0.04610,0.04415,0.05024,0.04392,0.05332,0.05069,0.05360,0.04534,0.05101,0.04803,0.05372,0.04539,0.04812,0.04298,0.04881,0.05255,0.04708,0.04396,0.05553,0.04534,0.04864,0.05041,0.05101,0.04938,0.04977,0.00000,0.04984,0.05093,0.05161,0.05335,0.00000,0.26414,0.00000,0.10989,0.00000,0.03712,0.00000,0.00000,0.00000,0.00000,0.00000,0.00000,0.00000,0.21966,0.00000,0.25245,0.00000,0.32283,0.05534,0.09734,0.00000,0.00000,0.00000,0.00000,0.00000,0.00000,0.16244,0.00000,0.00000,0.00000,0.00000,0.00000,0.00000,0.00623,0.16309,0.00000,0.28004,0.00000,0.00000,0.00000,0.05684,0.06309,0.13829,0.02886,0.21345,0.00000,0.19957,0.05229,0.14828,0.00000,1.00000,0.00000,0.00000,0.00000,0.26414,0.00000,0.12855,0.00000,0.14910,0.00000,0.00393,0.00000,0.00000,0.00000,0.00352,0.00000,0.00225,0.00000,0.00274,0.00654,0.00000,0.01041,0.00273,0.00000,0.00000,0.00000,0.00000,0.00000,0.00184,0.00000,0.00000,0.00000,0.00000,0.00000,0.00000,0.00000,0.00000,0.00000,0.00000,0.00000,0.00000,0.00000,0.00000,0.00000,0.00000,0.00000,0.01287,0.01472,0.05278,0.00000,0.00000,0.00000,0.05436,0.00000,0.00000,0.00424,0.00000,0.00000,0.00000,0.00000,0.00530,0.01566,0.00000,0.00000,0.00000,0.00000,0.00000,0.08429,0.00000,0.00000,0.00000,0.00000,0.00000,0.02767,0.00000,0.00000,0.00000,0.00000,0.00000,0.00000,0.00000,0.00000,0.00000,0.00000,0.00000,0.00000,0.00000,0.00000,0.00000,0.00000,0.00000,0.00000,0.00000,0.04612,0.00000,0.00000,0.00000,0.00000,0.00000,0.00000,0.00000,0.00000,0.00000,0.00000,0.00000,0.00000,0.00000,0.00000,0.00000,0.00000,0.00000,0.00000,0.00000,0.00000,0.00000,0.00000,0.00000,0.00000,0.00000,0.00000,0.00000,0.00000,0.00000,0.00000,0.00000,0.00000,0.00000,0.00000,0.00000,0.00000,0.00000,0.00000,0.00000,0.00000,0.00000,0.00000,0.00000,0.00000,0.00000,0.00000,0.00000,0.00000,0.00000,0.00000,0.00000,0.00000,0.00000,0.00000,0.00000,0.00000,0.00000,0.00000,0.00000,0.00000,0.00000,0.00000,0.00000,0.00000,0.00000,0.00000,0.00000,0.00000,0.00000,0.00000,0.00000,0.00000,0.00000,0.00000,0.00000,0.00000,0.00000,0.00000,0.00000,0.00000,0.00000,0.00000,0.00000,0.00000,0.00000,0.04696,0.04874,0.00000,0.00000,0.04954,0.03872
JO-FD1_L,0.00000,0.00000,0.00000,0.00000,0.00000,0.00000,0.00000,0.00000,0.00000,0.00000,0.00000,0.00000,0.00000,0.00000,0.00000,0.00000,0.00000,0.00000,0.00000,0.00000,0.00000,0.00000,0.00000,0.00000,0.00000,0.00000,0.00000,0.00000,0.00000,0.00000,0.00000,0.00000,0.00000,0.00000,0.00000,0.00000,0.00000,0.00000,0.00000,0.00000,0.00000,0.00000,0.00000,0.00000,0.00000,0.00000,0.00000,0.00000,0.00000,0.00000,0.00000,0.00000,0.00000,0.00000,0.00000,0.00000,0.00000,0.00000,0.00000,0.00000,0.00000,0.00000,0.00000,0.00000,0.00000,0.00000,0.00000,0.00000,0.00000,0.00000,0.00000,0.00000,0.00000,0.00000,0.00000,0.00000,0.00000,0.00000,0.00000,0.00000,0.00000,0.00000,0.00000,0.00000,0.00000,0.00000,0.00000,0.00000,0.00000,0.00000,0.00000,0.00000,0.00000,0.00000,0.00000,0.00000,0.00000,0.00000,0.00000,0.00000,0.00000,0.00000,0.00000,0.00000,0.00000,0.00000,0.00000,0.00000,0.00000,0.00000,0.00000,0.00000,0.00000,0.00000,0.00000,0.00000,0.00000,0.00000,0.00000,0.00000,0.00000,0.00000,0.00000,0.00000,0.00000,0.00000,0.00000,0.00000,0.00000,0.00000,0.00000,0.00000,0.00000,0.00000,0.00000,0.00000,0.00000,0.00000,0.00000,0.00000,0.00000,0.00000,0.00000,0.00000,0.00000,0.00000,0.00000,0.00000,0.00000,0.00000,0.00000,0.00000,0.00000,0.00000,0.00000,0.00000,0.00000,0.00000,0.00000,0.00000,0.00000,0.00000,0.00000,0.00000,0.00000,0.00000,0.00000,0.00000,0.00000,0.00000,0.00000,0.00000,0.00000,0.00000,0.00000,0.00000,0.00000,0.00000,0.00000,0.00000,0.00000,0.00000,0.00000,0.00000,0.00000,0.00000,0.00000,0.00000,0.00000,0.00000,0.00000,0.00000,0.00000,0.00000,0.00000,0.00000,0.00000,0.00000,0.00000,0.00000,0.00000,0.00000,0.00000,0.00000,0.00000,0.00000,0.00000,0.00000,0.00000,0.00000,0.00000,0.00000,0.00000,0.00000,0.00000,0.00000,0.00000,0.00000,0.00000,0.00000,0.00000,0.00000,0.00000,0.00000,0.00000,0.00000,0.00000,0.00000,0.00000,0.00000,0.00000,0.00000,0.00000,0.00000,0.00000,0.00000,0.00000,0.00000,0.00000,0.00000,0.00000,0.00000,0.00000,0.00000,0.00000,0.00000,0.00000,0.00000,0.00000,0.00000,0.00000,0.00000,0.00000,0.00000,0.00000,0.00000,0.00000,0.00000,0.00000,0.00000,0.00000,0.00000,0.00000,0.00000,0.00000,0.00000,0.00000,0.00000,0.00000,0.00000,0.00000,0.00000,0.00000,0.00000,0.00000,0.00000,0.00000,0.00000,0.00000,0.00000,0.00000,0.00000,0.00000,0.00000,0.00000,0.00000,0.00000,0.00000,0.00000,0.00000,0.00000,0.00000,0.00000,0.00000,0.00000,0.00000,0.00000,0.00000,0.00000,0.00000,0.00000,0.00000,0.00000,0.00000,0.00000,0.00000,0.00000,0.00000,0.00000,0.00000,0.00000,0.00000,0.00000,0.00000,0.00000,0.00000,0.00000,0.00000,0.00000,0.00000,0.00000,0.00000
JO-FD1_R,0.00000,0.00000,0.00000,0.00000,0.00000,0.00000,0.00000,0.00000,0.00000,0.00000,0.00000,0.00000,0.00000,0.00000,0.00000,0.00000,0.00000,0.00000,0.00000,0.00000,0.00000,0.00000,0.00000,0.00000,0.00000,0.00000,0.00000,0.00000,0.00000,0.00000,0.00000,0.00000,0.00000,0.00000,0.00000,0.00000,0.00000,0.00000,0.00000,0.00000,0.00000,0.00000,0.00000,0.00000,0.00000,0.00000,0.00000,0.00000,0.00000,0.00000,0.00000,0.00000,0.00000,0.00000,0.00000,0.00000,0.00000,0.00000,0.00000,0.00000,0.00000,0.00000,0.00000,0.00000,0.00000,0.00000,0.00000,0.00000,0.00000,0.00000,0.00000,0.00000,0.00000,0.00000,0.00000,0.00000,0.00000,0.00000,0.00000,0.00000,0.00000,0.00000,0.00000,0.00000,0.00000,0.00000,0.00000,0.00000,0.00000,0.00000,0.00000,0.00000,0.00000,0.00000,0.00000,0.00000,0.00000,0.00000,0.00000,0.00000,0.00000,0.00000,0.00000,0.00000,0.00000,0.00000,0.00000,0.00000,0.00000,0.00000,0.00000,0.00000,0.00000,0.00000,0.00000,0.00000,0.00000,0.00000,0.00000,0.00000,0.00000,0.00000,0.00000,0.00000,0.00000,0.00000,0.00000,0.00000,0.00000,0.00000,0.00000,0.00000,0.00000,0.00000,0.00000,0.00000,0.00000,0.00000,0.00000,0.00000,0.00000,0.00000,0.00000,0.00000,0.00000,0.00000,0.00000,0.00000,0.00000,0.00000,0.00000,0.00000,0.00000,0.00000,0.00000,0.00000,0.00000,0.00000,0.00000,0.00000,0.00000,0.00000,0.00000,0.00000,0.00000,0.00000,0.00000,0.00000,0.00000,0.00000,0.00000,0.00000,0.00000,0.00000,0.00000,0.00000,0.00000,0.00000,0.00000,0.00000,0.00000,0.00000,0.00000,0.00000,0.00000,0.00000,0.00000,0.00000,0.00000,0.00000,0.00000,0.00000,0.00000,0.00000,0.00000,0.00000,0.00000,0.00000,0.00000,0.00000,0.00000,0.00000,0.00000,0.00000,0.00000,0.00000,0.00000,0.00000,0.00000,0.00000,0.00000,0.00000,0.00000,0.00000,0.00000,0.00000,0.00000,0.00000,0.00000,0.00000,0.00000,0.00000,0.00000,0.00000,0.00000,0.00000,0.00000,0.00000,0.00000,0.00000,0.00000,0.00000,0.00000,0.00000,0.00000,0.00000,0.00000,0.00000,0.00000,0.00000,0.00000,0.00000,0.00000,0.00000,0.00000,0.00000,0.00000,0.00000,0.00000,0.00000,0.00000,0.00000,0.00000,0.00000,0.00000,0.00000,0.00000,0.00000,0.00000,0.00000,0.00000,0.00000,0.00000,0.00000,0.00000,0.00000,0.00000,0.00000,0.00000,0.00000,0.00000,0.00000,0.00000,0.00000,0.00000,0.00000,0.00000,0.00000,0.00000,0.00000,0.00000,0.00000,0.00000,0.00000,0.00000,0.00000,0.00000,0.00000,0.00000,0.00000,0.00000,0.00000,0.00000,0.00000,0.00000,0.00000,0.00000,0.00000,0.00000,0.00000,0.00000,0.00000,0.00000,0.00000,0.00000,0.00000,0.00000,0.00000,0.00000,0.00000,0.00000,0.00000,0.00000,0.00000,0.00000,0.00000,0.00000,0.00000,0.00000,0.00000,0.00000,0.00000
JO-FD2_L,0.09132,0.10264,0.00000,0.09998,0.09252,0.09840,0.10097,0.08927,0.09775,0.10135,0.11015,0.12051,0.11135,0.10262,0.10614,0.09954,0.09664,0.10105,0.10163,0.09495,0.09593,0.10135,0.10471,0.10481,0.09693,0.10036,0.09627,0.10606,0.08805,0.10068,0.09826,0.09778,0.09296,0.09964,0.09016,0.07985,0.09228,0.09221,0.09952,0.11166,0.10881,0.08786,0.08998,0.10378,0.10265,0.08813,0.00000,0.00000,0.09286,0.09372,0.10183,0.09628,0.09185,0.09602,0.10833,0.09600,0.09749,0.10182,0.09981,0.09392,0.11433,0.09799,0.10504,0.09923,0.10013,0.09107,0.10700,0.09285,0.09691,0.10409,0.09927,0.10114,0.10792,0.09436,0.09970,0.09022,0.09655,0.09749,0.10846,0.09822,0.08911,0.10792,0.00000,0.09969,0.09714,0.09542,0.09121,0.25660,0.00000,0.00000,0.00000,0.00000,0.00000,0.00000,0.00000,0.00000,0.00000,0.00000,0.00000,0.00000,0.00000,0.00000,0.00000,0.00000,0.00000,0.00000,0.00000,0.00000,0.00000,0.00000,0.00000,0.00000,0.00000,0.00000,0.00000,0.00000,0.00000,0.00000,0.00000,0.00000,0.00000,0.00000,0.00000,0.00000,0.00000,0.00000,0.01022,0.00000,0.00000,0.00000,0.22516,0.00000,0.00000,0.00000,0.00000,0.00000,0.00000,0.00000,0.00000,0.00000,1.00000,0.00000,0.41520,0.00000,0.42539,0.00000,0.00000,0.00000,0.00000,0.00000,0.00000,0.00000,0.00000,0.00000,0.00000,0.00000,0.00000,0.00000,0.00000,0.00000,0.00000,0.00000,0.07122,0.00000,0.00000,0.00000,0.00000,0.00000,0.00000,0.00000,0.00950,0.00000,0.05435,0.00000,0.00000,0.00000,0.00000,0.00000,0.00000,0.00000,0.00000,0.00000,0.00000,0.00000,0.00000,0.01435,0.00000,0.00000,0.00000,0.00000,0.00000,0.00000,0.00000,0.00000,0.00000,0.00000,0.00000,0.05618,0.00000,0.00000,0.00000,0.00000,0.00000,0.00000,0.00000,0.00000,0.00000,0.00000,0.00000,0.00000,0.00000,0.00000,0.00000,0.00000,0.00000,0.00000,0.00000,0.00000,0.00000,0.00000,0.00000,0.00000,0.00000,0.00000,0.00000,0.00000,0.00000,0.00000,0.00000,0.07014,0.03871,0.02608,0.01502,0.00000,0.00000,0.00000,0.00000,0.00000,0.00000,0.00000,0.00000,0.00000,0.00000,0.00000,0.00000,0.00000,0.00000,0.03655,0.02305,0.00000,0.00000,0.03788,0.01313,0.00000,0.00000,0.00000,0.00000,0.00924,0.03132,0.00000,0.00000,0.00000,0.00000,0.00000,0.00000,0.00000,0.00000,0.00000,0.00000,0.00000,0.00000,0.00000,0.00000,0.00000,0.00000,0.00000,0.00000,0.00000,0.00000,0.00000,0.00000,0.00000,0.00000,0.00000,0.00000,0.00000,0.00000,0.00000,0.00000,0.05117,0.00000,0.07550,0.00000,0.00000,0.00000,0.00000,0.00000,0.00000,0.00000,0.00000,0.00000,0.00000,0.00000,0.00000,0.00000,0.00000,0.00000,0.00000,0.00000,0.00000,0.00000,0.00000,0.00000,0.00000,0.00000,0.00000,0.07915,0.06415,0.00000,0.00000,0.08470,0.07387
JO-FD2_R,0.00000,0.00000,0.00000,0.00000,0.00000,0.00000,0.00000,0.00000,0.00000,0.00000,0.00000,0.00000,0.00000,0.00000,0.00000,0.00000,0.00000,0.00000,0.00000,0.00000,0.00000,0.00000,0.00000,0.00000,0.00000,0.00000,0.00000,0.00000,0.00000,0.00000,0.00000,0.00000,0.00000,0.00000,0.00000,0.00000,0.00000,0.00000,0.00000,0.00000,0.00000,0.00000,0.00000,0.00000,0.00000,0.00000,0.00000,0.00000,0.00000,0.00000,0.00000,0.00000,0.00000,0.00000,0.00000,0.00000,0.00000,0.00000,0.00000,0.00000,0.00000,0.00000,0.00000,0.00000,0.00000,0.00000,0.00000,0.00000,0.00000,0.00000,0.00000,0.00000,0.00000,0.00000,0.00000,0.00000,0.00000,0.00000,0.00000,0.00000,0.00000,0.00000,0.00000,0.00000,0.00000,0.00000,0.00000,0.00000,1.00000,0.00000,0.41603,0.00000,0.14055,0.00000,0.00000,0.00000,0.00000,0.00000,0.00000,0.00000,0.00000,0.00000,0.95578,0.00000,0.00000,0.00000,0.00000,0.00000,0.00000,0.00000,0.00000,0.00000,0.00000,0.55642,0.00000,0.00000,0.00000,0.00000,0.00000,0.00000,0.00000,0.00000,0.00000,0.00000,0.00000,0.00000,0.00000,0.02252,0.00000,0.00000,0.00000,0.31866,0.00000,0.00000,0.00000,0.00000,0.00000,0.26414,0.00000,0.00000,0.00000,1.00000,0.00000,0.48666,0.00000,0.56448,0.00000,0.00000,0.00000,0.00000,0.00000,0.00000,0.00000,0.00000,0.00000,0.00000,0.00000,0.00000,0.00000,0.00000,0.00000,0.00000,0.00000,0.00000,0.00000,0.00000,0.00000,0.00000,0.00000,0.00000,0.00000,0.00000,0.00000,0.00000,0.00000,0.00000,0.00000,0.00000,0.00000,0.00000,0.00000,0.00000,0.00000,0.00000,0.00000,0.00000,0.00000,0.00000,0.00000,0.00000,0.00000,0.00000,0.00000,0.00000,0.00000,0.00000,0.00000,0.00000,0.00000,0.00000,0.00000,0.00000,0.00000,0.00000,0.00000,0.00000,0.00000,0.00000,0.00000,0.00000,0.00000,0.00000,0.00000,0.00000,0.00000,0.00000,0.00000,0.00000,0.00000,0.00000,0.00000,0.00000,0.00000,0.00000,0.00000,0.00000,0.00000,0.00000,0.00000,0.00000,0.00000,0.00000,0.00000,0.00000,0.00000,0.00000,0.00000,0.00000,0.00000,0.00000,0.00000,0.00000,0.00000,0.00000,0.00000,0.00000,0.00000,0.00000,0.00000,0.00000,0.00000,0.00000,0.00000,0.00000,0.00000,0.00000,0.00000,0.00000,0.00000,0.00000,0.00000,0.00000,0.00000,0.00000,0.00000,0.00000,0.00000,0.00000,0.00000,0.00000,0.00000,0.00000,0.00000,0.00000,0.00000,0.00000,0.00000,0.00000,0.00000,0.00000,0.00000,0.00000,0.00000,0.00000,0.00000,0.00000,0.00000,0.00000,0.00000,0.00000,0.00000,0.00000,0.00000,0.00000,0.00000,0.00000,0.00000,0.00000,0.00000,0.00000,0.00000,0.00000,0.00000,0.00000,0.00000,0.00000,0.00000,0.00000,0.00000,0.00000,0.00000,0.00000,0.00000,0.00000,0.00000,0.00000,0.00000,0.00000,0.00000,0.00000,0.00000,0.00000
JO-FV_L,0.14338,0.15342,0.00000,0.15266,0.15246,0.15845,0.14734,0.15357,0.15528,0.16306,0.17144,0.16817,0.16599,0.16263,0.17335,0.15854,0.15584,0.16395,0.16513,0.16073,0.15490,0.16250,0.15593,0.16209,0.14894,0.16724,0.15738,0.17269,0.15698,0.14992,0.15633,0.16123,0.15007,0.16539,0.14871,0.13681,0.15086,0.15281,0.16619,0.17205,0.17172,0.14583,0.16370,0.16092,0.16233,0.14632,0.00000,0.00000,0.15508,0.15561,0.16195,0.15597,0.16026,0.15733,0.17109,0.15090,0.14294,0.16532,0.16206,0.15686,0.16836,0.15383,0.16324,0.16014,0.15905,0.15355,0.16103,0.15324,0.16147,0.16080,0.16299,0.15825,0.17627,0.14885,0.16265,0.15219,0.15463,0.15324,0.16780,0.15672,0.15218,0.16984,0.00000,0.16248,0.15882,0.15847,0.14591,0.40452,0.00000,0.00000,0.00000,0.00000,0.00000,0.00000,0.00000,0.00000,0.00000,0.00000,0.00000,0.00000,0.00000,0.00000,0.00000,0.00000,0.00000,0.00000,0.00000,0.00000,0.00000,0.00000,0.00000,0.00000,0.00000,0.00000,0.00000,0.00000,0.00000,0.00000,0.00000,0.00000,0.00000,0.00000,0.00000,0.00000,0.00000,0.00000,0.00060,0.00000,0.00000,0.00000,0.23045,0.00000,0.00000,0.00000,0.00000,0.00000,0.00000,0.00000,0.00000,0.00000,0.41520,0.00000,1.00000,0.00000,0.61756,0.00000,0.00316,0.00000,0.00000,0.00000,0.00000,0.00000,0.00000,0.00000,0.00949,0.00000,0.00083,0.00000,0.00000,0.00242,0.06064,0.00000,0.19308,0.00850,0.01692,0.01252,0.00000,0.01789,0.00000,0.01252,0.01489,0.01559,0.08644,0.00769,0.01927,0.00381,0.03888,0.00000,0.01153,0.00000,0.01258,0.00000,0.01369,0.00275,0.00302,0.01292,0.00000,0.00000,0.00425,0.01166,0.00000,0.00000,0.00000,0.00043,0.01405,0.00183,0.00588,0.12948,0.01329,0.00000,0.00000,0.00000,0.00000,0.00000,0.00000,0.00000,0.00000,0.00000,0.00000,0.00000,0.00000,0.00000,0.00000,0.00000,0.00000,0.00000,0.00000,0.00000,0.00000,0.00000,0.00000,0.00000,0.00992,0.00000,0.00000,0.00000,0.00000,0.00000,0.00000,0.04680,0.11107,0.01740,0.01253,0.00000,0.00000,0.00000,0.00000,0.00000,0.00000,0.01532,0.01092,0.00000,0.00000,0.00000,0.00000,0.00000,0.00000,0.02591,0.01538,0.00000,0.00000,0.02528,0.00876,0.00000,0.00000,0.00000,0.00000,0.00616,0.02090,0.00000,0.00000,0.00000,0.00000,0.00000,0.00000,0.00000,0.00000,0.00646,0.00459,0.00000,0.00000,0.00000,0.00000,0.00588,0.00000,0.00000,0.00000,0.00000,0.00000,0.00703,0.00432,0.00000,0.00000,0.00000,0.00000,0.00000,0.00000,0.00000,0.00000,0.03415,0.00000,0.05038,0.00000,0.00000,0.00000,0.00000,0.00000,0.00000,0.00000,0.00000,0.00000,0.00000,0.00000,0.00000,0.00000,0.00000,0.00000,0.00000,0.00000,0.00000,0.00000,0.00000,0.00000,0.00000,0.00200,0.00487,0.13145,0.11544,0.00395,0.00000,0.14247,0.12241
JO-FV_R,0.17601,0.19232,0.00000,0.17746,0.17582,0.17103,0.17032,0.17454,0.16801,0.17107,0.15890,0.16756,0.17031,0.17444,0.17932,0.18393,0.16871,0.17082,0.17134,0.17094,0.16850,0.17107,0.16169,0.18108,0.17520,0.16488,0.16732,0.17771,0.17867,0.16947,0.17294,0.16817,0.17162,0.17942,0.17120,0.17922,0.17500,0.17345,0.17771,0.18349,0.15925,0.18133,0.16154,0.17583,0.17413,0.18309,0.00000,0.00000,0.17036,0.16865,0.17778,0.17404,0.17467,0.16837,0.16964,0.16241,0.17848,0.17657,0.17965,0.16708,0.18209,0.16063,0.16835,0.17756,0.16746,0.17776,0.17893,0.17515,0.17914,0.17007,0.16528,0.16691,0.17258,0.16911,0.17329,0.18542,0.16894,0.17020,0.16669,0.16951,0.16339,0.16507,0.00000,0.16461,0.17951,0.16769,0.17721,0.00000,0.48666,0.00000,0.20246,0.00000,0.06840,0.00000,0.00000,0.00000,0.00000,0.00000,0.00000,0.00000,0.00000,0.00000,0.46514,0.00000,0.00000,0.00000,0.00000,0.00000,0.00000,0.00000,0.00000,0.00000,0.00000,0.27079,0.00000,0.00000,0.00000,0.00000,0.00000,0.00000,0.00000,0.00000,0.00000,0.00000,0.00000,0.00000,0.00000,0.01096,0.00000,0.00000,0.00000,0.15508,0.00000,0.00000,0.00000,0.00000,0.00000,0.12855,0.00000,0.00000,0.00000,0.48666,0.00000,1.00000,0.00000,0.28548,0.00000,0.00000,0.00000,0.00000,0.00000,0.00000,0.00000,0.01125,0.00000,0.00168,0.00000,0.00467,0.00000,0.00000,0.00000,0.00000,0.00000,0.03809,0.00000,0.04058,0.00000,0.00098,0.00000,0.00000,0.00132,0.00057,0.00000,0.13082,0.00000,0.00000,0.00000,0.00095,0.00160,0.00046,0.00000,0.00053,0.00000,0.01415,0.00039,0.00698,0.08500,0.00000,0.00000,0.00000,0.00000,0.00000,0.03124,0.00000,0.00000,0.00000,0.00000,0.00251,0.09153,0.00000,0.00000,0.00000,0.00000,0.00000,0.00000,0.00000,0.00000,0.00000,0.00000,0.00000,0.00000,0.00000,0.00000,0.00000,0.00000,0.00000,0.00000,0.00000,0.00000,0.00000,0.00000,0.00000,0.23984,0.00000,0.00000,0.00000,0.00000,0.00000,0.00000,0.00000,0.17224,0.00000,0.01566,0.00000,0.00000,0.00000,0.00000,0.00000,0.00000,0.27143,0.22153,0.00000,0.00000,0.00000,0.00000,0.00000,0.00000,0.00889,0.00000,0.00000,0.00000,0.00922,0.01278,0.00000,0.00000,0.00000,0.00000,0.00000,0.01016,0.00000,0.00000,0.00000,0.00000,0.00000,0.00000,0.00000,0.00000,0.00538,0.00383,0.00000,0.00000,0.00000,0.00000,0.00000,0.00000,0.00000,0.00000,0.00000,0.00000,0.26647,0.25775,0.00000,0.00000,0.00000,0.00000,0.00000,0.00000,0.00000,0.00000,0.00000,0.00000,0.00000,0.10790,0.00000,0.00000,0.00000,0.00000,0.00000,0.00000,0.00000,0.00000,0.00000,0.00000,0.00000,0.00000,0.00000,0.00000,0.00000,0.00000,0.00000,0.00000,0.00000,0.00000,0.00000,0.00989,0.00000,0.14154,0.14718,0.00000,0.00000,0.20413,0.20030
JO-mz_L,0.18721,0.20149,0.00000,0.20172,0.20160,0.21047,0.19504,0.19949,0.20187,0.21086,0.22121,0.21396,0.21525,0.20973,0.22091,0.20816,0.20190,0.20943,0.21311,0.20467,0.20298,0.21153,0.21160,0.21050,0.19508,0.22298,0.20408,0.21489,0.20197,0.20408,0.21038,0.20753,0.20316,0.21463,0.19216,0.18865,0.19603,0.20436,0.21699,0.21785,0.22068,0.19569,0.21510,0.20757,0.20737,0.19618,0.00000,0.00000,0.20802,0.20451,0.21052,0.20790,0.20936,0.20817,0.21473,0.20960,0.19259,0.22230,0.21202,0.20493,0.21406,0.20004,0.21683,0.21122,0.20722,0.20247,0.21556,0.20767,0.20877,0.20413,0.21686,0.21591,0.22424,0.19013,0.21450,0.20316,0.20828,0.20540,0.21356,0.20249,0.20066,0.21391,0.00000,0.21042,0.20557,0.20541,0.19157,0.74269,0.00000,0.00000,0.00000,0.00000,0.00000,0.00000,0.00000,0.00000,0.00000,0.00000,0.00000,0.00000,0.00000,0.00000,0.00000,0.00000,0.00000,0.07876,0.00000,0.00000,0.00000,0.00000,0.16335,0.00000,0.00000,0.00000,0.00000,0.00000,0.00000,0.00000,0.01308,0.00000,0.00000,0.00000,0.00000,0.00000,0.02900,0.00000,0.02114,0.00000,0.00000,0.03350,0.36875,0.01206,0.00000,0.00000,0.00165,0.00844,0.00000,0.00000,0.00000,0.00000,0.42539,0.00000,0.61756,0.00000,1.00000,0.00000,0.00000,0.07064,0.10159,0.00000,0.00000,0.09384,0.00000,0.09126,0.03976,0.07015,0.08478,0.07145,0.06159,0.03821,0.13867,0.01107,0.20755,0.01856,0.07988,0.03639,0.00815,0.01556,0.06392,0.02979,0.05611,0.05876,0.10702,0.00151,0.02388,0.00000,0.16331,0.00590,0.00877,0.03011,0.01595,0.02569,0.02737,0.00823,0.05654,0.07429,0.04041,0.01632,0.03510,0.00000,0.02768,0.01746,0.00000,0.03380,0.03316,0.03108,0.00983,0.18600,0.00561,0.00000,0.00000,0.00000,0.00000,0.00424,0.04527,0.00000,0.00000,0.00000,0.00000,0.00000,0.02888,0.03290,0.06353,0.00000,0.00000,0.00000,0.00000,0.00000,0.00000,0.00000,0.00000,0.00000,0.11477,0.00000,0.00000,0.00000,0.00000,0.00000,0.00000,0.03038,0.17639,0.01335,0.00828,0.00202,0.00000,0.00000,0.00000,0.00000,0.00000,0.10310,0.07993,0.00000,0.00000,0.00000,0.00000,0.00000,0.01158,0.01763,0.01135,0.00486,0.00293,0.01753,0.00776,0.00000,0.00000,0.00000,0.00000,0.00546,0.01603,0.00000,0.00000,0.00000,0.00000,0.00000,0.00000,0.00000,0.00000,0.00152,0.00108,0.00000,0.00000,0.00000,0.00000,0.00139,0.00000,0.00000,0.00000,0.00000,0.00000,0.07795,0.07453,0.00000,0.00000,0.00000,0.00000,0.00000,0.00000,0.00000,0.00432,0.02217,0.00000,0.03270,0.03134,0.00000,0.00000,0.00000,0.00000,0.00000,0.00000,0.00000,0.00000,0.00000,0.00000,0.00000,0.00000,0.00000,0.00000,0.00000,0.00000,0.00000,0.00000,0.00000,0.00000,0.00000,0.00265,0.00575,0.17974,0.16084,0.02518,0.02007,0.19845,0.17777
JO-mz_R,0.03942,0.03681,0.00000,0.04218,0.03994,0.03714,0.04129,0.04001,0.03895,0.04375,0.03621,0.04384,0.03932,0.03987,0.03489,0.04071,0.03851,0.04132,0.04252,0.04182,0.04204,0.03702,0.03953,0.03759,0.04184,0.04735,0.04155,0.04120,0.03947,0.03801,0.04018,0.03999,0.04013,0.03871,0.04041,0.04431,0.03983,0.03980,0.03757,0.03640,0.03902,0.04266,0.03796,0.03918,0.03988,0.04338,0.00000,0.00000,0.04317,0.03954,0.04396,0.03517,0.04198,0.03826,0.04317,0.03825,0.04532,0.03719,0.03977,0.04292,0.03727,0.04315,0.03965,0.04058,0.03990,0.03768,0.03703,0.03700,0.04088,0.03733,0.03747,0.03818,0.03993,0.04073,0.03764,0.04381,0.03527,0.03885,0.04094,0.04489,0.04327,0.03942,0.00000,0.03873,0.03667,0.03802,0.04240,0.00000,0.56448,0.00000,0.37988,0.00000,0.27884,0.00000,0.00000,0.00000,0.00000,0.00000,0.00000,0.00000,0.00000,0.00000,0.67622,0.00000,0.00000,0.00000,0.00000,0.00000,0.00000,0.00000,0.00000,0.29582,0.00000,0.87225,0.00000,0.29884,0.00000,0.00000,0.00000,0.00000,0.00000,0.00000,0.00000,0.19935,0.00000,0.00000,0.00000,0.01271,0.34065,0.00000,0.17811,0.17988,0.00000,0.00000,0.32272,0.00000,0.00000,0.14910,0.00000,0.00000,0.00000,0.56448,0.00000,0.28548,0.00000,1.00000,0.00000,0.00000,0.00000,0.00000,0.00000,0.00000,0.00000,0.00000,0.00000,0.01927,0.00000,0.00803,0.00000,0.00000,0.00000,0.00000,0.00000,0.00000,0.00000,0.00000,0.00000,0.00000,0.00000,0.00000,0.00000,0.00000,0.00000,0.00000,0.00000,0.00000,0.00000,0.00000,0.00000,0.00000,0.00000,0.00000,0.00000,0.00000,0.02703,0.03001,0.04784,0.00000,0.00000,0.03799,0.00000,0.00000,0.03837,0.00000,0.00000,0.00000,0.00000,0.00240,0.06229,0.00000,0.00000,0.00000,0.00000,0.00000,0.00000,0.00000,0.00000,0.00000,0.00000,0.00000,0.00000,0.00000,0.00000,0.00000,0.00000,0.00000,0.00000,0.00000,0.00000,0.00000,0.00000,0.00000,0.00000,0.00000,0.00000,0.00000,0.00000,0.00000,0.00000,0.00000,0.03636,0.00000,0.00000,0.00000,0.00000,0.00000,0.00000,0.00000,0.00000,0.00000,0.00000,0.00000,0.00000,0.00000,0.00000,0.00000,0.00000,0.00000,0.00000,0.00000,0.00000,0.00000,0.00000,0.00000,0.00000,0.00000,0.00000,0.00000,0.00000,0.00000,0.00000,0.00000,0.00000,0.00000,0.00000,0.00000,0.00000,0.00000,0.00000,0.00000,0.00000,0.00000,0.00000,0.00000,0.00000,0.00000,0.00000,0.00000,0.00000,0.00000,0.00000,0.00000,0.00000,0.00000,0.00000,0.00000,0.00000,0.00000,0.00000,0.00000,0.00000,0.00000,0.00000,0.00000,0.00000,0.00000,0.00000,0.00000,0.00000,0.00000,0.00000,0.00000,0.00000,0.00000,0.00000,0.00000,0.00000,0.00000,0.00000,0.00000,0.00000,0.00000,0.00000,0.00000,0.00000,0.00000,0.03679,0.04346,0.00000,0.00000,0.03797,0.03925
VIS_LC10a_L,0.22659,0.23047,0.00000,0.22414,0.21364,0.20588,0.21203,0.22846,0.23312,0.21169,0.23568,0.20284,0.22349,0.20323,0.20754,0.22179,0.22831,0.20815,0.21558,0.22353,0.22284,0.21320,0.21305,0.20810,0.20552,0.23814,0.23072,0.20940,0.20868,0.22511,0.23091,0.23531,0.22441,0.22306,0.21342,0.21946,0.19893,0.22387,0.22438,0.22060,0.23898,0.20883,0.22733,0.21464,0.22251,0.20092,0.00000,0.00000,0.21581,0.21966,0.23122,0.22232,0.21111,0.22285,0.22532,0.21554,0.22015,0.21222,0.20326,0.21690,0.22710,0.21591,0.21001,0.20242,0.21759,0.20298,0.22313,0.21437,0.22139,0.21010,0.22021,0.22673,0.21913,0.20922,0.22427,0.20404,0.20910,0.21980,0.23319,0.20733,0.21448,0.22635,0.00000,0.23131,0.22052,0.22252,0.23816,0.00000,0.00000,0.00000,0.00000,0.00000,0.00000,0.00000,0.00000,0.00000,0.00000,0.00000,0.00000,0.00000,0.00000,0.00000,0.00000,0.00000,0.00000,0.00000,0.00000,0.00000,0.11303,0.00000,0.00000,0.00000,0.00000,0.01324,0.00000,0.00000,0.00000,0.00000,0.00000,0.00495,0.07766,0.04171,0.04116,0.02424,0.05049,0.00000,0.00520,0.00000,0.00000,0.07609,0.07722,0.04564,0.00000,0.00000,0.05258,0.05192,0.00000,0.00000,0.00000,0.00000,0.00000,0.00000,0.00316,0.00000,0.00000,0.00000,1.00000,0.18647,0.03871,0.46752,0.82465,0.02277,0.85803,0.05182,0.89390,0.08119,0.71074,0.08775,0.25287,0.36025,0.13664,0.28434,0.03902,0.37672,0.13570,0.34381,0.05087,0.42909,0.12596,0.34816,0.21959,0.26853,0.05063,0.24190,0.04488,0.22760,0.22989,0.01628,0.08781,0.05426,0.21120,0.25611,0.26955,0.65935,0.11950,0.44546,0.30435,0.23175,0.28992,0.25804,0.32559,0.41172,0.22946,0.08909,0.26777,0.02574,0.16383,0.19852,0.18974,0.00000,0.00000,0.00246,0.00000,0.26623,0.05987,0.00000,0.00000,0.00000,0.00000,0.16954,0.05738,0.48505,0.02131,0.00000,0.00000,0.00000,0.00000,0.00000,0.00000,0.00000,0.00000,0.00000,0.29257,0.00000,0.00000,0.00000,0.00000,0.00000,0.00000,0.02216,0.20148,0.02551,0.02922,0.00658,0.01311,0.00000,0.00000,0.00000,0.00000,0.30192,0.36549,0.00000,0.00000,0.00000,0.00000,0.00000,0.05751,0.04065,0.03491,0.06815,0.07065,0.03515,0.05447,0.00000,0.00000,0.00000,0.00000,0.03738,0.03735,0.00000,0.00000,0.00000,0.00000,0.00000,0.00000,0.00000,0.00000,0.00000,0.00000,0.00000,0.00000,0.00000,0.00000,0.01024,0.00000,0.00000,0.00000,0.00000,0.00000,0.29947,0.34200,0.00000,0.00000,0.00000,0.00000,0.00000,0.00000,0.00872,0.00000,0.01259,0.00000,0.03499,0.20242,0.00000,0.00000,0.00000,0.00000,0.00000,0.00000,0.00000,0.00000,0.00000,0.00000,0.00000,0.00000,0.00000,0.00000,0.00000,0.00000,0.00000,0.00000,0.00000,0.00000,0.00000,0.02059,0.02284,0.18857,0.20373,0.39547,0.49578,0.24926,0.28317
VIS_LC10a_R,0.13909,0.13539,0.00000,0.12664,0.13085,0.13140,0.13594,0.13613,0.14413,0.14001,0.13912,0.13558,0.13650,0.13270,0.13054,0.13240,0.13053,0.14821,0.12698,0.13700,0.14203,0.13870,0.13596,0.13200,0.12854,0.14265,0.13773,0.13899,0.13007,0.13914,0.14330,0.14096,0.13579,0.14111,0.14296,0.14056,0.14168,0.13338,0.14043,0.13701,0.14286,0.13269,0.13839,0.14121,0.14291,0.13305,0.00000,0.00000,0.13901,0.13648,0.13225,0.13729,0.14154,0.13514,0.13780,0.13892,0.13408,0.13474,0.13106,0.14016,0.14067,0.14258,0.14013,0.13688,0.12963,0.13816,0.14961,0.12201,0.12639,0.14191,0.14799,0.13349,0.13874,0.13197,0.14599,0.13209,0.13900,0.13895,0.13479,0.14175,0.13307,0.14577,0.00000,0.14419,0.13607,0.12790,0.14397,0.00000,0.00000,0.00000,0.01858,0.00000,0.00000,0.14355,0.00000,0.00000,0.00000,0.00000,0.00000,0.00000,0.01759,0.00000,0.00000,0.00000,0.00000,0.00000,0.00000,0.14355,0.00000,0.00000,0.00000,0.00000,0.00000,0.00000,0.00000,0.00000,0.00000,0.00000,0.01890,0.00000,0.03046,0.02538,0.03236,0.00000,0.02899,0.00000,0.00088,0.01336,0.09818,0.01288,0.01711,0.04664,0.00000,0.01531,0.05736,0.02945,0.00000,0.00393,0.00000,0.00000,0.00000,0.00000,0.00000,0.00000,0.07064,0.00000,0.18647,1.00000,0.37339,0.19368,0.11302,0.71585,0.14921,0.78700,0.16352,0.85862,0.12835,0.55812,0.45911,0.38385,0.36564,0.05788,0.09508,0.22401,0.28345,0.17732,0.10732,0.22589,0.31205,0.17810,0.30924,0.31451,0.07423,0.11410,0.17648,0.13508,0.01518,0.07117,0.04837,0.15191,0.10148,0.25185,0.43363,0.16307,0.57898,0.21835,0.38081,0.28539,0.37886,0.26420,0.41600,0.19810,0.20733,0.25717,0.21972,0.09105,0.07028,0.13041,0.17426,0.00000,0.00000,0.00000,0.00119,0.05402,0.22759,0.00000,0.00000,0.00000,0.00000,0.00355,0.20301,0.07196,0.53414,0.00000,0.00000,0.00000,0.00000,0.00000,0.00000,0.00000,0.00000,0.00000,0.16905,0.00000,0.00000,0.00000,0.00000,0.00000,0.00000,0.09752,0.16909,0.06242,0.06081,0.02079,0.00289,0.00000,0.00000,0.00000,0.00000,0.26166,0.23470,0.00000,0.00000,0.00000,0.00000,0.00000,0.16639,0.08893,0.05984,0.15610,0.13234,0.09718,0.11845,0.00000,0.00000,0.00000,0.00000,0.06376,0.09312,0.03828,0.00000,0.00000,0.00000,0.00000,0.00000,0.00000,0.00000,0.00571,0.00813,0.00000,0.00000,0.00000,0.00000,0.00477,0.00000,0.00000,0.00000,0.00000,0.00000,0.24876,0.24531,0.00000,0.00000,0.00000,0.00000,0.00000,0.00000,0.02019,0.03173,0.03841,0.00000,0.11502,0.15326,0.00000,0.00000,0.00000,0.00000,0.00000,0.00000,0.00000,0.00000,0.00000,0.00000,0.00000,0.00000,0.00000,0.00000,0.00000,0.00000,0.00000,0.00000,0.00000,0.00000,0.00000,0.00755,0.00251,0.13488,0.13745,0.22258,0.19522,0.15841,0.18462
VIS_LC10b_L,0.13637,0.13621,0.00000,0.13465,0.14335,0.14559,0.14194,0.13900,0.13560,0.14028,0.14215,0.14553,0.13774,0.14309,0.14176,0.14434,0.13647,0.13131,0.14000,0.14105,0.13421,0.14249,0.14597,0.13792,0.13597,0.13160,0.13564,0.13778,0.13649,0.13589,0.13755,0.14006,0.13852,0.14761,0.13185,0.12257,0.14067,0.13425,0.13491,0.14126,0.14135,0.13557,0.15444,0.13486,0.13939,0.13584,0.00000,0.00000,0.13924,0.14478,0.13714,0.14167,0.13461,0.14368,0.13171,0.14036,0.13524,0.14823,0.14468,0.13330,0.14668,0.13456,0.13774,0.13891,0.14733,0.13404,0.14568,0.14032,0.14362,0.13288,0.14777,0.14935,0.13842,0.13002,0.14929,0.13415,0.14147,0.13525,0.13806,0.13130,0.13000,0.14938,0.00000,0.14656,0.13771,0.13683,0.13819,0.00000,0.00000,0.00000,0.01513,0.00000,0.00000,0.00000,0.00000,0.00000,0.00000,0.00000,0.00000,0.00000,0.00000,0.00000,0.00000,0.00000,0.00000,0.11223,0.00000,0.00000,0.26186,0.00000,0.00000,0.00000,0.00000,0.03067,0.00000,0.00000,0.00000,0.00000,0.01864,0.00000,0.01095,0.06192,0.02951,0.05615,0.04132,0.00000,0.00000,0.00000,0.00000,0.17627,0.01040,0.10063,0.00000,0.00000,0.02828,0.12228,0.00000,0.00000,0.00000,0.00000,0.00000,0.00000,0.00000,0.00000,0.10159,0.00000,0.03871,0.37339,1.00000,0.00000,0.00000,0.35784,0.00000,0.34806,0.05905,0.39668,0.08610,0.29186,0.30754,0.08533,0.12493,0.01578,0.17685,0.08650,0.15989,0.05342,0.36755,0.03484,0.23111,0.04114,0.25157,0.10718,0.19926,0.03232,0.32680,0.00107,0.17308,0.14891,0.00862,0.24249,0.02462,0.24031,0.03132,0.07252,0.26043,0.18717,0.15150,0.32676,0.12365,0.35070,0.32023,0.04875,0.06123,0.30017,0.04687,0.19315,0.01675,0.25897,0.07858,0.00000,0.00000,0.00000,0.00000,0.00906,0.15629,0.00000,0.00000,0.00000,0.00000,0.00000,0.14402,0.04688,0.21808,0.00000,0.00000,0.00000,0.00000,0.00000,0.00000,0.00000,0.00000,0.00000,0.23696,0.00000,0.00000,0.00000,0.00000,0.00000,0.00000,0.00000,0.12754,0.00293,0.00169,0.00287,0.00000,0.00000,0.00000,0.00000,0.00000,0.19330,0.12859,0.00000,0.00000,0.00000,0.00000,0.00000,0.01650,0.00205,0.00194,0.01800,0.00973,0.00159,0.00590,0.00000,0.00000,0.00000,0.00000,0.00207,0.00586,0.00000,0.00000,0.00000,0.00000,0.00000,0.00000,0.00000,0.00000,0.00000,0.00000,0.00000,0.00000,0.00000,0.00000,0.00000,0.00000,0.00000,0.00000,0.00000,0.00000,0.17017,0.15566,0.00000,0.00000,0.00000,0.00000,0.00000,0.00000,0.00000,0.00616,0.00000,0.00000,0.00000,0.07146,0.00000,0.00000,0.00000,0.00000,0.00000,0.00000,0.00000,0.00000,0.00000,0.00000,0.00000,0.00000,0.00000,0.00000,0.00000,0.00000,0.00000,0.00000,0.00000,0.00000,0.00000,0.01008,0.00000,0.13275,0.12119,0.11825,0.09654,0.14575,0.14370
VIS_LC10b_R,0.15116,0.14977,0.00000,0.15304,0.13888,0.13649,0.14654,0.15291,0.16180,0.13871,0.14392,0.14070,0.14714,0.13779,0.12838,0.12760,0.15221,0.14901,0.12856,0.14113,0.16463,0.12746,0.13179,0.14974,0.14669,0.14506,0.14658,0.13035,0.14747,0.14406,0.14289,0.14591,0.14699,0.13987,0.14319,0.15284,0.14421,0.15292,0.15548,0.13995,0.14308,0.13984,0.13626,0.14456,0.14067,0.12454,0.00000,0.00000,0.13510,0.13734,0.14501,0.13740,0.14779,0.14325,0.15914,0.13730,0.15506,0.13432,0.13444,0.14713,0.13407,0.16138,0.12975,0.13416,0.13549,0.14264,0.13686,0.13256,0.13916,0.13716,0.14118,0.13675,0.13715,0.13787,0.13218,0.14641,0.13363,0.14875,0.15266,0.15194,0.15542,0.14238,0.00000,0.15736,0.13900,0.14911,0.15576,0.00000,0.00000,0.00000,0.00000,0.00000,0.00000,0.21577,0.00000,0.00000,0.00000,0.00000,0.00000,0.00000,0.00000,0.00000,0.00000,0.00000,0.00000,0.00000,0.03903,0.21577,0.00000,0.00000,0.00000,0.00000,0.00000,0.00000,0.00000,0.00000,0.00000,0.00000,0.00000,0.00000,0.04579,0.08893,0.04864,0.00000,0.00000,0.00000,0.00000,0.00000,0.15390,0.01634,0.02572,0.04368,0.00000,0.00000,0.07689,0.12487,0.00000,0.00000,0.00000,0.00000,0.00000,0.00000,0.00000,0.00000,0.00000,0.00000,0.46752,0.19368,0.00000,1.00000,0.52213,0.00000,0.52083,0.00000,0.45844,0.07111,0.42977,0.01864,0.15313,0.35597,0.04160,0.16119,0.02667,0.23185,0.05940,0.21821,0.00000,0.33901,0.05328,0.24699,0.11331,0.29611,0.06031,0.36006,0.00000,0.51727,0.13311,0.00076,0.12780,0.02877,0.23161,0.03790,0.33277,0.43845,0.17564,0.18984,0.18573,0.06353,0.17714,0.16809,0.32859,0.24202,0.01603,0.01146,0.27843,0.01825,0.19771,0.08149,0.24356,0.00000,0.00000,0.00000,0.00000,0.18688,0.05704,0.00000,0.00000,0.00000,0.00000,0.21636,0.00000,0.29048,0.00000,0.00000,0.00000,0.00000,0.00000,0.00000,0.00000,0.00000,0.00000,0.00000,0.21780,0.00000,0.00000,0.00000,0.00000,0.00000,0.00000,0.00052,0.13040,0.00289,0.00500,0.00000,0.00000,0.00000,0.00000,0.00000,0.00000,0.21534,0.24097,0.00000,0.00000,0.00000,0.00000,0.00000,0.00000,0.00406,0.00512,0.01096,0.00550,0.00315,0.00583,0.00000,0.00000,0.00000,0.00000,0.00512,0.00463,0.00000,0.00000,0.00000,0.00000,0.00000,0.00000,0.00000,0.00000,0.00000,0.00000,0.00000,0.00000,0.00000,0.00000,0.00000,0.00000,0.00000,0.00000,0.00000,0.00000,0.22200,0.27187,0.00000,0.00000,0.00000,0.00000,0.00000,0.00000,0.00000,0.00000,0.00000,0.00000,0.00381,0.13689,0.00000,0.00000,0.00000,0.00000,0.00000,0.00000,0.00000,0.00000,0.00000,0.00000,0.00000,0.00000,0.00000,0.00000,0.00000,0.00000,0.00000,0.00000,0.00000,0.00000,0.00000,0.02077,0.01498,0.11833,0.13170,0.22990,0.29696,0.16134,0.20675
VIS_LC10c-1_L,0.13746,0.14755,0.00000,0.14391,0.11525,0.12634,0.11718,0.14680,0.14865,0.11494,0.13456,0.11466,0.12827,0.11018,0.10498,0.12907,0.13227,0.11846,0.12236,0.12508,0.12685,0.11766,0.11660,0.10951,0.11253,0.14262,0.13107,0.11043,0.12862,0.13075,0.14734,0.13627,0.13578,0.12265,0.11754,0.13022,0.10627,0.13298,0.13899,0.12750,0.14346,0.11260,0.12223,0.12594,0.12425,0.10698,0.00000,0.00000,0.12345,0.12218,0.14443,0.13039,0.12015,0.13152,0.13113,0.13309,0.13404,0.11526,0.11876,0.13179,0.12726,0.12898,0.11512,0.11341,0.12897,0.12201,0.13058,0.12624,0.12899,0.12067,0.11541,0.12491,0.12260,0.12730,0.12968,0.11720,0.11778,0.13354,0.14128,0.12224,0.13202,0.12853,0.00000,0.14293,0.12730,0.13405,0.13927,0.00000,0.00000,0.00000,0.00000,0.00000,0.00000,0.00000,0.00000,0.00000,0.00000,0.00000,0.00000,0.00000,0.00000,0.00000,0.00000,0.00000,0.00000,0.00000,0.00000,0.00000,0.00000,0.00000,0.00000,0.00000,0.00000,0.00000,0.00000,0.00000,0.00000,0.00000,0.00000,0.00000,0.06310,0.04987,0.00000,0.00000,0.00000,0.00000,0.00266,0.00130,0.00000,0.00000,0.01639,0.00380,0.00000,0.00000,0.00781,0.00000,0.00000,0.00000,0.00000,0.00000,0.00000,0.00000,0.00000,0.00000,0.00000,0.00000,0.82465,0.11302,0.00000,0.52213,1.00000,0.01363,0.94659,0.05184,0.85412,0.01920,0.75684,0.02676,0.19565,0.36005,0.09089,0.34773,0.02949,0.39022,0.11024,0.35273,0.00000,0.49470,0.08570,0.34760,0.15607,0.24789,0.00978,0.27082,0.02132,0.25917,0.27168,0.00114,0.10487,0.02054,0.22016,0.15781,0.25692,0.67539,0.05649,0.28938,0.10143,0.29200,0.35646,0.24975,0.21361,0.16729,0.00000,0.05247,0.24482,0.01346,0.15138,0.13666,0.16961,0.00000,0.00000,0.03275,0.00000,0.24350,0.06070,0.00000,0.00000,0.00000,0.00000,0.23113,0.01365,0.51718,0.01296,0.00000,0.00000,0.00000,0.00000,0.00000,0.00000,0.00000,0.00000,0.00000,0.26895,0.00000,0.00000,0.00000,0.00000,0.00000,0.00000,0.00635,0.11433,0.01966,0.02432,0.00715,0.00436,0.00000,0.00000,0.00000,0.00000,0.27692,0.33099,0.00000,0.00000,0.00000,0.00000,0.00000,0.06291,0.02924,0.02573,0.05557,0.05857,0.02273,0.03959,0.00000,0.00000,0.00000,0.00000,0.02819,0.02584,0.00000,0.00000,0.00000,0.00000,0.00000,0.00000,0.00000,0.00000,0.00000,0.00000,0.00000,0.00000,0.00000,0.00000,0.00262,0.00000,0.00000,0.00000,0.00000,0.00000,0.29548,0.32178,0.00000,0.00000,0.00000,0.00000,0.00000,0.00000,0.00150,0.00000,0.00190,0.00000,0.01660,0.17698,0.00000,0.00000,0.00000,0.00000,0.00000,0.00000,0.00000,0.00000,0.00000,0.00000,0.00000,0.00000,0.00000,0.00000,0.00000,0.00000,0.00000,0.00000,0.00000,0.00000,0.00000,0.01950,0.03028,0.10662,0.11802,0.54635,0.66398,0.16050,0.20299
VIS_LC10c-1_R,0.02736,0.02903,0.00000,0.02679,0.02726,0.02941,0.02830,0.03389,0.02641,0.03061,0.02812,0.03102,0.02450,0.03173,0.02254,0.02975,0.02245,0.02926,0.02561,0.03190,0.02491,0.02875,0.02620,0.02330,0.02844,0.02836,0.02495,0.02579,0.02616,0.02811,0.02800,0.02514,0.02750,0.02796,0.03013,0.03364,0.03238,0.02514,0.02767,0.02591,0.02646,0.02526,0.02889,0.03330,0.02824,0.02795,0.00000,0.00000,0.03020,0.02791,0.02764,0.02908,0.03032,0.03158,0.02713,0.03157,0.02992,0.02888,0.02953,0.02784,0.02916,0.02474,0.02786,0.02805,0.02999,0.02883,0.03793,0.02779,0.02635,0.03116,0.03047,0.02870,0.02760,0.03023,0.02956,0.02631,0.02833,0.02968,0.02714,0.02683,0.02794,0.03404,0.00000,0.03137,0.02464,0.02240,0.02598,0.00000,0.00000,0.00000,0.00000,0.00000,0.00000,0.00000,0.00000,0.00000,0.00000,0.00000,0.00000,0.00000,0.01573,0.00000,0.00000,0.00000,0.00000,0.00000,0.00000,0.00000,0.00000,0.00000,0.00000,0.00000,0.00000,0.00000,0.00000,0.00000,0.00000,0.00000,0.01553,0.00000,0.04095,0.06881,0.00000,0.00000,0.00000,0.00000,0.00079,0.00463,0.00000,0.01008,0.00000,0.03562,0.00000,0.01369,0.01386,0.00943,0.00000,0.00352,0.00000,0.00000,0.00000,0.00000,0.00000,0.00000,0.09384,0.00000,0.02277,0.71585,0.35784,0.00000,0.01363,1.00000,0.02224,0.91338,0.01487,0.72681,0.00817,0.57500,0.38470,0.29770,0.33200,0.00701,0.08425,0.12673,0.26217,0.09986,0.19878,0.11428,0.25377,0.06751,0.22284,0.17104,0.07576,0.01099,0.18982,0.01612,0.00000,0.08686,0.00000,0.14778,0.01411,0.12533,0.28110,0.04587,0.66137,0.08683,0.24840,0.33239,0.38947,0.15410,0.27202,0.00351,0.05898,0.17695,0.06958,0.07781,0.00205,0.12153,0.07373,0.00000,0.00000,0.00000,0.00000,0.03197,0.23367,0.00000,0.00000,0.00000,0.00000,0.00000,0.39539,0.01594,0.77221,0.00000,0.00000,0.00000,0.00000,0.00000,0.00000,0.00000,0.00000,0.00000,0.07461,0.00000,0.00000,0.00000,0.00000,0.00000,0.00000,0.00432,0.02799,0.01952,0.01322,0.01296,0.00000,0.00000,0.00000,0.00000,0.00000,0.11928,0.07013,0.00000,0.00000,0.00000,0.00000,0.00000,0.10028,0.01930,0.01420,0.05052,0.03818,0.01459,0.02515,0.00000,0.00000,0.00000,0.00000,0.01443,0.02412,0.00000,0.00000,0.00000,0.00000,0.00000,0.00000,0.00000,0.00000,0.00000,0.00000,0.00000,0.00000,0.00000,0.00000,0.00000,0.00000,0.00000,0.00000,0.00000,0.00000,0.12050,0.08901,0.00000,0.00000,0.00000,0.00000,0.00000,0.00000,0.00000,0.03864,0.00000,0.00000,0.00665,0.04379,0.00000,0.00000,0.00000,0.00000,0.00000,0.00000,0.00000,0.00000,0.00000,0.00000,0.00000,0.00000,0.00000,0.00000,0.00000,0.00000,0.00000,0.00000,0.00000,0.00000,0.00000,0.00099,0.00000,0.03648,0.03266,0.25430,0.23208,0.04753,0.04986
VIS_LC10c-2_L,0.16467,0.17203,0.00000,0.16109,0.13568,0.14564,0.14035,0.16622,0.17094,0.13775,0.15511,0.13360,0.15086,0.13176,0.12822,0.15051,0.15224,0.13943,0.14445,0.14813,0.14974,0.13915,0.14281,0.13522,0.13537,0.16823,0.15365,0.13698,0.15066,0.15370,0.16736,0.15844,0.15543,0.14458,0.14571,0.15881,0.12896,0.15581,0.15822,0.14729,0.16457,0.13918,0.14395,0.14916,0.14767,0.13161,0.00000,0.00000,0.14472,0.14720,0.16495,0.15293,0.14255,0.15222,0.15533,0.15352,0.15837,0.13830,0.14223,0.15201,0.15117,0.14952,0.13609,0.13815,0.15144,0.14294,0.15138,0.14878,0.14898,0.14471,0.13929,0.15073,0.14467,0.15162,0.15496,0.13926,0.13945,0.15748,0.16432,0.13958,0.15200,0.15015,0.00000,0.16165,0.14717,0.15376,0.16447,0.00000,0.00000,0.00000,0.00000,0.00000,0.00000,0.00000,0.00000,0.00000,0.00000,0.00000,0.00000,0.00000,0.00000,0.00000,0.00000,0.00000,0.00000,0.00000,0.00000,0.00000,0.00000,0.00000,0.00000,0.00000,0.00000,0.00000,0.00000,0.00000,0.00000,0.00000,0.00000,0.00000,0.06877,0.05913,0.00000,0.00000,0.00271,0.00000,0.00395,0.00290,0.00000,0.00000,0.01152,0.00282,0.00000,0.00000,0.00290,0.00000,0.00000,0.00000,0.00000,0.00000,0.00000,0.00000,0.00000,0.00000,0.00000,0.00000,0.85803,0.14921,0.00000,0.52083,0.94659,0.02224,1.00000,0.08140,0.84642,0.03327,0.72056,0.05177,0.27199,0.41129,0.17972,0.32863,0.03417,0.42108,0.15524,0.40444,0.00000,0.49366,0.15630,0.40510,0.22896,0.30808,0.02251,0.24811,0.02273,0.22499,0.24037,0.00366,0.08342,0.03644,0.22881,0.23862,0.28551,0.64427,0.07196,0.28491,0.13744,0.35605,0.41063,0.23209,0.26974,0.19143,0.01219,0.09452,0.29533,0.02747,0.14786,0.11059,0.13961,0.00000,0.00000,0.03645,0.00000,0.26311,0.06452,0.00000,0.00000,0.00000,0.00000,0.13958,0.01012,0.55518,0.01215,0.00000,0.00000,0.00000,0.00000,0.00000,0.00000,0.00000,0.00000,0.00000,0.32681,0.00000,0.00000,0.00000,0.00000,0.00000,0.00000,0.01821,0.13086,0.02719,0.03131,0.00601,0.01295,0.00000,0.00000,0.00000,0.00000,0.34844,0.41671,0.00000,0.00000,0.00000,0.00000,0.00000,0.06088,0.04264,0.03643,0.07258,0.07424,0.03517,0.05585,0.00000,0.00000,0.00000,0.00000,0.03915,0.03704,0.00000,0.00000,0.00000,0.00000,0.00000,0.00000,0.00000,0.00000,0.00000,0.00000,0.00000,0.00000,0.00000,0.00000,0.00779,0.00000,0.00000,0.00000,0.00000,0.00000,0.34598,0.39766,0.00000,0.00000,0.00000,0.00000,0.00000,0.00000,0.00446,0.00000,0.00989,0.00000,0.03298,0.22690,0.00000,0.00000,0.00000,0.00000,0.00000,0.00000,0.00000,0.00000,0.00000,0.00000,0.00000,0.00000,0.00000,0.00000,0.00000,0.00000,0.00000,0.00000,0.00000,0.00000,0.00000,0.02522,0.02629,0.12494,0.13946,0.43052,0.53396,0.19508,0.23820
VIS_LC10c-2_R,0.06538,0.06636,0.00000,0.05931,0.05857,0.06601,0.06168,0.07198,0.06509,0.06360,0.06019,0.06575,0.05639,0.06656,0.05382,0.06456,0.04779,0.06869,0.05554,0.06328,0.05665,0.06495,0.06117,0.05292,0.05961,0.06614,0.05657,0.05998,0.05945,0.06210,0.06862,0.05560,0.06306,0.06175,0.06730,0.07398,0.06491,0.05520,0.06352,0.05948,0.06276,0.05738,0.05941,0.06724,0.06260,0.06330,0.00000,0.00000,0.06685,0.06111,0.06032,0.06675,0.06796,0.06416,0.06038,0.06881,0.06499,0.06373,0.06490,0.06209,0.06500,0.05956,0.06128,0.06584,0.06566,0.06561,0.07940,0.05754,0.05829,0.06744,0.06469,0.05946,0.06051,0.06726,0.06970,0.05908,0.06558,0.06522,0.06046,0.06070,0.06118,0.07102,0.00000,0.07063,0.05826,0.04965,0.06081,0.00000,0.00000,0.00000,0.00000,0.00000,0.00000,0.00000,0.00000,0.00000,0.00000,0.00000,0.00000,0.00000,0.01007,0.00000,0.00000,0.00000,0.00000,0.00000,0.00000,0.00000,0.00000,0.00000,0.00000,0.00000,0.00000,0.00000,0.00000,0.00000,0.00000,0.00000,0.01754,0.00000,0.07671,0.11047,0.00000,0.00000,0.00000,0.00000,0.00151,0.00987,0.00000,0.00645,0.00000,0.02977,0.00000,0.00876,0.01065,0.00604,0.00000,0.00225,0.00000,0.00000,0.00000,0.00000,0.00000,0.01125,0.09126,0.00000,0.05182,0.78700,0.34806,0.00000,0.05184,0.91338,0.08140,1.00000,0.04537,0.76942,0.02178,0.55539,0.46519,0.34515,0.41375,0.04937,0.07474,0.17890,0.30451,0.16090,0.13061,0.16874,0.32091,0.14101,0.30048,0.24386,0.07119,0.05030,0.15158,0.02626,0.00000,0.06776,0.00043,0.14926,0.04723,0.23349,0.34800,0.05639,0.59031,0.08517,0.24087,0.43666,0.53341,0.18903,0.28957,0.00000,0.04181,0.24739,0.15769,0.09256,0.01020,0.09858,0.07913,0.00000,0.00000,0.00775,0.00000,0.03350,0.24656,0.00000,0.00000,0.00000,0.00000,0.00000,0.27370,0.05648,0.65222,0.00000,0.00000,0.00000,0.00000,0.00000,0.00000,0.00000,0.00000,0.00000,0.14576,0.00000,0.00000,0.00000,0.00000,0.00000,0.00000,0.01660,0.06091,0.02810,0.01989,0.01334,0.00000,0.00000,0.00000,0.00000,0.00000,0.21607,0.18382,0.00000,0.00000,0.00000,0.00000,0.00000,0.12214,0.03526,0.02354,0.06362,0.06876,0.02934,0.04329,0.00000,0.00000,0.00000,0.00000,0.02472,0.03455,0.00000,0.00000,0.00000,0.00000,0.00000,0.00000,0.00000,0.00000,0.00000,0.00000,0.00000,0.00000,0.00000,0.00000,0.00000,0.00000,0.00000,0.00000,0.00000,0.00000,0.22187,0.18952,0.00000,0.00000,0.00000,0.00000,0.00000,0.00000,0.00227,0.03013,0.00865,0.00000,0.02040,0.11602,0.00000,0.00000,0.00000,0.00000,0.00000,0.00000,0.00000,0.00000,0.00000,0.00000,0.00000,0.00000,0.00000,0.00000,0.00000,0.00000,0.00000,0.00000,0.00000,0.00000,0.00000,0.00453,0.00000,0.07321,0.06704,0.22778,0.18712,0.09235,0.10543
VIS_LC10d_L,0.31530,0.31761,0.00000,0.31047,0.29811,0.29257,0.28997,0.31623,0.31783,0.29075,0.32433,0.28398,0.30519,0.28305,0.29277,0.31006,0.30985,0.28163,0.30271,0.30394,0.29722,0.29704,0.30046,0.29150,0.28084,0.32664,0.31621,0.28513,0.29413,0.30926,0.31696,0.31245,0.31038,0.30950,0.28971,0.29584,0.28033,0.30783,0.30987,0.30253,0.32616,0.28657,0.31898,0.29715,0.30792,0.27421,0.00000,0.00000,0.30119,0.29998,0.31533,0.31443,0.29412,0.30198,0.30095,0.30819,0.30094,0.30957,0.28978,0.29820,0.31190,0.29383,0.28918,0.28479,0.31104,0.28548,0.30882,0.30042,0.30441,0.28723,0.30119,0.31267,0.29728,0.29393,0.31742,0.28029,0.29963,0.30165,0.31880,0.28645,0.29412,0.31517,0.00000,0.32284,0.30404,0.30177,0.31939,0.00000,0.00000,0.00000,0.00000,0.00000,0.00000,0.00000,0.00000,0.00000,0.00000,0.00000,0.00000,0.00000,0.00000,0.00000,0.00000,0.00000,0.00000,0.06112,0.00827,0.00000,0.00000,0.00000,0.00000,0.00000,0.00000,0.00000,0.00000,0.00000,0.00000,0.00000,0.00000,0.00000,0.06561,0.03336,0.06925,0.00000,0.07964,0.00000,0.00210,0.00082,0.00134,0.00000,0.04005,0.00360,0.00000,0.00000,0.07207,0.00000,0.00000,0.00000,0.00000,0.00000,0.00000,0.00000,0.00949,0.00000,0.03976,0.00000,0.89390,0.16352,0.05905,0.45844,0.85412,0.01487,0.84642,0.04537,1.00000,0.08007,0.78847,0.07299,0.22169,0.35002,0.10308,0.29412,0.02888,0.37214,0.12839,0.34738,0.00000,0.46726,0.11145,0.33747,0.17898,0.27281,0.03280,0.26721,0.03847,0.24680,0.45886,0.00280,0.12057,0.03353,0.22114,0.17204,0.25865,0.71591,0.12798,0.50303,0.30606,0.24650,0.29758,0.22401,0.23109,0.38810,0.21014,0.06334,0.25518,0.02700,0.17652,0.34889,0.21778,0.00000,0.00000,0.01810,0.00000,0.21491,0.05977,0.00000,0.00000,0.00000,0.00000,0.27333,0.01293,0.50740,0.01121,0.00000,0.00000,0.00000,0.00000,0.00000,0.00000,0.00000,0.00000,0.00000,0.36635,0.00000,0.00000,0.00000,0.00000,0.00000,0.00000,0.02105,0.27120,0.02407,0.03037,0.00752,0.01930,0.00000,0.00000,0.00000,0.00000,0.36821,0.41560,0.00000,0.00000,0.00000,0.00000,0.00000,0.05356,0.04028,0.03332,0.06209,0.06671,0.03495,0.05048,0.00000,0.00000,0.00000,0.00000,0.03691,0.03509,0.00000,0.00000,0.00000,0.00000,0.00000,0.00000,0.00000,0.00000,0.00364,0.00259,0.00000,0.00000,0.00000,0.00000,0.01450,0.00000,0.00000,0.00000,0.00000,0.00000,0.33270,0.37575,0.00000,0.00000,0.00000,0.00000,0.00000,0.00000,0.00379,0.00000,0.01684,0.00000,0.03300,0.19553,0.00000,0.00000,0.00000,0.00000,0.00000,0.00000,0.00000,0.00000,0.00000,0.00000,0.00000,0.00000,0.00000,0.00000,0.00000,0.00000,0.00000,0.00000,0.00000,0.00000,0.00000,0.02323,0.02410,0.26325,0.27564,0.43669,0.55125,0.33585,0.36712
VIS_LC10d_R,0.19754,0.19107,0.00000,0.18871,0.19191,0.19509,0.20090,0.20570,0.20015,0.20948,0.19689,0.20582,0.18958,0.20409,0.18507,0.19253,0.18750,0.21132,0.19169,0.20137,0.20315,0.20243,0.19013,0.19518,0.19093,0.19355,0.19712,0.20217,0.18838,0.20484,0.19592,0.19359,0.20307,0.20394,0.20055,0.20572,0.21204,0.18909,0.19508,0.19728,0.19190,0.19623,0.19882,0.20220,0.20325,0.20025,0.00000,0.00000,0.20224,0.19592,0.18740,0.19864,0.20620,0.19519,0.20258,0.20212,0.19378,0.19167,0.19174,0.19905,0.19805,0.20822,0.19941,0.20251,0.19694,0.19882,0.21553,0.18822,0.18625,0.21173,0.20727,0.18904,0.20174,0.19762,0.20243,0.19647,0.20006,0.20252,0.18971,0.20540,0.20118,0.21108,0.00000,0.20636,0.19471,0.18874,0.20352,0.00000,0.00000,0.00000,0.00000,0.00000,0.00000,0.02073,0.00000,0.00000,0.00000,0.00000,0.00000,0.00000,0.00953,0.00000,0.01219,0.00000,0.00000,0.00000,0.09375,0.02073,0.00000,0.00000,0.00000,0.01696,0.00000,0.01821,0.00000,0.00000,0.00000,0.00000,0.02047,0.00000,0.03379,0.06967,0.00467,0.01778,0.01308,0.00000,0.00000,0.01914,0.02937,0.01177,0.00247,0.05478,0.00000,0.00829,0.01903,0.04998,0.00000,0.00274,0.00000,0.00000,0.00000,0.00000,0.00000,0.00168,0.07015,0.01927,0.08119,0.85862,0.39668,0.07111,0.01920,0.72681,0.03327,0.76942,0.08007,1.00000,0.04880,0.71259,0.41314,0.31283,0.29668,0.05220,0.10226,0.15618,0.24551,0.13083,0.13781,0.12260,0.26900,0.11262,0.26048,0.22012,0.08063,0.09594,0.21345,0.07999,0.00228,0.08741,0.01013,0.14334,0.05975,0.19574,0.29241,0.14282,0.68412,0.20130,0.44897,0.28771,0.32743,0.23784,0.29069,0.09640,0.32247,0.25305,0.12574,0.09904,0.04598,0.14053,0.35063,0.00000,0.00000,0.00000,0.00000,0.02108,0.20363,0.00000,0.00000,0.00000,0.00000,0.00000,0.24917,0.03266,0.53546,0.00000,0.00000,0.00000,0.00000,0.00000,0.00000,0.00000,0.00000,0.00000,0.18625,0.00000,0.00000,0.00000,0.00000,0.00000,0.00000,0.04972,0.19940,0.03701,0.03443,0.01365,0.00000,0.00000,0.00000,0.00000,0.00000,0.25430,0.24138,0.00000,0.00000,0.00000,0.00000,0.00000,0.14102,0.04907,0.03916,0.09439,0.08487,0.05578,0.06930,0.00000,0.00000,0.00000,0.00000,0.04061,0.05745,0.01036,0.00000,0.00000,0.00000,0.00000,0.00000,0.00000,0.00000,0.00851,0.00991,0.00000,0.00000,0.00000,0.00000,0.00047,0.00000,0.00000,0.00000,0.00000,0.00000,0.25368,0.22041,0.00000,0.00000,0.00000,0.00000,0.00000,0.00000,0.01434,0.02924,0.02591,0.00000,0.06000,0.14900,0.00000,0.00000,0.00000,0.00000,0.00000,0.00000,0.00000,0.00000,0.00000,0.00000,0.00000,0.00000,0.00000,0.00000,0.00000,0.00000,0.00000,0.00000,0.00000,0.00000,0.00000,0.00608,0.00000,0.20185,0.20083,0.18363,0.15877,0.21745,0.25014
VIS_LC10e_L,0.31310,0.32521,0.00000,0.31518,0.30627,0.30986,0.31263,0.31759,0.31969,0.29933,0.32533,0.29879,0.31668,0.29523,0.30440,0.31837,0.32560,0.29339,0.31608,0.31270,0.30674,0.31189,0.31316,0.30583,0.29397,0.33255,0.32194,0.29982,0.31168,0.31010,0.32846,0.32696,0.31975,0.31723,0.30221,0.30471,0.28670,0.32076,0.31338,0.31394,0.32863,0.29763,0.32100,0.30882,0.31788,0.29191,0.00000,0.00000,0.31086,0.30504,0.32250,0.32090,0.29773,0.31141,0.30559,0.31844,0.30643,0.31633,0.30090,0.31606,0.31836,0.29727,0.30939,0.29698,0.31893,0.29674,0.31541,0.30538,0.31529,0.29351,0.30940,0.32219,0.31337,0.29992,0.32631,0.29583,0.30853,0.31253,0.32520,0.29981,0.30027,0.31592,0.00000,0.32708,0.31113,0.31282,0.31645,0.00000,0.00000,0.00000,0.00000,0.00000,0.00000,0.00000,0.00000,0.00000,0.00000,0.00000,0.00000,0.00000,0.02925,0.00000,0.00000,0.00000,0.00000,0.19636,0.00000,0.00000,0.00000,0.00000,0.00000,0.00000,0.00000,0.00000,0.00000,0.00000,0.00000,0.00000,0.00000,0.00000,0.00000,0.02607,0.00000,0.00000,0.10845,0.00000,0.00000,0.00000,0.00000,0.01606,0.00664,0.01491,0.00000,0.02545,0.00601,0.01754,0.00000,0.00654,0.00000,0.00000,0.00000,0.00000,0.00083,0.00000,0.08478,0.00000,0.71074,0.12835,0.08610,0.42977,0.75684,0.00817,0.72056,0.02178,0.78847,0.04880,1.00000,0.05416,0.17743,0.37386,0.11060,0.35808,0.02440,0.40679,0.15279,0.40379,0.00000,0.53167,0.13764,0.37466,0.17952,0.31240,0.04039,0.30868,0.00000,0.25297,0.56434,0.00501,0.11951,0.04882,0.25386,0.12732,0.28331,0.59606,0.08175,0.54449,0.26704,0.14186,0.26944,0.28731,0.24132,0.33948,0.15001,0.05082,0.26389,0.05583,0.18833,0.30142,0.18558,0.00000,0.00000,0.00000,0.00000,0.21417,0.05085,0.00000,0.00000,0.00000,0.00000,0.13590,0.00000,0.52749,0.00300,0.00000,0.00000,0.00000,0.00000,0.00000,0.00000,0.00000,0.00000,0.00000,0.37471,0.00000,0.00000,0.00000,0.00000,0.00000,0.00000,0.00239,0.29003,0.00934,0.01383,0.00105,0.00000,0.00000,0.00000,0.00000,0.00000,0.37392,0.38348,0.00000,0.00000,0.00000,0.00000,0.00000,0.01203,0.01346,0.01391,0.03130,0.02180,0.01007,0.01854,0.00000,0.00000,0.00000,0.00000,0.01474,0.01324,0.00000,0.00000,0.00000,0.00000,0.00000,0.00000,0.00000,0.00000,0.00000,0.00000,0.00000,0.00000,0.00000,0.00000,0.00000,0.00000,0.00000,0.00000,0.00000,0.00000,0.30584,0.35689,0.00000,0.00000,0.00000,0.00000,0.00000,0.00000,0.00000,0.00000,0.00000,0.00000,0.01025,0.17582,0.00000,0.00000,0.00000,0.00000,0.00000,0.00000,0.00000,0.00000,0.00000,0.00000,0.00000,0.00000,0.00000,0.00000,0.00000,0.00000,0.00000,0.00000,0.00000,0.00000,0.00000,0.02343,0.02791,0.28818,0.28895,0.54196,0.62495,0.33610,0.36248
VIS_LC10e_R,0.32057,0.31834,0.00000,0.32104,0.31667,0.32137,0.32811,0.33206,0.31369,0.34564,0.31433,0.33106,0.31001,0.32808,0.29761,0.31519,0.31119,0.33084,0.32502,0.32676,0.31939,0.32262,0.31027,0.31716,0.31691,0.31133,0.31951,0.32342,0.30529,0.33458,0.31976,0.32026,0.33537,0.31845,0.32237,0.33312,0.33714,0.30480,0.31862,0.31866,0.29059,0.32584,0.31997,0.32803,0.32281,0.33503,0.00000,0.00000,0.31794,0.31626,0.31183,0.31254,0.32351,0.32023,0.32917,0.32360,0.32646,0.29507,0.31291,0.32955,0.30596,0.34190,0.31640,0.33719,0.31589,0.32807,0.33733,0.31547,0.30573,0.34609,0.32573,0.30442,0.32587,0.33450,0.31875,0.32708,0.32284,0.33946,0.30350,0.34439,0.32726,0.32249,0.00000,0.31273,0.32124,0.31127,0.32368,0.00000,0.00000,0.00000,0.00000,0.00000,0.00000,0.00000,0.00000,0.00000,0.00000,0.00000,0.00000,0.00000,0.00000,0.00000,0.00508,0.00000,0.00000,0.00000,0.39076,0.00000,0.00000,0.00000,0.00000,0.00000,0.00000,0.00708,0.00000,0.00000,0.00000,0.00000,0.01660,0.00000,0.00000,0.00000,0.00000,0.00741,0.00873,0.00000,0.00000,0.00000,0.06331,0.00436,0.00000,0.02688,0.00000,0.00000,0.00746,0.00000,0.00000,0.00000,0.00000,0.00000,0.00000,0.00000,0.00000,0.00467,0.07145,0.00803,0.08775,0.55812,0.29186,0.01864,0.02676,0.57500,0.05177,0.55539,0.07299,0.71259,0.05416,1.00000,0.44851,0.30439,0.37806,0.17156,0.06765,0.19134,0.33352,0.21057,0.20297,0.15299,0.35325,0.20327,0.39294,0.28741,0.11190,0.18428,0.16939,0.00000,0.00152,0.09721,0.00989,0.18050,0.09887,0.27197,0.24219,0.15175,0.54219,0.21881,0.55035,0.25415,0.26480,0.18616,0.36413,0.07643,0.38292,0.27253,0.16992,0.11776,0.07656,0.10120,0.41591,0.00000,0.00000,0.00000,0.00000,0.02080,0.13996,0.00000,0.00000,0.00000,0.00000,0.00000,0.26067,0.05445,0.45780,0.00000,0.00000,0.00000,0.00000,0.00000,0.00000,0.00000,0.00000,0.00000,0.36339,0.00000,0.00000,0.00000,0.00000,0.00000,0.00000,0.00883,0.28762,0.02492,0.02102,0.01365,0.00000,0.00000,0.00000,0.00000,0.00000,0.39389,0.42476,0.00000,0.00000,0.00000,0.00000,0.00000,0.11756,0.03329,0.02458,0.05922,0.07047,0.02756,0.04523,0.00000,0.00000,0.00000,0.00000,0.02545,0.03224,0.00000,0.00000,0.00000,0.00000,0.00000,0.00000,0.00000,0.00000,0.00860,0.00612,0.00000,0.00000,0.00000,0.00000,0.00000,0.00000,0.00000,0.00000,0.00000,0.00000,0.40706,0.33926,0.00000,0.00000,0.00000,0.00000,0.00000,0.00000,0.00060,0.01463,0.00227,0.00000,0.01372,0.24402,0.00000,0.00000,0.00000,0.00000,0.00000,0.00000,0.00000,0.00000,0.00000,0.00000,0.00000,0.00000,0.00000,0.00000,0.00000,0.00000,0.00000,0.00000,0.00000,0.00000,0.00000,0.01181,0.00000,0.32249,0.33494,0.19254,0.16634,0.35016,0.38569
VIS_LC11_L,0.15553,0.15989,0.00000,0.14797,0.14897,0.15078,0.14467,0.15891,0.16860,0.16136,0.14382,0.14662,0.15318,0.15362,0.13733,0.14672,0.13904,0.14802,0.12807,0.14690,0.15575,0.13983,0.14895,0.14472,0.14975,0.15378,0.13816,0.14690,0.13857,0.15416,0.16596,0.15072,0.14979,0.15370,0.16772,0.15576,0.15894,0.14659,0.14999,0.14798,0.14681,0.14328,0.15248,0.14941,0.15332,0.14495,0.00000,0.00000,0.14503,0.15032,0.13877,0.15781,0.15566,0.15611,0.15030,0.14670,0.15780,0.14182,0.13674,0.14007,0.15288,0.16224,0.14041,0.15057,0.14189,0.14474,0.15796,0.13327,0.14701,0.14553,0.16052,0.14804,0.14460,0.14009,0.15505,0.14811,0.14230,0.14992,0.14722,0.14511,0.15124,0.16101,0.00000,0.15930,0.14530,0.14143,0.15953,0.00000,0.00000,0.00000,0.00586,0.00000,0.00000,0.11829,0.00000,0.00000,0.00000,0.00000,0.00000,0.00000,0.03106,0.00000,0.00000,0.00000,0.00000,0.00000,0.00000,0.11829,0.16898,0.00000,0.01127,0.05530,0.00000,0.02375,0.00000,0.00000,0.00000,0.00000,0.01714,0.00000,0.17147,0.19809,0.16379,0.03623,0.00427,0.00000,0.07696,0.06393,0.08090,0.13650,0.06244,0.08204,0.00000,0.02704,0.16515,0.13971,0.00000,0.01041,0.00000,0.00000,0.00000,0.00000,0.00000,0.00000,0.06159,0.00000,0.25287,0.45911,0.30754,0.15313,0.19565,0.38470,0.27199,0.46519,0.22169,0.41314,0.17743,0.44851,1.00000,0.73442,0.67377,0.21542,0.02901,0.35541,0.48896,0.43388,0.23069,0.42738,0.60684,0.45619,0.73488,0.56747,0.22358,0.31328,0.21040,0.10562,0.04989,0.08989,0.02502,0.21233,0.15340,0.57678,0.40960,0.34685,0.48550,0.24437,0.31052,0.42670,0.52748,0.26927,0.43671,0.04893,0.02615,0.41863,0.42037,0.16422,0.07551,0.19191,0.16907,0.00000,0.00000,0.00717,0.00000,0.09282,0.17443,0.00000,0.00000,0.00000,0.00000,0.03138,0.19915,0.24686,0.30111,0.00000,0.00000,0.00000,0.00000,0.00000,0.00000,0.00000,0.00000,0.00000,0.32823,0.00000,0.00000,0.00000,0.00000,0.00000,0.00000,0.03749,0.14622,0.05837,0.05026,0.03004,0.00510,0.00000,0.00000,0.00000,0.00000,0.41064,0.40969,0.00000,0.00000,0.00000,0.00000,0.00000,0.21716,0.08655,0.05759,0.14640,0.16045,0.07099,0.11614,0.00000,0.00000,0.00000,0.00000,0.06482,0.07553,0.00000,0.00000,0.00000,0.00000,0.00000,0.00000,0.00000,0.00000,0.01976,0.01256,0.00000,0.00000,0.00000,0.00000,0.00459,0.00000,0.00000,0.00000,0.00000,0.00000,0.42186,0.40049,0.00000,0.00000,0.00000,0.00000,0.00000,0.00000,0.00058,0.01907,0.02112,0.01936,0.04802,0.22566,0.00000,0.00000,0.00000,0.00000,0.00000,0.00000,0.00000,0.00000,0.00000,0.00000,0.00000,0.00000,0.00000,0.00000,0.00000,0.00000,0.00000,0.00000,0.00000,0.00000,0.00000,0.02488,0.03202,0.14111,0.14003,0.24590,0.18966,0.20503,0.22345
VIS_LC11_R,0.16750,0.17140,0.00000,0.15827,0.15469,0.15276,0.15942,0.16256,0.17227,0.15920,0.15545,0.14965,0.15546,0.15392,0.14828,0.14537,0.15797,0.15457,0.13857,0.15279,0.16872,0.14653,0.15253,0.15947,0.16102,0.15289,0.15122,0.14842,0.15915,0.15655,0.17037,0.15636,0.15838,0.15601,0.17416,0.17068,0.16410,0.16288,0.15725,0.15371,0.15878,0.15302,0.14915,0.15745,0.16011,0.14943,0.00000,0.00000,0.15117,0.15179,0.14817,0.16571,0.15846,0.15428,0.16389,0.15450,0.16351,0.15005,0.15147,0.15528,0.15154,0.16730,0.14493,0.15442,0.14836,0.14758,0.15128,0.14226,0.14944,0.15015,0.15661,0.15408,0.14863,0.15187,0.15667,0.15659,0.15038,0.15522,0.16004,0.15561,0.16586,0.15646,0.00000,0.16444,0.14652,0.15864,0.17009,0.00000,0.00000,0.00000,0.02195,0.00000,0.00000,0.05586,0.00000,0.00000,0.00000,0.00000,0.00000,0.00000,0.00000,0.00000,0.00000,0.00000,0.00000,0.00000,0.00000,0.05586,0.01862,0.00000,0.01241,0.03047,0.00000,0.00436,0.00000,0.00000,0.00000,0.00000,0.01093,0.00000,0.08657,0.14311,0.05037,0.00399,0.00470,0.00000,0.08481,0.03606,0.03821,0.02820,0.01998,0.03735,0.00000,0.00000,0.06033,0.09237,0.00000,0.00273,0.00000,0.00000,0.00000,0.00000,0.00242,0.00000,0.03821,0.00000,0.36025,0.38385,0.08533,0.35597,0.36005,0.29770,0.41129,0.34515,0.35002,0.31283,0.37386,0.30439,0.73442,1.00000,0.60212,0.30738,0.01535,0.43099,0.45132,0.55347,0.05943,0.64155,0.49821,0.55437,0.60104,0.70932,0.15572,0.51713,0.04563,0.29268,0.10831,0.03258,0.09650,0.12479,0.25430,0.35555,0.61827,0.39485,0.47965,0.26739,0.30803,0.29763,0.51302,0.27187,0.38768,0.06835,0.03880,0.27592,0.54982,0.12598,0.16488,0.12385,0.22113,0.00000,0.00000,0.00000,0.00000,0.15947,0.14410,0.00000,0.00000,0.00000,0.00000,0.04841,0.21067,0.34670,0.27036,0.00000,0.00000,0.00000,0.00000,0.00000,0.00000,0.00000,0.00000,0.00000,0.36881,0.00000,0.00000,0.00000,0.00000,0.00000,0.00000,0.01814,0.14603,0.03996,0.03273,0.01839,0.00000,0.00000,0.00000,0.00000,0.00000,0.44645,0.46713,0.00000,0.00000,0.00000,0.00000,0.00000,0.15484,0.05491,0.03752,0.09396,0.09730,0.04036,0.07201,0.00000,0.00000,0.00000,0.00000,0.04002,0.04549,0.00000,0.00000,0.00000,0.00000,0.00000,0.00000,0.00000,0.00000,0.02177,0.01384,0.00000,0.00000,0.00000,0.00000,0.00169,0.00000,0.00000,0.00000,0.00000,0.00000,0.44873,0.45125,0.00000,0.00000,0.00000,0.00000,0.00000,0.00000,0.00000,0.02364,0.01838,0.02134,0.02646,0.23532,0.00000,0.00000,0.00000,0.00000,0.00000,0.00000,0.00000,0.00000,0.00000,0.00000,0.00000,0.00000,0.00000,0.00000,0.00000,0.00000,0.00000,0.00000,0.00000,0.00000,0.00000,0.02688,0.04087,0.13833,0.14929,0.40759,0.36230,0.21900,0.25664
VIS_LC12_L,0.04592,0.05917,0.00000,0.04550,0.04923,0.05621,0.05069,0.05217,0.05711,0.06154,0.05233,0.05057,0.04961,0.05280,0.05282,0.05214,0.04577,0.05113,0.05134,0.05330,0.04996,0.04885,0.05526,0.04743,0.04469,0.06883,0.05041,0.05616,0.04733,0.05134,0.06526,0.05335,0.05023,0.05445,0.06010,0.05698,0.05025,0.04483,0.05665,0.05471,0.05272,0.04846,0.05466,0.05457,0.05744,0.05510,0.00000,0.00000,0.04689,0.05135,0.05120,0.06368,0.05763,0.04588,0.05560,0.05208,0.04780,0.05056,0.04894,0.05436,0.05348,0.05133,0.05004,0.05806,0.04805,0.05262,0.06218,0.04928,0.04967,0.04867,0.05632,0.04998,0.06061,0.04509,0.06917,0.05209,0.04895,0.05431,0.05103,0.05164,0.05250,0.05629,0.00000,0.05373,0.04993,0.04878,0.05291,0.00000,0.00000,0.00000,0.00000,0.00000,0.03490,0.00000,0.05842,0.00000,0.00000,0.00000,0.00000,0.00000,0.00000,0.00000,0.00000,0.00000,0.00000,0.00000,0.00000,0.00000,0.00000,0.00000,0.00000,0.00000,0.00000,0.00000,0.00000,0.00000,0.00000,0.00000,0.01715,0.00000,0.00000,0.00395,0.00000,0.00000,0.00000,0.00000,0.00000,0.01052,0.00000,0.00983,0.00000,0.00876,0.00000,0.00000,0.00473,0.00000,0.00000,0.00000,0.00000,0.00000,0.00000,0.00000,0.06064,0.00000,0.13867,0.00000,0.13664,0.36564,0.12493,0.04160,0.09089,0.33200,0.17972,0.41375,0.10308,0.29668,0.11060,0.37806,0.67377,0.60212,1.00000,0.26608,0.16919,0.34163,0.55955,0.49583,0.06603,0.37945,0.70280,0.55155,0.58503,0.54896,0.17419,0.24517,0.05098,0.01286,0.03861,0.10835,0.04296,0.33633,0.27657,0.43668,0.41495,0.13941,0.37281,0.14951,0.27303,0.31945,0.47448,0.20846,0.39240,0.00266,0.00362,0.36231,0.41971,0.25300,0.18199,0.07898,0.03338,0.00000,0.00000,0.00000,0.00000,0.08406,0.12672,0.00000,0.00000,0.00000,0.00000,0.00000,0.13770,0.17780,0.28641,0.00000,0.00000,0.00000,0.00000,0.00000,0.00000,0.00000,0.00000,0.00000,0.27699,0.00000,0.00000,0.00000,0.00000,0.00000,0.00000,0.02107,0.05234,0.03477,0.02821,0.02211,0.00000,0.00000,0.00000,0.00000,0.00000,0.34672,0.36639,0.00000,0.00000,0.00000,0.00000,0.00000,0.13249,0.04941,0.03203,0.08250,0.08935,0.04055,0.06659,0.00000,0.00000,0.00000,0.00000,0.03781,0.04587,0.00000,0.00000,0.00000,0.00000,0.00000,0.00000,0.00000,0.00000,0.00000,0.00000,0.00000,0.00000,0.00000,0.00000,0.00000,0.00000,0.00000,0.00000,0.00000,0.00000,0.36224,0.33494,0.00000,0.00000,0.00000,0.00000,0.00000,0.00000,0.00000,0.01648,0.00000,0.00000,0.02732,0.19578,0.00000,0.00000,0.00000,0.00000,0.00000,0.00000,0.00000,0.00000,0.00000,0.00000,0.00000,0.00000,0.00000,0.00000,0.00000,0.00000,0.00000,0.00000,0.00000,0.00000,0.00000,0.01434,0.00438,0.04888,0.05333,0.16718,0.10290,0.10471,0.11437
VIS_LC12_R,0.18581,0.18540,0.00000,0.19625,0.18569,0.18646,0.19116,0.19395,0.18794,0.18597,0.18650,0.18571,0.18065,0.17996,0.16805,0.17774,0.19129,0.19114,0.19098,0.18565,0.18467,0.18161,0.17844,0.17926,0.18886,0.18542,0.19221,0.17466,0.18193,0.18109,0.19565,0.19150,0.19185,0.17582,0.18367,0.18801,0.18632,0.18079,0.18711,0.17770,0.17683,0.17625,0.17891,0.18887,0.18478,0.18358,0.00000,0.00000,0.17694,0.17457,0.19053,0.18048,0.18230,0.17635,0.18029,0.18359,0.18744,0.16053,0.17644,0.18880,0.17277,0.19015,0.17797,0.18010,0.18924,0.18839,0.17868,0.18258,0.18068,0.18383,0.17451,0.17813,0.18200,0.18906,0.18112,0.18099,0.17667,0.18493,0.18129,0.19207,0.18014,0.17165,0.00000,0.18069,0.18519,0.18953,0.18542,0.00000,0.00000,0.00000,0.00000,0.00000,0.00000,0.00000,0.00000,0.00000,0.00000,0.00000,0.00000,0.00000,0.00000,0.00000,0.00000,0.00000,0.00000,0.03718,0.21798,0.00000,0.00000,0.00000,0.00000,0.00000,0.00000,0.00000,0.00000,0.00000,0.00000,0.00000,0.00000,0.00000,0.00000,0.00488,0.00326,0.00000,0.01825,0.00000,0.00000,0.00000,0.03532,0.00000,0.01005,0.00000,0.00000,0.00000,0.00911,0.00000,0.00000,0.00000,0.00000,0.00000,0.00000,0.00000,0.00000,0.00000,0.01107,0.00000,0.28434,0.05788,0.01578,0.16119,0.34773,0.00701,0.32863,0.04937,0.29412,0.05220,0.35808,0.17156,0.21542,0.30738,0.26608,1.00000,0.00276,0.39039,0.28331,0.41422,0.00000,0.34190,0.27157,0.48101,0.18393,0.32741,0.17682,0.45211,0.00000,0.08754,0.13486,0.07400,0.15011,0.14975,0.36152,0.14434,0.22093,0.31982,0.11210,0.24981,0.25005,0.17198,0.24579,0.24944,0.21079,0.04505,0.10541,0.14875,0.25579,0.17322,0.30346,0.09549,0.27475,0.00000,0.00000,0.00000,0.00000,0.07668,0.01853,0.00000,0.00000,0.00000,0.00000,0.08950,0.00000,0.23642,0.00000,0.00000,0.00000,0.00000,0.00000,0.00000,0.00000,0.00000,0.00000,0.00000,0.20455,0.00000,0.00000,0.00000,0.00000,0.00000,0.00000,0.00029,0.16620,0.00162,0.00465,0.00000,0.00000,0.00000,0.00000,0.00000,0.00000,0.19283,0.25290,0.00000,0.00000,0.00000,0.00000,0.00000,0.00000,0.00226,0.00286,0.00918,0.00307,0.00176,0.00326,0.00000,0.00000,0.00000,0.00000,0.00401,0.00259,0.00000,0.00000,0.00000,0.00000,0.00000,0.00000,0.00000,0.00000,0.00000,0.00000,0.00000,0.00000,0.00000,0.00000,0.00000,0.00000,0.00000,0.00000,0.00000,0.00000,0.21402,0.19279,0.00000,0.00000,0.00000,0.00000,0.00000,0.00000,0.00000,0.00000,0.00000,0.00000,0.00298,0.11590,0.00000,0.00000,0.00000,0.00000,0.00000,0.00000,0.00000,0.00000,0.00000,0.00000,0.00000,0.00000,0.00000,0.00000,0.00000,0.00000,0.00000,0.00000,0.00000,0.00000,0.00000,0.01832,0.01876,0.16826,0.18234,0.34847,0.37214,0.19813,0.21515
VIS_LC13_L,0.04465,0.05106,0.00000,0.06388,0.06929,0.08156,0.05631,0.07965,0.06474,0.07425,0.07943,0.06755,0.07821,0.07340,0.07983,0.06955,0.07301,0.07968,0.07508,0.08429,0.05948,0.07375,0.06602,0.07358,0.05627,0.07991,0.07462,0.07602,0.06803,0.06114,0.07566,0.07377,0.06202,0.07200,0.05838,0.06060,0.05991,0.06092,0.08819,0.07679,0.08247,0.06352,0.07821,0.06560,0.07961,0.06180,0.00000,0.00000,0.07182,0.06962,0.07610,0.07888,0.08699,0.06877,0.07456,0.06672,0.05404,0.08225,0.08356,0.07545,0.07358,0.06755,0.08071,0.07440,0.07188,0.08103,0.07393,0.07707,0.08205,0.06603,0.08274,0.07787,0.08864,0.04845,0.07569,0.07219,0.06473,0.07190,0.08519,0.07398,0.07508,0.07553,0.00000,0.07483,0.07344,0.07739,0.06041,0.00000,0.00000,0.00000,0.00000,0.00000,0.00000,0.00000,0.00000,0.00000,0.00000,0.00000,0.00000,0.00000,0.00000,0.00000,0.00000,0.00000,0.00000,0.00000,0.00000,0.00000,0.00000,0.00000,0.00000,0.00000,0.00000,0.00000,0.00000,0.00000,0.00000,0.00000,0.00367,0.00000,0.00000,0.00116,0.00000,0.00000,0.00000,0.00000,0.00316,0.00206,0.00000,0.00000,0.01092,0.01202,0.00000,0.00000,0.00000,0.00000,0.00000,0.00000,0.00000,0.00000,0.07122,0.00000,0.19308,0.00000,0.20755,0.00000,0.03902,0.09508,0.17685,0.02667,0.02949,0.08425,0.03417,0.07474,0.02888,0.10226,0.02440,0.06765,0.02901,0.01535,0.16919,0.00276,1.00000,0.16575,0.04738,0.02168,0.26789,0.02118,0.02867,0.02227,0.03718,0.02558,0.12532,0.00791,0.10257,0.02212,0.00908,0.01923,0.00927,0.05029,0.02004,0.04834,0.03544,0.03577,0.07920,0.02935,0.04134,0.18264,0.06601,0.22793,0.14950,0.03027,0.01984,0.16638,0.06420,0.05469,0.01210,0.20471,0.01938,0.00000,0.00000,0.00000,0.00000,0.01362,0.03246,0.00000,0.00000,0.00000,0.00000,0.00000,0.00000,0.01967,0.02482,0.00000,0.00000,0.00000,0.00000,0.00000,0.00000,0.00000,0.00000,0.00000,0.02101,0.00000,0.00000,0.00000,0.00000,0.00000,0.00000,0.00922,0.05778,0.00307,0.00177,0.00000,0.00000,0.00000,0.00000,0.00000,0.00000,0.02434,0.02120,0.00000,0.00000,0.00000,0.00000,0.00000,0.00000,0.00430,0.00271,0.00000,0.00000,0.00446,0.00155,0.00000,0.00000,0.00000,0.00000,0.00109,0.00369,0.00000,0.00000,0.00000,0.00000,0.00000,0.00000,0.00000,0.00000,0.00000,0.00000,0.00000,0.00000,0.00000,0.00000,0.00104,0.00000,0.00000,0.00000,0.00000,0.00000,0.02356,0.02900,0.00000,0.00000,0.00000,0.00000,0.00000,0.00000,0.00238,0.00000,0.00603,0.00000,0.01010,0.01874,0.00000,0.00000,0.00000,0.00000,0.00000,0.00000,0.00000,0.00000,0.00000,0.00000,0.00000,0.00000,0.00000,0.00000,0.00000,0.00000,0.00000,0.00000,0.00000,0.00000,0.00000,0.00110,0.01117,0.04569,0.02782,0.01882,0.02157,0.06648,0.04131
VIS_LC13_R,0.16669,0.16558,0.00000,0.15916,0.15740,0.15434,0.15770,0.16356,0.15783,0.15712,0.16134,0.15327,0.15360,0.14696,0.14016,0.15733,0.15660,0.15714,0.16320,0.15819,0.15933,0.14930,0.14694,0.15187,0.16047,0.16797,0.16253,0.15491,0.15623,0.15490,0.16566,0.16366,0.16118,0.15392,0.15475,0.17140,0.16292,0.15774,0.16061,0.15424,0.15308,0.15195,0.15372,0.16588,0.16224,0.15667,0.00000,0.00000,0.14450,0.15164,0.16561,0.16019,0.15475,0.14863,0.16568,0.15748,0.16186,0.13485,0.14983,0.15905,0.14819,0.15499,0.15066,0.14959,0.15241,0.15579,0.16166,0.15891,0.15031,0.15685,0.15526,0.15224,0.15337,0.15987,0.16102,0.15069,0.15172,0.16232,0.16086,0.15465,0.14907,0.14963,0.00000,0.15652,0.15560,0.15685,0.15848,0.00000,0.00000,0.00000,0.04657,0.00000,0.00000,0.00000,0.00000,0.00000,0.00000,0.00000,0.00000,0.00000,0.00000,0.00000,0.00000,0.00000,0.00000,0.00000,0.00000,0.00000,0.00000,0.00000,0.00000,0.00000,0.00000,0.00000,0.00000,0.00000,0.00000,0.00000,0.00525,0.00000,0.00000,0.01024,0.00148,0.00000,0.00207,0.00000,0.00151,0.01328,0.00000,0.00413,0.00488,0.00645,0.00000,0.00000,0.00442,0.00000,0.00000,0.00000,0.00000,0.00000,0.00000,0.00000,0.00850,0.03809,0.01856,0.00000,0.37672,0.22401,0.08650,0.23185,0.39022,0.12673,0.42108,0.17890,0.37214,0.15618,0.40679,0.19134,0.35541,0.43099,0.34163,0.39039,0.16575,1.00000,0.32056,0.53721,0.04356,0.68917,0.34326,0.42034,0.40709,0.44700,0.08509,0.55761,0.02940,0.14285,0.15013,0.02794,0.08505,0.09647,0.25711,0.28965,0.46193,0.31966,0.18739,0.18536,0.16613,0.23586,0.50450,0.29158,0.32563,0.09635,0.02231,0.23755,0.41969,0.09039,0.22174,0.09280,0.22772,0.00000,0.00000,0.00000,0.00000,0.15751,0.10708,0.00000,0.00000,0.00000,0.00000,0.05475,0.02317,0.33196,0.11119,0.00000,0.00000,0.00000,0.00000,0.00000,0.00000,0.00000,0.00000,0.00000,0.26806,0.00000,0.00000,0.00000,0.00000,0.00000,0.00000,0.03004,0.14220,0.02389,0.02974,0.00701,0.01976,0.00000,0.00000,0.00000,0.00000,0.33904,0.32634,0.00000,0.00000,0.00000,0.00000,0.00000,0.04334,0.04118,0.02645,0.06134,0.06054,0.03790,0.04730,0.00000,0.00000,0.00000,0.00000,0.02801,0.03474,0.00000,0.00000,0.00000,0.00000,0.00000,0.00000,0.00000,0.00000,0.00244,0.00174,0.00000,0.00000,0.00000,0.00000,0.01113,0.00000,0.00000,0.00000,0.00000,0.00000,0.32022,0.33743,0.00000,0.00000,0.00000,0.00000,0.00000,0.00000,0.00283,0.00809,0.01401,0.00000,0.04149,0.19025,0.00000,0.00000,0.00000,0.00000,0.00000,0.00000,0.00000,0.00000,0.00000,0.00000,0.00000,0.00000,0.00000,0.00000,0.00000,0.00000,0.00000,0.00000,0.00000,0.00000,0.00000,0.02791,0.02182,0.13724,0.14817,0.34757,0.32206,0.19176,0.22403
VIS_LC15_L,0.15378,0.16382,0.00000,0.15111,0.15614,0.15898,0.15380,0.15426,0.15412,0.16347,0.16048,0.14975,0.14492,0.15859,0.14936,0.15287,0.15008,0.14563,0.15179,0.14868,0.14976,0.15433,0.15311,0.14658,0.15533,0.14815,0.14517,0.15072,0.14930,0.15829,0.16783,0.15558,0.15358,0.14736,0.15498,0.15466,0.15300,0.14574,0.15423,0.15499,0.15188,0.15547,0.15205,0.15524,0.16076,0.15513,0.00000,0.00000,0.14689,0.15706,0.14746,0.16092,0.14652,0.15424,0.14902,0.15790,0.15660,0.15301,0.15936,0.15429,0.15565,0.15268,0.15551,0.15726,0.15847,0.15416,0.16358,0.15311,0.15382,0.15533,0.15802,0.16178,0.15215,0.15569,0.16381,0.15567,0.15588,0.15891,0.14827,0.15836,0.15309,0.15581,0.00000,0.15234,0.14763,0.15221,0.15178,0.00000,0.00000,0.00000,0.10835,0.00000,0.16690,0.00000,0.27942,0.00000,0.00000,0.00000,0.00000,0.00000,0.00000,0.00000,0.00000,0.00000,0.00000,0.04258,0.05617,0.00000,0.05174,0.00000,0.00000,0.00000,0.00000,0.00606,0.00000,0.00000,0.00000,0.00000,0.01768,0.00000,0.00519,0.01468,0.01633,0.01110,0.01894,0.00000,0.05094,0.06758,0.00910,0.03918,0.00555,0.01727,0.00000,0.00000,0.01732,0.02377,0.00000,0.00000,0.00000,0.00000,0.00000,0.00000,0.01692,0.00000,0.07988,0.00000,0.13570,0.28345,0.15989,0.05940,0.11024,0.26217,0.15524,0.30451,0.12839,0.24551,0.15279,0.33352,0.48896,0.45132,0.55955,0.28331,0.04738,0.32056,1.00000,0.80733,0.13348,0.37909,0.82752,0.74332,0.60602,0.69910,0.30157,0.23835,0.07263,0.05317,0.07388,0.31580,0.26919,0.73477,0.71982,0.36906,0.41104,0.14247,0.25273,0.15605,0.20944,0.20938,0.34064,0.12798,0.27231,0.02595,0.02520,0.34198,0.47531,0.70453,0.63116,0.10941,0.07760,0.00000,0.00000,0.00000,0.01356,0.07474,0.10459,0.00000,0.00000,0.00000,0.00000,0.01153,0.10733,0.17342,0.22734,0.00000,0.00000,0.00000,0.00000,0.00000,0.00000,0.00000,0.00000,0.00000,0.37829,0.00000,0.00000,0.00000,0.00000,0.00000,0.00000,0.02240,0.14393,0.03557,0.03078,0.02214,0.00312,0.00000,0.00000,0.00000,0.00000,0.43605,0.38129,0.00000,0.00000,0.00000,0.00000,0.00000,0.13104,0.04997,0.03358,0.08670,0.09134,0.04272,0.06448,0.00000,0.00000,0.00000,0.00000,0.03798,0.04945,0.00000,0.00000,0.00000,0.00000,0.00000,0.00000,0.00000,0.00000,0.00051,0.00037,0.00000,0.00000,0.00000,0.00000,0.00188,0.00000,0.00000,0.00000,0.00000,0.00000,0.43601,0.40671,0.00000,0.00000,0.00000,0.00000,0.00000,0.00000,0.00036,0.02044,0.00272,0.00000,0.02941,0.21815,0.00000,0.00000,0.00000,0.00000,0.00000,0.00000,0.00000,0.00000,0.00000,0.00000,0.00000,0.00000,0.00000,0.00000,0.00000,0.00000,0.00000,0.00000,0.00000,0.00000,0.00000,0.03426,0.02078,0.15364,0.17266,0.19785,0.12717,0.19891,0.22531
VIS_LC15_R,0.21458,0.21935,0.00000,0.20733,0.20528,0.20613,0.20657,0.20789,0.20503,0.20774,0.21059,0.19499,0.19626,0.20203,0.19758,0.20255,0.20517,0.19640,0.20470,0.20080,0.20186,0.20088,0.19991,0.19859,0.20764,0.20276,0.20309,0.19925,0.20486,0.20658,0.21962,0.20921,0.20880,0.19623,0.20511,0.21559,0.20451,0.20384,0.21094,0.20387,0.20536,0.20807,0.19491,0.20950,0.21241,0.20710,0.00000,0.00000,0.19620,0.20201,0.20606,0.21436,0.19500,0.19828,0.20639,0.20945,0.21320,0.19609,0.20579,0.20852,0.19949,0.20401,0.19933,0.20415,0.20619,0.20019,0.20325,0.20171,0.20069,0.20524,0.19703,0.20630,0.19941,0.21124,0.21362,0.20712,0.20043,0.21283,0.20452,0.20672,0.20157,0.20268,0.00000,0.20589,0.20003,0.20581,0.21007,0.00000,0.00000,0.00000,0.03097,0.00000,0.11740,0.03574,0.19655,0.00000,0.00000,0.00000,0.00000,0.00000,0.00821,0.00000,0.00000,0.00000,0.00000,0.03216,0.05657,0.03574,0.00000,0.00000,0.00000,0.00000,0.00000,0.00000,0.00000,0.00000,0.00000,0.00000,0.01335,0.00000,0.00758,0.00936,0.01007,0.00000,0.01466,0.00000,0.07069,0.03521,0.03361,0.00752,0.00958,0.00620,0.00000,0.00715,0.01833,0.00492,0.00000,0.00184,0.00000,0.00000,0.00000,0.00000,0.01252,0.04058,0.03639,0.00000,0.34381,0.17732,0.05342,0.21821,0.35273,0.09986,0.40444,0.16090,0.34738,0.13083,0.40379,0.21057,0.43388,0.55347,0.49583,0.41422,0.02168,0.53721,0.80733,1.00000,0.02772,0.63927,0.72611,0.81981,0.57149,0.78667,0.20248,0.47725,0.01714,0.12905,0.16967,0.22792,0.27542,0.55793,0.74127,0.34134,0.51777,0.29916,0.17532,0.21010,0.20212,0.21783,0.39980,0.23520,0.23820,0.02913,0.03005,0.32383,0.56628,0.56337,0.63657,0.09745,0.15276,0.00000,0.00000,0.00000,0.00279,0.16328,0.07536,0.00000,0.00000,0.00000,0.00000,0.04977,0.03369,0.38514,0.07202,0.00000,0.00000,0.00000,0.05594,0.00000,0.00000,0.00000,0.00000,0.00000,0.44203,0.00000,0.00000,0.00000,0.00000,0.00000,0.00000,0.02396,0.18192,0.03101,0.03813,0.01323,0.01886,0.00000,0.00000,0.00000,0.00000,0.49619,0.47581,0.00000,0.00000,0.00000,0.00000,0.00000,0.07766,0.05038,0.03667,0.07711,0.07629,0.04504,0.06336,0.00000,0.00000,0.00000,0.00000,0.03904,0.04545,0.00000,0.00000,0.00000,0.00000,0.00000,0.00000,0.00000,0.00000,0.00267,0.00190,0.00000,0.00000,0.00000,0.00000,0.01174,0.00000,0.00000,0.12507,0.03837,0.04854,0.47074,0.48541,0.00000,0.00000,0.00000,0.00000,0.00000,0.00000,0.00185,0.00630,0.00823,0.00000,0.03705,0.25598,0.04355,0.00000,0.00000,0.00000,0.00000,0.00000,0.00000,0.00000,0.00000,0.00000,0.00000,0.00000,0.00000,0.00000,0.00000,0.00000,0.00000,0.00000,0.00000,0.00000,0.00000,0.04721,0.03411,0.18769,0.21620,0.32284,0.27153,0.26381,0.30406
VIS_LC16_L,0.05812,0.05147,0.00000,0.04960,0.05946,0.06906,0.05724,0.06454,0.05199,0.06995,0.06246,0.06868,0.06028,0.06491,0.05747,0.06329,0.05477,0.05637,0.06139,0.07006,0.05066,0.06097,0.05559,0.05704,0.05616,0.03913,0.05547,0.06498,0.05112,0.05858,0.06395,0.06042,0.05857,0.06445,0.04945,0.04453,0.06223,0.05693,0.06477,0.06884,0.05674,0.05695,0.07360,0.05043,0.07049,0.06381,0.00000,0.00000,0.05850,0.06849,0.05997,0.06950,0.05820,0.07570,0.05527,0.06383,0.06358,0.05867,0.07805,0.05415,0.06456,0.06672,0.06900,0.06399,0.05960,0.05908,0.06708,0.06632,0.06692,0.06436,0.07533,0.07281,0.05975,0.04392,0.06430,0.05559,0.05594,0.06204,0.06051,0.06223,0.05332,0.07654,0.00000,0.06562,0.06090,0.05861,0.05776,0.00000,0.00000,0.00000,0.00000,0.00000,0.00000,0.00000,0.00000,0.00000,0.00000,0.00000,0.00000,0.00000,0.00000,0.00000,0.00000,0.00000,0.00000,0.00000,0.00000,0.00000,0.35459,0.00000,0.00000,0.00000,0.00000,0.04154,0.00000,0.00000,0.00000,0.00000,0.00000,0.00000,0.00000,0.08385,0.00000,0.07603,0.00000,0.00000,0.00000,0.00000,0.00000,0.23869,0.00000,0.09306,0.00000,0.00000,0.00000,0.16287,0.00000,0.00000,0.00000,0.00000,0.00000,0.00000,0.00000,0.00000,0.00815,0.00000,0.05087,0.10732,0.36755,0.00000,0.00000,0.19878,0.00000,0.13061,0.00000,0.13781,0.00000,0.20297,0.23069,0.05943,0.06603,0.00000,0.26789,0.04356,0.13348,0.02772,1.00000,0.04262,0.12141,0.00201,0.33507,0.07569,0.19514,0.03392,0.22547,0.00000,0.00000,0.16868,0.00000,0.23907,0.00866,0.23925,0.02807,0.05955,0.14304,0.08993,0.09207,0.28090,0.04186,0.06218,0.27769,0.03234,0.00000,0.13827,0.00236,0.12463,0.00000,0.12487,0.10752,0.00000,0.00000,0.00000,0.00000,0.00000,0.02344,0.00000,0.00000,0.00000,0.00000,0.00000,0.12537,0.00000,0.22148,0.00000,0.00000,0.00000,0.00000,0.00000,0.00000,0.00000,0.00000,0.00000,0.02373,0.00000,0.00000,0.00000,0.00000,0.00000,0.00000,0.00000,0.04822,0.00000,0.00000,0.00000,0.00000,0.00000,0.00000,0.00000,0.00000,0.03403,0.00746,0.00000,0.00000,0.00000,0.00000,0.00000,0.00000,0.00000,0.00000,0.01969,0.00989,0.00000,0.00524,0.00000,0.00000,0.00000,0.00000,0.00000,0.00416,0.00000,0.00000,0.00000,0.00000,0.00000,0.00000,0.00000,0.00000,0.00000,0.00000,0.00000,0.00000,0.00000,0.00000,0.00000,0.00000,0.00000,0.00000,0.00000,0.00000,0.03120,0.00886,0.00000,0.00000,0.00000,0.00000,0.00000,0.00000,0.00000,0.00000,0.00000,0.00000,0.00000,0.00000,0.00000,0.00000,0.00000,0.00000,0.00000,0.00000,0.00000,0.00000,0.00000,0.00000,0.00000,0.00000,0.00000,0.00000,0.00000,0.00000,0.00000,0.00000,0.00000,0.00000,0.00000,0.00000,0.00000,0.05237,0.03705,0.15518,0.11983,0.04827,0.03976
VIS_LC16_R,0.15658,0.16197,0.00000,0.15242,0.13525,0.14050,0.14020,0.14914,0.15100,0.14001,0.15210,0.13322,0.13943,0.13142,0.13507,0.14139,0.14151,0.13746,0.14070,0.14140,0.14768,0.13397,0.13833,0.13655,0.13654,0.15352,0.14584,0.13385,0.14364,0.14511,0.15779,0.14958,0.15443,0.13609,0.13959,0.15206,0.14123,0.14902,0.15566,0.14302,0.14760,0.13948,0.13779,0.14666,0.14582,0.13592,0.00000,0.00000,0.13369,0.13915,0.14978,0.15210,0.13738,0.13663,0.14825,0.14581,0.14794,0.13142,0.13775,0.15168,0.13771,0.14977,0.13554,0.13852,0.13625,0.13366,0.13741,0.14164,0.13364,0.13840,0.13724,0.13609,0.13127,0.14858,0.15166,0.14441,0.13864,0.14946,0.15300,0.14366,0.14134,0.14461,0.00000,0.15336,0.14670,0.14220,0.15284,0.00000,0.00000,0.00000,0.03271,0.00000,0.00000,0.14514,0.00000,0.00000,0.00000,0.00000,0.00000,0.00000,0.00000,0.00000,0.00000,0.00000,0.00000,0.00000,0.00000,0.14514,0.00000,0.00000,0.00000,0.00000,0.00000,0.00000,0.00000,0.00000,0.00000,0.00000,0.00097,0.00000,0.03080,0.00827,0.03272,0.00000,0.00000,0.00000,0.00000,0.00981,0.09927,0.00458,0.02487,0.00306,0.00000,0.00000,0.05780,0.00000,0.00000,0.00000,0.00000,0.00000,0.00000,0.00000,0.01789,0.00098,0.01556,0.00000,0.42909,0.22589,0.03484,0.33901,0.49470,0.11428,0.49366,0.16874,0.46726,0.12260,0.53167,0.15299,0.42738,0.64155,0.37945,0.34190,0.02118,0.68917,0.37909,0.63927,0.04262,1.00000,0.37120,0.51605,0.54395,0.64464,0.07945,0.60418,0.01504,0.24588,0.23105,0.02238,0.14507,0.11817,0.35958,0.28824,0.62946,0.41268,0.19094,0.24413,0.18096,0.23988,0.55719,0.37880,0.31564,0.03640,0.00000,0.17957,0.47259,0.10996,0.23167,0.15053,0.16704,0.00000,0.00000,0.00000,0.00000,0.16768,0.09833,0.00000,0.00000,0.00000,0.00000,0.11792,0.06842,0.40536,0.11632,0.00000,0.00000,0.00000,0.00000,0.00000,0.00000,0.00000,0.00000,0.00000,0.32743,0.00000,0.00000,0.00000,0.00000,0.00000,0.00000,0.01745,0.12822,0.02373,0.02628,0.00657,0.00547,0.00000,0.00000,0.00000,0.00000,0.41249,0.39710,0.00000,0.00000,0.00000,0.00000,0.00000,0.05143,0.03410,0.02285,0.06103,0.05203,0.02739,0.03952,0.00000,0.00000,0.00000,0.00000,0.02327,0.02995,0.00000,0.00000,0.00000,0.00000,0.00000,0.00000,0.00000,0.00000,0.00632,0.00450,0.00000,0.00000,0.00000,0.00000,0.00658,0.00000,0.00000,0.00000,0.00000,0.00000,0.37826,0.39914,0.00000,0.00000,0.00000,0.00000,0.00000,0.00000,0.00000,0.01152,0.00239,0.00000,0.02850,0.20051,0.00000,0.00000,0.00000,0.00000,0.00000,0.00000,0.00000,0.00000,0.00000,0.00000,0.00000,0.00000,0.00000,0.00000,0.00000,0.00000,0.00000,0.00000,0.00000,0.00000,0.00000,0.02951,0.03761,0.12114,0.13718,0.58767,0.51873,0.18572,0.23167
VIS_LC17_L,0.15025,0.15830,0.00000,0.14242,0.14469,0.14967,0.14746,0.14583,0.14516,0.15366,0.14487,0.13976,0.13563,0.14845,0.14098,0.14367,0.13925,0.13550,0.14287,0.13934,0.13691,0.14522,0.14990,0.13604,0.15303,0.14633,0.13758,0.14626,0.13603,0.14864,0.15911,0.14298,0.14509,0.14298,0.15352,0.15328,0.14552,0.13866,0.14229,0.14497,0.14093,0.14604,0.14071,0.14552,0.15492,0.14952,0.00000,0.00000,0.14320,0.14817,0.14237,0.15853,0.13730,0.14623,0.14084,0.14823,0.15362,0.14172,0.14593,0.14409,0.14461,0.14547,0.14419,0.14486,0.14608,0.14637,0.15602,0.14179,0.14556,0.14727,0.14311,0.15289,0.14628,0.15056,0.15981,0.14889,0.14513,0.14787,0.13804,0.14837,0.14189,0.14847,0.00000,0.14282,0.13673,0.14371,0.14684,0.00000,0.00000,0.00000,0.01206,0.00000,0.13504,0.00000,0.22608,0.00000,0.00000,0.00000,0.00000,0.00000,0.00000,0.00000,0.00000,0.00000,0.00000,0.04472,0.07865,0.00000,0.01739,0.00000,0.00000,0.00000,0.00000,0.00204,0.00000,0.00000,0.00000,0.00000,0.02228,0.00000,0.00000,0.00646,0.00157,0.00373,0.01866,0.00000,0.00140,0.00548,0.01274,0.01610,0.00000,0.01125,0.00000,0.00000,0.00282,0.00799,0.00000,0.00000,0.00000,0.00000,0.00000,0.00000,0.00000,0.00000,0.06392,0.00000,0.12596,0.31205,0.23111,0.05328,0.08570,0.25377,0.15630,0.32091,0.11145,0.26900,0.13764,0.35325,0.60684,0.49821,0.70280,0.27157,0.02867,0.34326,0.82752,0.72611,0.12141,0.37120,1.00000,0.77543,0.63969,0.70260,0.20194,0.22152,0.10773,0.01617,0.06629,0.30734,0.18403,0.69191,0.58764,0.51833,0.42594,0.13298,0.26771,0.15670,0.25432,0.25383,0.40763,0.15881,0.33629,0.01744,0.03947,0.41366,0.40252,0.58907,0.44221,0.10445,0.06628,0.00000,0.00000,0.00000,0.00000,0.07134,0.11494,0.00000,0.00000,0.00000,0.00000,0.00000,0.08608,0.19677,0.19183,0.00000,0.00000,0.00000,0.00000,0.00000,0.00000,0.00000,0.00000,0.00000,0.38567,0.00000,0.00000,0.00000,0.00000,0.00000,0.00000,0.02995,0.13255,0.04213,0.03862,0.02404,0.01573,0.00000,0.00000,0.00000,0.00000,0.44314,0.40430,0.00000,0.00000,0.00000,0.00000,0.00000,0.14132,0.06384,0.04303,0.10679,0.11498,0.05527,0.08575,0.00000,0.00000,0.00000,0.00000,0.04853,0.05765,0.00000,0.00000,0.00000,0.00000,0.00000,0.00000,0.00000,0.00000,0.00000,0.00000,0.00000,0.00000,0.00000,0.00000,0.00749,0.00000,0.00000,0.00000,0.00000,0.00000,0.44168,0.42375,0.00000,0.00000,0.00000,0.00000,0.00000,0.00000,0.00120,0.01472,0.00801,0.00000,0.03975,0.23579,0.00000,0.00000,0.00000,0.00000,0.00000,0.00000,0.00000,0.00000,0.00000,0.00000,0.00000,0.00000,0.00000,0.00000,0.00000,0.00000,0.00000,0.00000,0.00000,0.00000,0.00000,0.03498,0.02480,0.15348,0.17648,0.15989,0.07658,0.19585,0.22253
VIS_LC17_R,0.17905,0.18465,0.00000,0.17078,0.16605,0.16956,0.17137,0.17163,0.17348,0.17010,0.17343,0.15966,0.16389,0.16292,0.16183,0.16238,0.16781,0.15881,0.16544,0.16474,0.16728,0.16301,0.16895,0.16097,0.17082,0.17580,0.16670,0.16633,0.16662,0.17226,0.18437,0.16940,0.17344,0.16249,0.17559,0.18325,0.16338,0.17374,0.16977,0.16558,0.17054,0.17169,0.15903,0.16767,0.17252,0.16887,0.00000,0.00000,0.16540,0.16436,0.16937,0.17782,0.15773,0.16348,0.17175,0.16924,0.17770,0.16129,0.16236,0.16963,0.16450,0.17045,0.16150,0.16588,0.16595,0.16300,0.16730,0.16455,0.16680,0.16506,0.15881,0.16856,0.16527,0.17164,0.17471,0.17001,0.16403,0.17355,0.16947,0.17017,0.16873,0.16416,0.00000,0.16934,0.16239,0.16796,0.17702,0.00000,0.00000,0.00000,0.02248,0.00000,0.17116,0.01508,0.28655,0.00000,0.00000,0.00000,0.00000,0.00000,0.00000,0.00000,0.00000,0.00000,0.00000,0.02715,0.06821,0.01508,0.00000,0.00000,0.00000,0.00000,0.00000,0.00000,0.00000,0.00000,0.00000,0.00000,0.02133,0.00000,0.00582,0.00267,0.00510,0.00000,0.01238,0.00000,0.00139,0.00000,0.02137,0.00381,0.00966,0.00269,0.00000,0.00000,0.01059,0.00000,0.00000,0.00000,0.00000,0.00000,0.00000,0.00000,0.01252,0.00000,0.02979,0.00000,0.34816,0.17810,0.04114,0.24699,0.34760,0.06751,0.40510,0.14101,0.33747,0.11262,0.37466,0.20327,0.45619,0.55437,0.55155,0.48101,0.02227,0.42034,0.74332,0.81981,0.00201,0.51605,0.77543,1.00000,0.51949,0.78942,0.17846,0.34736,0.01596,0.15745,0.13856,0.22384,0.31272,0.50361,0.74999,0.39363,0.55163,0.29650,0.16026,0.21399,0.20665,0.22784,0.38959,0.23642,0.25948,0.05243,0.02801,0.30249,0.52796,0.46128,0.53844,0.08793,0.12016,0.00000,0.00000,0.00000,0.00000,0.14074,0.06198,0.00000,0.00000,0.00000,0.00000,0.05321,0.00711,0.35370,0.03910,0.00000,0.00000,0.00000,0.00000,0.00000,0.00000,0.00000,0.00000,0.00000,0.38867,0.00000,0.00000,0.00000,0.00000,0.00000,0.00000,0.02892,0.14905,0.03768,0.04078,0.01936,0.01819,0.00000,0.00000,0.00000,0.00000,0.43529,0.43568,0.00000,0.00000,0.00000,0.00000,0.00000,0.11116,0.06148,0.04425,0.08974,0.10211,0.05399,0.08060,0.00000,0.00000,0.00000,0.00000,0.04809,0.05273,0.00000,0.00000,0.00000,0.00000,0.00000,0.00000,0.00000,0.00000,0.00113,0.00080,0.00000,0.00000,0.00000,0.00000,0.01025,0.00000,0.00000,0.00000,0.00000,0.00000,0.42714,0.44440,0.00000,0.00000,0.00000,0.00000,0.00000,0.00000,0.00261,0.00585,0.00992,0.00000,0.04239,0.24461,0.00000,0.00000,0.00000,0.00000,0.00000,0.00000,0.00000,0.00000,0.00000,0.00000,0.00000,0.00000,0.00000,0.00000,0.00000,0.00000,0.00000,0.00000,0.00000,0.00000,0.00000,0.04376,0.04400,0.16605,0.19961,0.28466,0.25205,0.22329,0.26548
VIS_LC18_L,0.18362,0.19154,0.00000,0.17038,0.17409,0.17841,0.17398,0.17765,0.18102,0.18628,0.17277,0.16931,0.16633,0.18022,0.16533,0.17390,0.16556,0.16785,0.16683,0.16761,0.17050,0.17169,0.17238,0.16457,0.17789,0.16819,0.16241,0.17187,0.15890,0.18105,0.18945,0.17592,0.17855,0.17468,0.18412,0.18250,0.18120,0.16498,0.17773,0.17819,0.16992,0.17778,0.17552,0.17531,0.18632,0.18086,0.00000,0.00000,0.16662,0.18213,0.17019,0.19266,0.16900,0.17874,0.17561,0.17879,0.18437,0.16644,0.17483,0.17357,0.17698,0.18382,0.16953,0.17590,0.16979,0.17213,0.18932,0.17037,0.17320,0.18118,0.17942,0.17728,0.17269,0.17689,0.19281,0.17892,0.17140,0.18710,0.16771,0.17817,0.17043,0.18339,0.00000,0.18064,0.17116,0.16871,0.17942,0.00000,0.00000,0.00000,0.00000,0.00000,0.00000,0.02442,0.00000,0.00000,0.00000,0.00000,0.00000,0.00000,0.00000,0.00000,0.00000,0.00000,0.00000,0.00000,0.02209,0.02442,0.14655,0.00000,0.00000,0.00000,0.00000,0.01717,0.00000,0.00000,0.00000,0.00000,0.02477,0.00000,0.02662,0.04435,0.06332,0.03142,0.00000,0.00000,0.00169,0.00853,0.02028,0.10121,0.02766,0.04327,0.00000,0.00000,0.06132,0.07909,0.00000,0.00000,0.00000,0.00000,0.00950,0.00000,0.01489,0.00132,0.05611,0.00000,0.21959,0.30924,0.25157,0.11331,0.15607,0.22284,0.22896,0.30048,0.17898,0.26048,0.17952,0.39294,0.73488,0.60104,0.58503,0.18393,0.03718,0.40709,0.60602,0.57149,0.33507,0.54395,0.63969,0.51949,1.00000,0.69343,0.22274,0.35453,0.14888,0.07812,0.07157,0.12426,0.04400,0.30534,0.25317,0.58193,0.43728,0.22666,0.27924,0.18111,0.24133,0.33509,0.43795,0.24533,0.43288,0.01559,0.01310,0.44054,0.49011,0.24236,0.15517,0.13245,0.12699,0.00000,0.00000,0.00000,0.00000,0.10053,0.10537,0.00000,0.00000,0.00000,0.00000,0.01814,0.06333,0.24225,0.15832,0.00000,0.00000,0.00000,0.00000,0.00000,0.00000,0.00000,0.00000,0.00000,0.42773,0.00000,0.00000,0.00000,0.00000,0.00000,0.00000,0.05330,0.16072,0.06348,0.06156,0.02894,0.02946,0.00000,0.00000,0.00000,0.00000,0.52214,0.48113,0.00000,0.00000,0.00000,0.00000,0.00000,0.19848,0.09885,0.06550,0.15773,0.18133,0.08669,0.12641,0.00000,0.00000,0.00000,0.00000,0.07237,0.08687,0.01221,0.00000,0.00000,0.00000,0.00000,0.00000,0.00000,0.00000,0.01914,0.01383,0.00000,0.00000,0.00000,0.00000,0.01660,0.00000,0.00000,0.00000,0.00000,0.00000,0.50857,0.50641,0.00000,0.00000,0.00000,0.00000,0.00000,0.00000,0.00507,0.01464,0.04178,0.01487,0.06671,0.26556,0.00000,0.00000,0.00000,0.00000,0.00000,0.00000,0.00000,0.00000,0.00000,0.00000,0.00000,0.00000,0.00000,0.00000,0.00000,0.00000,0.00000,0.00000,0.00000,0.00000,0.00000,0.04784,0.04307,0.17226,0.18024,0.28553,0.15908,0.23306,0.26524
VIS_LC18_R,0.28114,0.28355,0.00000,0.26995,0.26379,0.26691,0.26849,0.26667,0.27178,0.27142,0.27309,0.25633,0.26105,0.26263,0.26202,0.25779,0.26396,0.25953,0.25707,0.25837,0.27065,0.25700,0.26857,0.26264,0.27299,0.26649,0.26237,0.26368,0.26795,0.27116,0.27957,0.26628,0.26755,0.25953,0.27582,0.28551,0.27269,0.27326,0.27449,0.26254,0.26846,0.27034,0.25449,0.27078,0.27098,0.26471,0.00000,0.00000,0.25902,0.26254,0.26128,0.27451,0.25928,0.26162,0.27153,0.27053,0.27444,0.26293,0.26481,0.26937,0.25776,0.27585,0.25608,0.26605,0.26023,0.26040,0.26254,0.25576,0.25586,0.26252,0.26546,0.26786,0.25609,0.26947,0.27315,0.27057,0.26337,0.27650,0.27147,0.26777,0.26853,0.26635,0.00000,0.27047,0.25762,0.26609,0.27867,0.00000,0.00000,0.00000,0.01535,0.00000,0.05037,0.12648,0.08432,0.00000,0.00000,0.00000,0.00000,0.00000,0.00000,0.00000,0.00000,0.00000,0.00000,0.04337,0.05720,0.12648,0.02108,0.00000,0.00000,0.00000,0.00000,0.00247,0.00000,0.00000,0.00000,0.00000,0.02194,0.00000,0.03213,0.02724,0.04467,0.00452,0.01863,0.00000,0.00194,0.00380,0.09578,0.02528,0.02136,0.02094,0.00000,0.00000,0.05634,0.04018,0.00000,0.00000,0.00000,0.00000,0.00000,0.00000,0.01559,0.00057,0.05876,0.00000,0.26853,0.31451,0.10718,0.29611,0.24789,0.17104,0.30808,0.24386,0.27281,0.22012,0.31240,0.28741,0.56747,0.70932,0.54896,0.32741,0.02558,0.44700,0.69910,0.78667,0.07569,0.64464,0.70260,0.78942,0.69343,1.00000,0.20968,0.47538,0.03822,0.27164,0.17603,0.16110,0.25742,0.41049,0.60909,0.41562,0.68941,0.24027,0.27227,0.22601,0.26381,0.22566,0.42498,0.23285,0.33526,0.04638,0.05045,0.32557,0.64733,0.37616,0.43269,0.13439,0.17728,0.00000,0.00000,0.00000,0.01052,0.13650,0.09753,0.00000,0.00000,0.00000,0.00000,0.03915,0.06956,0.36608,0.14857,0.00000,0.00000,0.00000,0.00000,0.00000,0.00000,0.00000,0.00000,0.00000,0.46831,0.00000,0.00000,0.00000,0.00000,0.00000,0.00000,0.03694,0.24027,0.04895,0.04784,0.02602,0.02225,0.00000,0.00000,0.00000,0.00000,0.53562,0.51464,0.00000,0.00000,0.00000,0.00000,0.00000,0.17131,0.07640,0.05201,0.10938,0.13232,0.06558,0.09522,0.00000,0.00000,0.00000,0.00000,0.05745,0.06677,0.00000,0.00000,0.00000,0.00000,0.00000,0.00000,0.00000,0.00000,0.01757,0.01157,0.00000,0.00000,0.00000,0.00000,0.01528,0.00000,0.00000,0.00000,0.00000,0.00000,0.51371,0.53334,0.00000,0.00000,0.00000,0.00000,0.00000,0.00000,0.00146,0.01561,0.02219,0.01208,0.04669,0.27773,0.00000,0.00000,0.00000,0.00000,0.00000,0.00000,0.00000,0.00000,0.00000,0.00000,0.00000,0.00000,0.00000,0.00000,0.00000,0.00000,0.00000,0.00000,0.00000,0.00000,0.00000,0.06929,0.06229,0.25308,0.27844,0.28141,0.19126,0.33296,0.37442
VIS_LC21_L,0.11077,0.11973,0.00000,0.11590,0.12623,0.13013,0.12176,0.11963,0.12686,0.12597,0.12667,0.12977,0.12384,0.13108,0.12636,0.12019,0.12445,0.11643,0.11855,0.12168,0.12123,0.12512,0.12363,0.12697,0.11563,0.11801,0.11084,0.12563,0.12212,0.12109,0.12685,0.12685,0.11739,0.12623,0.11509,0.10744,0.12590,0.11047,0.12189,0.12890,0.12319,0.11182,0.13236,0.11419,0.12036,0.10992,0.00000,0.00000,0.11031,0.12548,0.10928,0.11870,0.12282,0.11902,0.11727,0.11245,0.11338,0.13790,0.12521,0.11267,0.12669,0.12032,0.13246,0.12716,0.13394,0.11476,0.12701,0.11141,0.12958,0.11005,0.14553,0.12818,0.12129,0.10394,0.11818,0.11567,0.12225,0.11712,0.12532,0.11628,0.12442,0.12264,0.00000,0.12793,0.11561,0.12685,0.11352,0.00000,0.00000,0.00000,0.15021,0.00000,0.04174,0.00000,0.06988,0.00000,0.00000,0.00000,0.00000,0.00000,0.00000,0.00000,0.00000,0.00000,0.00000,0.03594,0.02107,0.00000,0.13976,0.00000,0.00000,0.00000,0.00000,0.01637,0.00000,0.00000,0.00000,0.00000,0.00622,0.00000,0.02921,0.06374,0.07981,0.02997,0.01470,0.00000,0.00000,0.03882,0.00341,0.09996,0.03610,0.05240,0.00000,0.00000,0.06918,0.10913,0.00000,0.00000,0.00000,0.00000,0.05435,0.00000,0.08644,0.00000,0.10702,0.00000,0.05063,0.07423,0.19926,0.06031,0.00978,0.07576,0.02251,0.07119,0.03280,0.08063,0.04039,0.11190,0.22358,0.15572,0.17419,0.17682,0.12532,0.08509,0.30157,0.20248,0.19514,0.07945,0.20194,0.17846,0.22274,0.20968,1.00000,0.16216,0.23756,0.11226,0.03798,0.23089,0.06599,0.19911,0.19461,0.14274,0.07998,0.10738,0.14018,0.10011,0.09001,0.10190,0.05690,0.05139,0.11956,0.03027,0.01346,0.34284,0.19660,0.23819,0.21857,0.15276,0.08953,0.00000,0.00000,0.00000,0.00872,0.01708,0.04059,0.00000,0.00000,0.00000,0.00000,0.00000,0.02196,0.03837,0.05051,0.00000,0.00000,0.00000,0.00000,0.00000,0.00000,0.00000,0.00000,0.00000,0.12113,0.00000,0.00000,0.00000,0.00000,0.00000,0.00000,0.00630,0.11014,0.00234,0.00135,0.00000,0.00000,0.00000,0.00000,0.00000,0.00000,0.11417,0.10262,0.00000,0.00000,0.00000,0.00000,0.00000,0.00000,0.00328,0.00207,0.00739,0.00371,0.00340,0.00315,0.00000,0.00000,0.00000,0.00000,0.00083,0.00438,0.00000,0.00000,0.00000,0.00000,0.00000,0.00000,0.00000,0.00000,0.00000,0.00000,0.00000,0.00000,0.00000,0.00000,0.00000,0.00000,0.00000,0.00000,0.00000,0.00000,0.11984,0.09939,0.00000,0.00000,0.00000,0.00000,0.00000,0.00000,0.00000,0.00000,0.00460,0.00000,0.00678,0.05959,0.00000,0.00000,0.00000,0.00000,0.00000,0.00000,0.00000,0.00000,0.00000,0.00000,0.00000,0.00000,0.00000,0.00000,0.00000,0.00000,0.00000,0.00000,0.00000,0.00000,0.00000,0.00560,0.00350,0.11062,0.09914,0.05957,0.03626,0.12366,0.11701
VIS_LC21_R,0.26956,0.26339,0.00000,0.27477,0.26477,0.25840,0.26751,0.27305,0.26853,0.26413,0.26044,0.26624,0.25862,0.26072,0.24677,0.25108,0.26616,0.27058,0.25950,0.26251,0.27888,0.25126,0.25048,0.26863,0.27208,0.25700,0.26802,0.25163,0.26758,0.25412,0.26968,0.26821,0.27438,0.25632,0.26612,0.27514,0.27710,0.26601,0.27164,0.25838,0.24590,0.25479,0.25282,0.26646,0.26324,0.25667,0.00000,0.00000,0.24887,0.25040,0.26035,0.25923,0.27026,0.24973,0.26901,0.25357,0.27160,0.23608,0.25677,0.26389,0.24724,0.27646,0.24565,0.26389,0.25918,0.26102,0.24881,0.25107,0.25529,0.26017,0.25522,0.24600,0.25283,0.26306,0.25316,0.26593,0.24976,0.26388,0.26326,0.27121,0.26955,0.24834,0.00000,0.26404,0.26305,0.26448,0.27213,0.00000,0.00000,0.00000,0.17630,0.00000,0.00000,0.14811,0.00000,0.00000,0.00000,0.00000,0.00000,0.00000,0.00000,0.00000,0.00000,0.00000,0.00000,0.00000,0.20096,0.14811,0.07406,0.00000,0.00000,0.00000,0.00000,0.00868,0.00000,0.00000,0.00000,0.00000,0.00000,0.00000,0.05000,0.06630,0.08347,0.01588,0.00000,0.00000,0.00000,0.00000,0.13386,0.05920,0.03825,0.04442,0.00000,0.00000,0.09730,0.10772,0.00000,0.00000,0.00000,0.00000,0.00000,0.00000,0.00769,0.13082,0.00151,0.00000,0.24190,0.11410,0.03232,0.36006,0.27082,0.01099,0.24811,0.05030,0.26721,0.09594,0.30868,0.18428,0.31328,0.51713,0.24517,0.45211,0.00791,0.55761,0.23835,0.47725,0.03392,0.60418,0.22152,0.34736,0.35453,0.47538,0.16216,1.00000,0.06050,0.34090,0.10987,0.02592,0.16619,0.07512,0.26605,0.13592,0.41946,0.33390,0.26787,0.23950,0.29841,0.14502,0.28069,0.26191,0.24388,0.05909,0.12835,0.12165,0.48330,0.10021,0.26612,0.13106,0.41611,0.00000,0.00000,0.00000,0.00000,0.08641,0.03530,0.00000,0.00000,0.00000,0.00000,0.11918,0.00000,0.22274,0.00233,0.00000,0.00000,0.00000,0.04416,0.00000,0.00000,0.00000,0.00000,0.00000,0.28883,0.00000,0.00000,0.00000,0.00000,0.00000,0.00000,0.00000,0.23555,0.00000,0.00429,0.00000,0.00000,0.00000,0.00000,0.00000,0.00000,0.31561,0.32488,0.00000,0.00000,0.00000,0.00000,0.00000,0.00000,0.00261,0.00000,0.00000,0.00000,0.00210,0.00292,0.00000,0.00000,0.00000,0.00000,0.00000,0.00232,0.00000,0.00000,0.00000,0.00000,0.00000,0.00000,0.00000,0.00000,0.00246,0.00175,0.00000,0.00000,0.00000,0.00000,0.00224,0.00000,0.00000,0.09874,0.03029,0.03832,0.30747,0.32421,0.00000,0.00000,0.00000,0.00000,0.00000,0.00000,0.00000,0.00000,0.00000,0.00000,0.00000,0.15156,0.03438,0.00000,0.00000,0.00000,0.00000,0.00000,0.00000,0.00000,0.00000,0.00000,0.00000,0.00000,0.00000,0.00000,0.00000,0.00000,0.00000,0.00000,0.00000,0.00000,0.00000,0.02970,0.00926,0.22595,0.23796,0.33818,0.31346,0.29122,0.32330
VIS_LC22_L,0.10673,0.10633,0.00000,0.11418,0.11574,0.12939,0.10359,0.10893,0.12772,0.12141,0.11349,0.11172,0.12459,0.12509,0.11351,0.12839,0.11158,0.10240,0.09784,0.11038,0.10187,0.11971,0.12760,0.10766,0.11662,0.10431,0.10851,0.11595,0.10097,0.12480,0.11637,0.12063,0.11324,0.12193,0.11630,0.10873,0.11984,0.10655,0.11344,0.11509,0.11177,0.09699,0.12432,0.10787,0.11385,0.10163,0.00000,0.00000,0.10393,0.12370,0.10191,0.10827,0.12226,0.12750,0.10327,0.11568,0.11946,0.12422,0.10606,0.10215,0.11296,0.11391,0.11982,0.11552,0.12419,0.11827,0.11839,0.10480,0.12428,0.10096,0.13079,0.11961,0.10771,0.10152,0.11031,0.10444,0.11191,0.12118,0.11791,0.10150,0.12256,0.12136,0.00000,0.12183,0.11757,0.11135,0.11176,0.00000,0.00000,0.00000,0.05407,0.00000,0.00000,0.00000,0.00000,0.00000,0.00000,0.00000,0.00000,0.00000,0.00000,0.00000,0.00000,0.00000,0.00000,0.00000,0.00000,0.00000,0.19803,0.00000,0.00000,0.00000,0.00000,0.02320,0.00000,0.00000,0.00000,0.00000,0.00000,0.00000,0.08667,0.06000,0.18414,0.04246,0.00000,0.00000,0.00399,0.00000,0.00000,0.13330,0.06492,0.09628,0.00000,0.00000,0.16173,0.09949,0.00000,0.00000,0.00000,0.00000,0.00000,0.00000,0.01927,0.00000,0.02388,0.00000,0.04488,0.17648,0.32680,0.00000,0.02132,0.18982,0.02273,0.15158,0.03847,0.21345,0.00000,0.16939,0.21040,0.04563,0.05098,0.00000,0.10257,0.02940,0.07263,0.01714,0.22547,0.01504,0.10773,0.01596,0.14888,0.03822,0.23756,0.06050,1.00000,0.05253,0.00000,0.30730,0.00244,0.18514,0.02220,0.16475,0.00984,0.29491,0.39653,0.19393,0.11916,0.21882,0.09351,0.16857,0.11422,0.01806,0.10726,0.29409,0.01011,0.09071,0.01947,0.54716,0.09921,0.00000,0.00000,0.01225,0.00000,0.01884,0.07466,0.00000,0.00000,0.00000,0.00000,0.00000,0.04668,0.00000,0.09627,0.00000,0.00000,0.00000,0.00000,0.00000,0.00000,0.00000,0.00000,0.00000,0.01609,0.00000,0.00000,0.00000,0.00000,0.00000,0.00000,0.00000,0.10366,0.00000,0.00000,0.00000,0.00000,0.00000,0.00000,0.00000,0.00000,0.01973,0.01216,0.00000,0.00000,0.00000,0.00000,0.00000,0.00000,0.00000,0.00000,0.00628,0.00315,0.00000,0.00167,0.00000,0.00000,0.00000,0.00000,0.00000,0.00133,0.00000,0.00000,0.00000,0.00000,0.00000,0.00000,0.00000,0.00000,0.00000,0.00000,0.00000,0.00000,0.00000,0.00000,0.00000,0.00000,0.00000,0.00000,0.00000,0.00000,0.01340,0.01444,0.00000,0.00000,0.00000,0.00000,0.00000,0.00000,0.00000,0.00000,0.00000,0.00000,0.00000,0.01077,0.00000,0.00000,0.00000,0.00000,0.00000,0.00000,0.00000,0.00000,0.00000,0.00000,0.00000,0.00000,0.00000,0.00000,0.00000,0.00000,0.00000,0.00000,0.00000,0.00000,0.00000,0.00203,0.00163,0.10587,0.10025,0.06217,0.05374,0.12366,0.08346
VIS_LC22_R,0.17992,0.17385,0.00000,0.17915,0.17104,0.16444,0.17559,0.18267,0.18609,0.16355,0.17469,0.17551,0.17710,0.16751,0.16350,0.15662,0.17950,0.18183,0.15311,0.16284,0.20707,0.15602,0.16918,0.18329,0.18427,0.17303,0.17309,0.16988,0.18762,0.17475,0.17023,0.16842,0.16949,0.16461,0.17688,0.18153,0.18116,0.18200,0.18336,0.16650,0.16933,0.16640,0.16722,0.17283,0.16587,0.15677,0.00000,0.00000,0.16729,0.16456,0.16281,0.16664,0.18600,0.17533,0.18716,0.16137,0.17844,0.17524,0.16856,0.17671,0.16476,0.19035,0.15980,0.16837,0.16647,0.16954,0.16429,0.16159,0.16818,0.16304,0.17855,0.16927,0.16205,0.16851,0.15168,0.17956,0.17040,0.17717,0.18180,0.18090,0.19417,0.16604,0.00000,0.18045,0.16572,0.17540,0.18369,0.00000,0.00000,0.00000,0.07803,0.00000,0.00000,0.13455,0.00000,0.00000,0.00000,0.00000,0.00000,0.00000,0.00000,0.00000,0.00000,0.00000,0.00000,0.00000,0.00000,0.13455,0.00000,0.00000,0.00136,0.00000,0.00000,0.00000,0.00000,0.00000,0.00000,0.00000,0.00000,0.00000,0.06631,0.11590,0.03033,0.00000,0.00000,0.00000,0.00928,0.01239,0.09202,0.01801,0.04739,0.04998,0.00000,0.00000,0.05416,0.13764,0.00000,0.00000,0.00000,0.00000,0.00000,0.00000,0.00381,0.00000,0.00000,0.00000,0.22760,0.13508,0.00107,0.51727,0.25917,0.01612,0.22499,0.02626,0.24680,0.07999,0.25297,0.00000,0.10562,0.29268,0.01286,0.08754,0.02212,0.14285,0.05317,0.12905,0.00000,0.24588,0.01617,0.15745,0.07812,0.27164,0.11226,0.34090,0.05253,1.00000,0.06037,0.01134,0.26624,0.03429,0.22207,0.05914,0.34906,0.39246,0.26964,0.17462,0.19490,0.05814,0.14324,0.12444,0.19040,0.19604,0.00000,0.02750,0.27638,0.02034,0.17505,0.14320,0.41823,0.00000,0.00000,0.00000,0.00381,0.10018,0.05306,0.00000,0.00000,0.00000,0.00000,0.17489,0.00000,0.07971,0.00461,0.00000,0.00000,0.00000,0.02735,0.00000,0.00000,0.00000,0.00000,0.00000,0.08418,0.00000,0.00000,0.00000,0.00000,0.00000,0.00000,0.00000,0.15445,0.00000,0.00000,0.00000,0.00000,0.00000,0.00000,0.00000,0.00000,0.08487,0.08958,0.00000,0.00000,0.00000,0.00000,0.00000,0.00000,0.00000,0.00000,0.00000,0.00000,0.00000,0.00000,0.00000,0.00000,0.00000,0.00000,0.00000,0.00000,0.00000,0.00000,0.00000,0.00000,0.00000,0.00000,0.00000,0.00000,0.00000,0.00000,0.00000,0.00000,0.00000,0.00000,0.00000,0.00000,0.00000,0.06116,0.01876,0.02373,0.09472,0.11457,0.00000,0.00000,0.00000,0.00000,0.00000,0.00000,0.00000,0.00000,0.00000,0.00000,0.00000,0.05257,0.02129,0.00000,0.00000,0.00000,0.00000,0.00000,0.00000,0.00000,0.00000,0.00000,0.00000,0.00000,0.00000,0.00000,0.00000,0.00000,0.00000,0.00000,0.00000,0.00000,0.00000,0.00765,0.01044,0.15151,0.15221,0.23683,0.26153,0.17493,0.19595
VIS_LC24_L,0.41047,0.41753,0.00000,0.41251,0.40100,0.40990,0.39623,0.40427,0.40612,0.39237,0.42559,0.38234,0.40603,0.38168,0.41705,0.41999,0.41093,0.37061,0.41255,0.40035,0.38695,0.40928,0.41215,0.39341,0.36396,0.43212,0.41087,0.38909,0.40375,0.39809,0.41694,0.41083,0.40698,0.42734,0.37480,0.36642,0.38543,0.40170,0.41248,0.41292,0.42785,0.38264,0.43691,0.38838,0.40564,0.37534,0.00000,0.00000,0.40070,0.40137,0.41698,0.42577,0.39366,0.38654,0.38638,0.42998,0.37712,0.42783,0.39709,0.39907,0.40925,0.37487,0.39809,0.39176,0.42609,0.37584,0.41128,0.40574,0.41468,0.36446,0.40348,0.41710,0.40414,0.37987,0.43555,0.38078,0.40997,0.39953,0.41431,0.37544,0.38241,0.41272,0.00000,0.42925,0.41191,0.39823,0.39591,0.00000,0.00000,0.00000,0.00000,0.00000,0.00000,0.00000,0.00000,0.00000,0.00000,0.00000,0.00000,0.00000,0.00000,0.00000,0.00000,0.00000,0.00000,0.22662,0.00000,0.00000,0.00000,0.00000,0.00000,0.00000,0.00000,0.00000,0.00000,0.00000,0.00000,0.00000,0.00000,0.00000,0.00000,0.00149,0.00000,0.00000,0.09457,0.00000,0.00000,0.00000,0.00000,0.00000,0.00000,0.00000,0.00000,0.00000,0.00000,0.00000,0.00000,0.00000,0.00000,0.00000,0.00000,0.00000,0.03888,0.00000,0.16331,0.00000,0.22989,0.01518,0.17308,0.13311,0.27168,0.00000,0.24037,0.00000,0.45886,0.00228,0.56434,0.00152,0.04989,0.10831,0.03861,0.13486,0.00908,0.15013,0.07388,0.16967,0.00000,0.23105,0.06629,0.13856,0.07157,0.17603,0.03798,0.10987,0.00000,0.06037,1.00000,0.00386,0.05263,0.04219,0.11730,0.05261,0.09611,0.18600,0.02754,0.32390,0.08163,0.01668,0.06769,0.12603,0.00000,0.08539,0.01364,0.02194,0.07548,0.04037,0.07654,0.38470,0.04988,0.00000,0.00000,0.00000,0.00000,0.09023,0.00318,0.00000,0.00000,0.00000,0.00000,0.14729,0.00000,0.42916,0.00000,0.00000,0.00000,0.00000,0.00000,0.00000,0.00000,0.00000,0.00000,0.00000,0.39426,0.00000,0.00000,0.00000,0.00000,0.00000,0.00000,0.00000,0.36908,0.00000,0.00170,0.00000,0.00000,0.00000,0.00000,0.00000,0.00000,0.36821,0.35488,0.00000,0.00000,0.00000,0.00000,0.00000,0.00000,0.00104,0.00000,0.00000,0.00000,0.00000,0.00000,0.00000,0.00000,0.00000,0.00000,0.00000,0.00000,0.00000,0.00000,0.00000,0.00000,0.00000,0.00000,0.00000,0.00000,0.00438,0.00312,0.00000,0.00000,0.00000,0.00000,0.00399,0.00000,0.00000,0.00000,0.00000,0.00000,0.23385,0.29230,0.00000,0.00000,0.00000,0.00000,0.00000,0.00000,0.00000,0.00000,0.00000,0.00000,0.00000,0.10371,0.00000,0.00000,0.00000,0.00000,0.00000,0.00000,0.00000,0.00000,0.00000,0.00000,0.00000,0.00000,0.00000,0.00000,0.00000,0.00000,0.00000,0.00000,0.00000,0.00000,0.00000,0.02036,0.00744,0.36522,0.35886,0.12342,0.17689,0.41308,0.41248
VIS_LC4_L,0.04919,0.05219,0.00000,0.04909,0.04903,0.05633,0.05033,0.04795,0.04875,0.05428,0.05086,0.05110,0.04822,0.05443,0.05092,0.05905,0.05079,0.04499,0.05104,0.04857,0.04733,0.05662,0.05567,0.04498,0.05391,0.04248,0.04578,0.05810,0.04785,0.05364,0.05265,0.05123,0.05094,0.05318,0.04747,0.04317,0.05242,0.04593,0.04890,0.05321,0.05000,0.04385,0.05281,0.04522,0.05306,0.05026,0.00000,0.00000,0.04532,0.05581,0.04843,0.05301,0.04564,0.05922,0.04625,0.05207,0.05288,0.05478,0.05389,0.04797,0.05354,0.05012,0.05665,0.04858,0.05644,0.05067,0.05847,0.05333,0.05797,0.04935,0.05566,0.05976,0.04862,0.04794,0.05448,0.04839,0.05274,0.04825,0.04835,0.05251,0.04986,0.05362,0.00000,0.05214,0.04653,0.05277,0.05022,0.00000,0.00000,0.00000,0.05884,0.37620,0.07839,0.00000,0.13123,0.00000,0.00000,0.00000,0.00000,0.00000,0.00000,0.00000,0.00000,0.00000,0.00000,0.00450,0.01583,0.00000,0.07874,0.00000,0.00000,0.00000,0.00000,0.00922,0.00000,0.00000,0.00000,0.00000,0.00140,0.00000,0.00000,0.01862,0.00000,0.01688,0.00166,0.00000,0.11249,0.02601,0.00256,0.05300,0.00000,0.02690,0.00000,0.00000,0.00000,0.03617,0.00000,0.00000,0.00000,0.00000,0.00000,0.00000,0.00000,0.00095,0.00590,0.00000,0.01628,0.07117,0.14891,0.00076,0.00114,0.08686,0.00366,0.06776,0.00280,0.08741,0.00501,0.09721,0.08989,0.03258,0.10835,0.07400,0.01923,0.02794,0.31580,0.22792,0.16868,0.02238,0.30734,0.22384,0.12426,0.16110,0.23089,0.02592,0.30730,0.01134,0.00386,1.00000,0.16798,0.43412,0.30989,0.24060,0.05651,0.02771,0.07491,0.03784,0.06819,0.07838,0.02556,0.05362,0.08064,0.00858,0.01697,0.37693,0.08720,0.50440,0.27694,0.17957,0.04292,0.00000,0.00000,0.00000,0.00709,0.00073,0.01556,0.00000,0.00000,0.00000,0.00000,0.00000,0.02062,0.00376,0.05650,0.00000,0.00000,0.00000,0.00000,0.00000,0.00000,0.00000,0.00000,0.00000,0.05085,0.00000,0.00000,0.00000,0.00000,0.00000,0.00000,0.00000,0.04653,0.00000,0.00034,0.00000,0.00000,0.00000,0.00000,0.00000,0.00000,0.05115,0.04149,0.00000,0.00000,0.00000,0.00000,0.00000,0.00000,0.00000,0.00000,0.00666,0.00335,0.00000,0.00177,0.00000,0.00000,0.00000,0.00000,0.00000,0.00141,0.00000,0.00000,0.00000,0.00000,0.00000,0.00000,0.00000,0.00000,0.00174,0.00124,0.00000,0.00000,0.00000,0.00000,0.00000,0.00000,0.00000,0.00000,0.00000,0.00000,0.05211,0.04229,0.00000,0.00000,0.00000,0.00000,0.00000,0.00000,0.00000,0.00000,0.00000,0.00000,0.00000,0.02104,0.00000,0.00000,0.00000,0.00000,0.00000,0.00000,0.00000,0.00000,0.00000,0.00000,0.00000,0.00000,0.00000,0.00000,0.00000,0.00000,0.00000,0.00000,0.00000,0.00000,0.00000,0.00269,0.00000,0.05045,0.05359,0.04395,0.03189,0.05248,0.04921
VIS_LC4_R,0.13960,0.13034,0.00000,0.13959,0.13471,0.13008,0.13787,0.13737,0.13502,0.12706,0.14301,0.13566,0.13599,0.12484,0.12825,0.12826,0.13737,0.13628,0.12886,0.12971,0.14204,0.12749,0.12842,0.13363,0.13566,0.13126,0.13318,0.13408,0.14926,0.13451,0.13160,0.13808,0.13299,0.12172,0.12795,0.13674,0.13020,0.13739,0.13542,0.12310,0.12823,0.13227,0.12340,0.13574,0.12859,0.12790,0.00000,0.00000,0.12748,0.12294,0.13132,0.12763,0.13297,0.13358,0.12820,0.12726,0.13872,0.13791,0.13407,0.13694,0.12268,0.13621,0.13219,0.13257,0.12150,0.12687,0.12309,0.13332,0.12307,0.12822,0.12348,0.12722,0.11845,0.13780,0.12248,0.13747,0.13344,0.13707,0.13505,0.13874,0.13324,0.12693,0.00000,0.12476,0.13147,0.12817,0.13944,0.00000,0.00000,0.00000,0.01437,0.00000,0.39055,0.09872,0.37512,0.00000,0.03373,0.00000,0.00000,0.00000,0.00000,0.00000,0.00000,0.00000,0.00000,0.02031,0.00893,0.09872,0.00000,0.00000,0.00000,0.00000,0.00000,0.00000,0.00000,0.00000,0.00000,0.00000,0.00000,0.00000,0.02095,0.00150,0.02270,0.00000,0.00810,0.00000,0.04451,0.08092,0.08825,0.00000,0.01177,0.00000,0.00000,0.00000,0.03358,0.00000,0.00000,0.00000,0.00000,0.00000,0.00000,0.00000,0.01153,0.00160,0.00877,0.00000,0.08781,0.04837,0.00862,0.12780,0.10487,0.00000,0.08342,0.00043,0.12057,0.01013,0.11951,0.00989,0.02502,0.09650,0.04296,0.15011,0.00927,0.08505,0.26919,0.27542,0.00000,0.14507,0.18403,0.31272,0.04400,0.25742,0.06599,0.16619,0.00244,0.26624,0.05263,0.16798,1.00000,0.27643,0.44870,0.03994,0.27623,0.10407,0.03422,0.08476,0.05218,0.00664,0.04313,0.05122,0.06363,0.04231,0.01711,0.08206,0.23295,0.26060,0.51787,0.07895,0.12942,0.00000,0.00000,0.00000,0.00062,0.00997,0.00558,0.00000,0.00000,0.00000,0.00000,0.04216,0.00000,0.04878,0.00000,0.00000,0.00000,0.00000,0.00000,0.00000,0.00000,0.00000,0.00000,0.00000,0.06719,0.00000,0.00000,0.00000,0.00000,0.00000,0.00000,0.00000,0.11609,0.00000,0.00343,0.00000,0.00000,0.00000,0.00000,0.00000,0.00000,0.07170,0.06648,0.00000,0.00000,0.00000,0.00000,0.00000,0.00000,0.00104,0.00000,0.00000,0.00000,0.00000,0.00000,0.00000,0.00000,0.00000,0.00000,0.00000,0.00000,0.00000,0.00000,0.00000,0.00000,0.00000,0.00000,0.00000,0.00000,0.01645,0.01363,0.00000,0.00000,0.00000,0.00000,0.00403,0.00000,0.00000,0.00000,0.00000,0.00000,0.06843,0.06647,0.00000,0.00000,0.00000,0.00000,0.00000,0.00000,0.00000,0.00000,0.00000,0.00000,0.00000,0.02879,0.00000,0.00000,0.00000,0.00000,0.00000,0.00000,0.00000,0.00000,0.00000,0.00000,0.00000,0.00000,0.00000,0.00000,0.00000,0.00000,0.00000,0.00000,0.00000,0.00000,0.00000,0.00608,0.00324,0.11642,0.12262,0.10548,0.11645,0.14244,0.13730
VIS_LC6_L,0.12267,0.12691,0.00000,0.12255,0.12400,0.13057,0.12575,0.12564,0.12241,0.12983,0.13158,0.12651,0.11831,0.13032,0.12348,0.12701,0.12461,0.11976,0.12297,0.12083,0.11815,0.12735,0.13004,0.11940,0.13256,0.11297,0.11838,0.12630,0.12223,0.13208,0.13129,0.12511,0.12316,0.12150,0.12596,0.11840,0.12514,0.11745,0.12399,0.12595,0.11971,0.12335,0.12117,0.12156,0.12889,0.12494,0.00000,0.00000,0.11804,0.13045,0.12024,0.12733,0.11799,0.13162,0.11566,0.12456,0.12595,0.12781,0.12999,0.12635,0.12605,0.12566,0.13172,0.12346,0.13003,0.12864,0.13239,0.12456,0.12812,0.12567,0.12874,0.13918,0.12098,0.12410,0.12896,0.12579,0.12669,0.12459,0.11939,0.12972,0.12259,0.12823,0.00000,0.12309,0.12053,0.12712,0.12185,0.00000,0.00000,0.00000,0.05749,0.00000,0.15318,0.00000,0.25644,0.00000,0.00000,0.00000,0.00000,0.00000,0.00000,0.00000,0.00000,0.00000,0.00000,0.04836,0.05412,0.00000,0.09403,0.00000,0.00000,0.00000,0.00000,0.01101,0.00000,0.00000,0.00000,0.00000,0.00365,0.00000,0.00000,0.02281,0.00154,0.02016,0.01996,0.00000,0.06921,0.03099,0.00877,0.06473,0.00000,0.03012,0.00000,0.00000,0.00000,0.04437,0.00000,0.00000,0.00000,0.00000,0.00000,0.00000,0.00000,0.00046,0.03011,0.00000,0.05426,0.15191,0.24249,0.02877,0.02054,0.14778,0.03644,0.14926,0.03353,0.14334,0.04882,0.18050,0.21233,0.12479,0.33633,0.14975,0.05029,0.09647,0.73477,0.55793,0.23907,0.11817,0.69191,0.50361,0.30534,0.41049,0.19911,0.07512,0.18514,0.03429,0.04219,0.43412,0.27643,1.00000,0.70171,0.37965,0.24262,0.05319,0.11860,0.10564,0.13252,0.17654,0.10634,0.09791,0.21030,0.02455,0.03069,0.23190,0.17289,0.79059,0.59169,0.15075,0.07672,0.00000,0.00000,0.00000,0.00640,0.01183,0.04848,0.00000,0.00000,0.00000,0.00000,0.00000,0.06044,0.08692,0.12572,0.00000,0.00000,0.00000,0.00000,0.00000,0.00000,0.00000,0.00000,0.00000,0.18238,0.00000,0.00000,0.00000,0.00000,0.00000,0.00000,0.01665,0.11766,0.01835,0.01535,0.00872,0.00000,0.00000,0.00000,0.00000,0.00000,0.18677,0.16478,0.00000,0.00000,0.00000,0.00000,0.00000,0.06462,0.02882,0.02001,0.04476,0.05747,0.02311,0.03681,0.00000,0.00000,0.00000,0.00000,0.02335,0.02811,0.00000,0.00000,0.00000,0.00000,0.00000,0.00000,0.00000,0.00000,0.00085,0.00061,0.00000,0.00000,0.00000,0.00000,0.00232,0.00000,0.00000,0.00000,0.00000,0.00000,0.18655,0.17067,0.00000,0.00000,0.00000,0.00000,0.00000,0.00000,0.00532,0.00241,0.00000,0.00000,0.01863,0.09578,0.00000,0.00000,0.00000,0.00000,0.00000,0.00000,0.00000,0.00000,0.00000,0.00000,0.00000,0.00000,0.00000,0.00000,0.00000,0.00000,0.00000,0.00000,0.00000,0.00000,0.00000,0.01070,0.00016,0.12236,0.13523,0.11320,0.06478,0.13769,0.13883
VIS_LC6_R,0.19921,0.19702,0.00000,0.19663,0.18681,0.19198,0.19571,0.19281,0.19429,0.18778,0.20313,0.18843,0.18950,0.18796,0.18840,0.18378,0.19577,0.18602,0.18794,0.18851,0.19448,0.18615,0.19507,0.19008,0.19781,0.19423,0.19253,0.19175,0.19749,0.19885,0.19960,0.19394,0.19475,0.18181,0.19573,0.20203,0.18966,0.19619,0.19431,0.18743,0.18934,0.19410,0.17893,0.19121,0.18859,0.18908,0.00000,0.00000,0.18480,0.18858,0.18930,0.18759,0.18305,0.18772,0.18951,0.18674,0.19518,0.18764,0.18657,0.19616,0.18534,0.19290,0.19218,0.19001,0.19084,0.19036,0.18405,0.18962,0.18603,0.18684,0.18727,0.19545,0.18248,0.19365,0.18569,0.19643,0.18882,0.19509,0.19415,0.19649,0.19344,0.18434,0.00000,0.18946,0.18772,0.19291,0.19784,0.00000,0.00000,0.00000,0.07072,0.00000,0.18578,0.09403,0.31103,0.00000,0.00000,0.00000,0.00000,0.00000,0.00000,0.00000,0.00000,0.00000,0.00000,0.04464,0.09814,0.09403,0.00000,0.00000,0.00000,0.00000,0.00000,0.00000,0.00000,0.00000,0.00000,0.00000,0.00656,0.00000,0.01995,0.00232,0.02315,0.00000,0.01918,0.00000,0.05308,0.04430,0.08021,0.00061,0.01423,0.00041,0.00000,0.00000,0.03476,0.00000,0.00000,0.00000,0.00000,0.00000,0.00000,0.00000,0.01258,0.00000,0.01595,0.00000,0.21120,0.10148,0.02462,0.23161,0.22016,0.01411,0.22881,0.04723,0.22114,0.05975,0.25386,0.09887,0.15340,0.25430,0.27657,0.36152,0.02004,0.25711,0.71982,0.74127,0.00866,0.35958,0.58764,0.74999,0.25317,0.60909,0.19461,0.26605,0.02220,0.22207,0.11730,0.30989,0.44870,0.70171,1.00000,0.19999,0.47611,0.17772,0.06582,0.16577,0.15200,0.07819,0.18726,0.15496,0.14223,0.05656,0.07014,0.18243,0.37805,0.63566,0.79453,0.10312,0.14021,0.00000,0.00000,0.00000,0.00406,0.07466,0.03103,0.00000,0.00000,0.00000,0.00000,0.06447,0.00000,0.24242,0.00750,0.00000,0.00000,0.00000,0.00000,0.00000,0.00000,0.00000,0.00000,0.00000,0.26108,0.00000,0.00000,0.00000,0.00000,0.00000,0.00000,0.02031,0.17116,0.02486,0.02584,0.00857,0.01745,0.00000,0.00000,0.00000,0.00000,0.26932,0.28091,0.00000,0.00000,0.00000,0.00000,0.00000,0.09705,0.04240,0.03054,0.05279,0.08136,0.03347,0.05338,0.00000,0.00000,0.00000,0.00000,0.03410,0.03456,0.00000,0.00000,0.00000,0.00000,0.00000,0.00000,0.00000,0.00000,0.00108,0.00077,0.00000,0.00000,0.00000,0.00000,0.00951,0.00000,0.00000,0.00000,0.00000,0.00000,0.26244,0.28764,0.00000,0.00000,0.00000,0.00000,0.00000,0.00000,0.00150,0.00204,0.00761,0.00000,0.02579,0.15174,0.00000,0.00000,0.00000,0.00000,0.00000,0.00000,0.00000,0.00000,0.00000,0.00000,0.00000,0.00000,0.00000,0.00000,0.00000,0.00000,0.00000,0.00000,0.00000,0.00000,0.00000,0.02075,0.01031,0.18190,0.20913,0.20545,0.17422,0.21740,0.23893
VIS_LC9_L,0.12977,0.13738,0.00000,0.11528,0.11745,0.12753,0.12251,0.12323,0.12898,0.13323,0.12346,0.12231,0.12052,0.12316,0.11676,0.12868,0.11675,0.11842,0.11772,0.11863,0.12243,0.12451,0.13040,0.11177,0.12365,0.13108,0.11650,0.13772,0.11296,0.13029,0.13287,0.12360,0.11957,0.12648,0.12954,0.12482,0.12579,0.11810,0.12546,0.12865,0.11824,0.11662,0.12665,0.11767,0.12841,0.12378,0.00000,0.00000,0.11859,0.12954,0.12173,0.13342,0.11763,0.13075,0.12442,0.12647,0.12396,0.11640,0.11931,0.11943,0.12698,0.12680,0.12316,0.11986,0.11913,0.11829,0.14326,0.11984,0.12273,0.12156,0.12966,0.12839,0.12349,0.11659,0.13602,0.12111,0.12291,0.12740,0.12095,0.12014,0.11821,0.13342,0.00000,0.12395,0.11994,0.11978,0.13090,0.00000,0.00000,0.00000,0.01026,0.00000,0.00000,0.00000,0.00000,0.00000,0.00000,0.00000,0.00000,0.00000,0.00000,0.00000,0.00000,0.00000,0.00000,0.00000,0.00000,0.00000,0.11841,0.00000,0.00000,0.00000,0.00000,0.01387,0.00000,0.00000,0.00000,0.00000,0.02950,0.00000,0.00000,0.03100,0.00000,0.02539,0.00000,0.00000,0.07626,0.01400,0.00000,0.07971,0.00412,0.03385,0.00000,0.00000,0.00373,0.05439,0.00000,0.00000,0.00000,0.00000,0.00000,0.00000,0.00000,0.00053,0.02569,0.00000,0.25611,0.25185,0.24031,0.03790,0.15781,0.12533,0.23862,0.23349,0.17204,0.19574,0.12732,0.27197,0.57678,0.35555,0.43668,0.14434,0.04834,0.28965,0.36906,0.34134,0.23925,0.28824,0.51833,0.39363,0.58193,0.41562,0.14274,0.13592,0.16475,0.05914,0.05261,0.24060,0.03994,0.37965,0.19999,1.00000,0.34902,0.15852,0.14401,0.14024,0.15640,0.34214,0.32579,0.20603,0.31981,0.01485,0.02789,0.48891,0.33725,0.19117,0.07148,0.10392,0.08021,0.00000,0.00000,0.00000,0.00185,0.08669,0.09652,0.00000,0.00000,0.00000,0.00000,0.01466,0.00465,0.26923,0.03070,0.00000,0.00000,0.00000,0.00000,0.00000,0.00000,0.00000,0.00000,0.00000,0.25732,0.00000,0.00000,0.00000,0.00000,0.00000,0.00000,0.03387,0.11633,0.04765,0.03926,0.01981,0.00298,0.00000,0.00000,0.00000,0.00000,0.30826,0.33033,0.00000,0.00000,0.00000,0.00000,0.00000,0.16037,0.07407,0.05410,0.12056,0.14777,0.06020,0.10348,0.00000,0.00000,0.00000,0.00000,0.05801,0.06476,0.00000,0.00000,0.00000,0.00000,0.00000,0.00000,0.00000,0.00000,0.00098,0.00070,0.00000,0.00000,0.00000,0.00000,0.00626,0.00000,0.00000,0.00000,0.00000,0.00000,0.30085,0.30327,0.00000,0.00000,0.00000,0.00000,0.00000,0.00000,0.01160,0.00000,0.00325,0.00000,0.04833,0.21104,0.00000,0.00000,0.00000,0.00000,0.00000,0.00000,0.00000,0.00000,0.00000,0.00000,0.00000,0.00000,0.00000,0.00000,0.00000,0.00000,0.00000,0.00000,0.00000,0.00000,0.00000,0.01054,0.02370,0.12368,0.12312,0.17483,0.07963,0.15895,0.17141
VIS_LC9_R,0.19401,0.18812,0.00000,0.18414,0.17432,0.17466,0.18437,0.18063,0.18476,0.17741,0.19036,0.17381,0.18090,0.17281,0.17452,0.17180,0.18290,0.18340,0.16811,0.17559,0.19143,0.17242,0.18252,0.17987,0.18662,0.18735,0.18181,0.18657,0.18574,0.18470,0.18620,0.18162,0.18280,0.17325,0.18677,0.20008,0.18388,0.19149,0.19010,0.17401,0.17994,0.18026,0.16715,0.18322,0.17838,0.17351,0.00000,0.00000,0.17472,0.17421,0.17543,0.18324,0.17894,0.17642,0.18732,0.17639,0.18550,0.17607,0.17371,0.18581,0.17079,0.19007,0.17349,0.17816,0.17089,0.17376,0.17352,0.17364,0.16822,0.17524,0.17635,0.17480,0.16760,0.18087,0.17735,0.18480,0.17789,0.18732,0.18927,0.18465,0.18489,0.18029,0.00000,0.18361,0.17483,0.17647,0.19661,0.00000,0.00000,0.00000,0.02195,0.00000,0.00420,0.14072,0.00704,0.00000,0.00778,0.00000,0.00000,0.00000,0.00000,0.00000,0.00000,0.00000,0.00000,0.00362,0.04455,0.14072,0.00000,0.00000,0.00000,0.00000,0.00000,0.00000,0.00000,0.00000,0.00000,0.00000,0.01314,0.00000,0.03583,0.02032,0.03204,0.00000,0.00178,0.00000,0.04224,0.02773,0.10346,0.01302,0.02055,0.01490,0.00000,0.00000,0.04787,0.02262,0.00000,0.00000,0.00000,0.00000,0.00000,0.00000,0.01369,0.00000,0.02737,0.00000,0.26955,0.43363,0.03132,0.33277,0.25692,0.28110,0.28551,0.34800,0.25865,0.29241,0.28331,0.24219,0.40960,0.61827,0.41495,0.22093,0.03544,0.46193,0.41104,0.51777,0.02807,0.62946,0.42594,0.55163,0.43728,0.68941,0.07998,0.41946,0.00984,0.34906,0.09611,0.05651,0.27623,0.24262,0.47611,0.34902,1.00000,0.22989,0.32545,0.18935,0.28117,0.20243,0.48949,0.23986,0.38308,0.08020,0.09204,0.24774,0.52834,0.16031,0.29818,0.11076,0.22222,0.00000,0.00000,0.00000,0.00044,0.11146,0.13646,0.00000,0.00000,0.00000,0.00000,0.03789,0.06302,0.25042,0.27165,0.00000,0.00000,0.00000,0.00000,0.00000,0.00000,0.00000,0.00000,0.00000,0.25719,0.00000,0.00000,0.00000,0.00000,0.00000,0.00000,0.02043,0.16349,0.03256,0.02650,0.01783,0.00424,0.00000,0.00000,0.00000,0.00000,0.33136,0.33189,0.00000,0.00000,0.00000,0.00000,0.00000,0.12366,0.04695,0.03023,0.07435,0.08788,0.03667,0.06249,0.00000,0.00000,0.00000,0.00000,0.03175,0.03881,0.00000,0.00000,0.00000,0.00000,0.00000,0.00000,0.00000,0.00000,0.00070,0.00050,0.00000,0.00000,0.00000,0.00000,0.00319,0.00000,0.00000,0.00000,0.00000,0.00000,0.32196,0.34406,0.00000,0.00000,0.00000,0.00000,0.00000,0.00000,0.00146,0.01886,0.00185,0.00000,0.02993,0.19548,0.00000,0.00000,0.00000,0.00000,0.00000,0.00000,0.00000,0.00000,0.00000,0.00000,0.00000,0.00000,0.00000,0.00000,0.00000,0.00000,0.00000,0.00000,0.00000,0.00000,0.00000,0.02126,0.03016,0.16544,0.18869,0.38834,0.29483,0.22130,0.25253
VIS_LLPC1_L,0.24408,0.24507,0.00000,0.25166,0.24718,0.23729,0.23078,0.26079,0.26318,0.24104,0.24051,0.23415,0.25002,0.24045,0.22261,0.23665,0.24778,0.23342,0.22556,0.23833,0.24690,0.23407,0.23397,0.23706,0.23942,0.24056,0.24178,0.22070,0.22317,0.25020,0.24964,0.25184,0.25144,0.24049,0.24086,0.24046,0.23498,0.23970,0.24460,0.23323,0.24141,0.22632,0.25646,0.24058,0.24514,0.21871,0.00000,0.00000,0.23317,0.23676,0.23760,0.24274,0.24652,0.25110,0.24255,0.23544,0.25362,0.23808,0.21857,0.23684,0.24259,0.25556,0.22500,0.23454,0.24157,0.23810,0.23970,0.23532,0.24465,0.23260,0.24837,0.23828,0.23163,0.23485,0.23413,0.23015,0.23158,0.25200,0.24484,0.24286,0.25136,0.25165,0.00000,0.25837,0.24801,0.24037,0.25622,0.00000,0.00000,0.00000,0.00098,0.00000,0.00000,0.11313,0.00000,0.00000,0.00000,0.00000,0.00000,0.00000,0.06035,0.00000,0.00000,0.00000,0.00000,0.01455,0.08314,0.11313,0.07071,0.00000,0.00000,0.00000,0.00000,0.00828,0.00000,0.00000,0.00000,0.00000,0.00000,0.00000,0.12099,0.12337,0.27095,0.01516,0.02544,0.00000,0.00000,0.00000,0.09085,0.10292,0.10894,0.10285,0.00000,0.07424,0.26151,0.15718,0.00000,0.01287,0.00000,0.00000,0.00000,0.00000,0.00275,0.01415,0.00823,0.00000,0.65935,0.16307,0.07252,0.43845,0.67539,0.04587,0.64427,0.05639,0.71591,0.14282,0.59606,0.15175,0.34685,0.39485,0.13941,0.31982,0.03577,0.31966,0.14247,0.29916,0.05955,0.41268,0.13298,0.29650,0.22666,0.24027,0.10738,0.33390,0.29491,0.39246,0.18600,0.02771,0.10407,0.05319,0.17772,0.15852,0.22989,1.00000,0.39257,0.48489,0.34057,0.21681,0.26451,0.27060,0.27763,0.25743,0.18338,0.09562,0.23061,0.08650,0.14862,0.40141,0.37951,0.00000,0.00000,0.00000,0.00000,0.18792,0.14860,0.00000,0.00000,0.00000,0.00000,0.23108,0.03000,0.32506,0.02966,0.00000,0.00000,0.00000,0.00000,0.00000,0.00000,0.00000,0.00000,0.00000,0.27035,0.00000,0.00000,0.00000,0.00000,0.00000,0.00000,0.00412,0.22070,0.00948,0.01584,0.00163,0.00000,0.00000,0.00000,0.00000,0.00000,0.26911,0.31050,0.00000,0.00000,0.00000,0.00000,0.00000,0.01470,0.01512,0.01257,0.03635,0.02478,0.01128,0.02137,0.00000,0.00000,0.00000,0.00000,0.01520,0.01405,0.00000,0.00000,0.00000,0.00000,0.00000,0.00000,0.00000,0.00000,0.00387,0.00275,0.00000,0.00000,0.00000,0.00000,0.00096,0.00000,0.00000,0.00000,0.00000,0.00000,0.28985,0.28211,0.00000,0.00000,0.00000,0.00000,0.00000,0.00000,0.00000,0.00000,0.00000,0.00000,0.01186,0.15737,0.00000,0.00000,0.00000,0.00000,0.00000,0.00000,0.00000,0.00000,0.00000,0.00000,0.00000,0.00000,0.00000,0.00000,0.00000,0.00000,0.00000,0.00000,0.00000,0.00000,0.00000,0.01518,0.03575,0.20746,0.22410,0.42469,0.52334,0.26904,0.29369
VIS_LLPC1_R,0.17424,0.16383,0.00000,0.16993,0.18209,0.17026,0.17406,0.18247,0.18807,0.18400,0.17112,0.18184,0.17301,0.18561,0.16996,0.16244,0.17359,0.17484,0.16278,0.17564,0.18753,0.16948,0.17582,0.18252,0.18125,0.16328,0.17542,0.17023,0.16214,0.17589,0.16910,0.17063,0.17672,0.18124,0.18398,0.18083,0.19278,0.17038,0.16877,0.17079,0.16361,0.16697,0.18513,0.17105,0.17631,0.16519,0.00000,0.00000,0.17316,0.17259,0.15749,0.18069,0.19085,0.17402,0.18030,0.17000,0.17639,0.17443,0.16405,0.16727,0.17118,0.18839,0.16408,0.17633,0.17783,0.16935,0.17651,0.16300,0.17110,0.17193,0.18593,0.16839,0.17323,0.16470,0.16712,0.17056,0.16873,0.17376,0.17209,0.17395,0.19078,0.18394,0.00000,0.18324,0.17176,0.17397,0.18288,0.00000,0.00000,0.00000,0.00000,0.00000,0.00000,0.01454,0.00000,0.00000,0.00000,0.00000,0.00000,0.00000,0.06680,0.00000,0.01710,0.00000,0.00000,0.01121,0.08547,0.01454,0.10175,0.00000,0.00000,0.00000,0.00000,0.03576,0.00000,0.00000,0.00000,0.00000,0.00427,0.00000,0.05917,0.15690,0.11632,0.04675,0.00413,0.00000,0.00000,0.00196,0.02379,0.13821,0.05697,0.15640,0.00000,0.06905,0.12597,0.22534,0.00000,0.01472,0.00000,0.00000,0.00000,0.00000,0.00302,0.00039,0.05654,0.02703,0.11950,0.57898,0.26043,0.17564,0.05649,0.66137,0.07196,0.59031,0.12798,0.68412,0.08175,0.54219,0.48550,0.47965,0.37281,0.11210,0.07920,0.18739,0.25273,0.17532,0.14304,0.19094,0.26771,0.16026,0.27924,0.27227,0.14018,0.26787,0.39653,0.26964,0.02754,0.07491,0.03422,0.11860,0.06582,0.14401,0.32545,0.39257,1.00000,0.31344,0.48079,0.26923,0.31071,0.21857,0.30500,0.07374,0.25944,0.19067,0.19429,0.07847,0.08709,0.29431,0.42459,0.00000,0.00000,0.00000,0.00000,0.06044,0.24097,0.00000,0.00000,0.00000,0.00000,0.04724,0.36318,0.04580,0.52764,0.00000,0.00000,0.00000,0.00000,0.00000,0.00000,0.00000,0.00000,0.00000,0.15007,0.00000,0.00000,0.00000,0.00000,0.00000,0.00000,0.00546,0.15922,0.01962,0.01390,0.01148,0.00000,0.00000,0.00000,0.00000,0.00000,0.19744,0.19192,0.00000,0.00000,0.00000,0.00000,0.00000,0.09065,0.02058,0.01368,0.04821,0.03682,0.01531,0.02639,0.00000,0.00000,0.00000,0.00000,0.01485,0.02283,0.00000,0.00000,0.00000,0.00000,0.00000,0.00000,0.00000,0.00000,0.00145,0.00103,0.00000,0.00000,0.00000,0.00000,0.00066,0.00000,0.00000,0.00000,0.00000,0.00000,0.19719,0.16741,0.00000,0.00000,0.00000,0.00000,0.00000,0.00000,0.00000,0.02717,0.00000,0.00000,0.00718,0.09260,0.00000,0.00000,0.00000,0.00000,0.00000,0.00000,0.00000,0.00000,0.00000,0.00000,0.00000,0.00000,0.00000,0.00000,0.00000,0.00000,0.00000,0.00000,0.00000,0.00000,0.00000,0.00665,0.00832,0.15467,0.15823,0.20179,0.18905,0.19767,0.20817
VIS_LLPC2_L,0.45601,0.45488,0.00000,0.45616,0.47796,0.46002,0.46744,0.46976,0.47947,0.46335,0.47404,0.45596,0.47219,0.46714,0.47091,0.46448,0.48579,0.46004,0.47100,0.47673,0.46461,0.47403,0.47875,0.47097,0.46381,0.47418,0.49103,0.45634,0.44718,0.46308,0.48378,0.48075,0.46514,0.46900,0.47627,0.45851,0.44814,0.46902,0.45053,0.47225,0.47818,0.45570,0.48570,0.46142,0.48400,0.45124,0.00000,0.00000,0.47169,0.46185,0.46292,0.47264,0.46186,0.47237,0.45003,0.45515,0.45958,0.47400,0.45157,0.46333,0.47522,0.46237,0.47271,0.45555,0.47174,0.45427,0.46231,0.44515,0.46309,0.45311,0.47365,0.47107,0.46899,0.44974,0.47477,0.44942,0.46464,0.44957,0.47641,0.46160,0.45109,0.48685,0.00000,0.47638,0.46422,0.47010,0.48358,0.00000,0.00000,0.00000,0.00000,0.00000,0.00000,0.01845,0.00000,0.00000,0.00000,0.00000,0.00000,0.00000,0.24341,0.00000,0.01899,0.00000,0.00000,0.37628,0.11679,0.01845,0.12912,0.00000,0.01640,0.06791,0.00000,0.04645,0.00000,0.00000,0.03689,0.00000,0.00246,0.00000,0.03505,0.24909,0.08149,0.05537,0.31260,0.00000,0.01018,0.06916,0.03154,0.31350,0.02089,0.29216,0.00000,0.27299,0.03984,0.32575,0.00000,0.05278,0.00000,0.00000,0.01435,0.00000,0.01292,0.00698,0.07429,0.03001,0.44546,0.21835,0.18717,0.18984,0.28938,0.08683,0.28491,0.08517,0.50303,0.20130,0.54449,0.21881,0.24437,0.26739,0.14951,0.24981,0.02935,0.18536,0.15605,0.21010,0.08993,0.24413,0.15670,0.21399,0.18111,0.22601,0.10011,0.23950,0.19393,0.17462,0.32390,0.03784,0.08476,0.10564,0.16577,0.14024,0.18935,0.48489,0.31344,1.00000,0.63846,0.21271,0.17350,0.31226,0.26068,0.62362,0.50769,0.09343,0.16206,0.08371,0.17470,0.53272,0.33841,0.00000,0.00000,0.00000,0.00000,0.05627,0.21955,0.00000,0.00000,0.00000,0.00000,0.10961,0.09565,0.30116,0.05869,0.00000,0.00000,0.00000,0.00000,0.00000,0.00000,0.00000,0.00000,0.00000,0.30679,0.00000,0.00000,0.00000,0.00000,0.00000,0.00000,0.00288,0.43606,0.00387,0.00392,0.00061,0.00000,0.00000,0.00000,0.00000,0.00000,0.27368,0.29606,0.00000,0.00000,0.00000,0.00000,0.00000,0.00697,0.00585,0.00451,0.00937,0.00823,0.00460,0.00732,0.00000,0.00000,0.00000,0.00000,0.00427,0.00532,0.00000,0.00000,0.00000,0.00000,0.00000,0.00000,0.00000,0.00000,0.00000,0.00000,0.00000,0.00000,0.00000,0.00000,0.00000,0.00000,0.00000,0.00000,0.00000,0.00000,0.23623,0.25792,0.00000,0.00000,0.00000,0.00000,0.00000,0.00000,0.00000,0.00065,0.00121,0.00000,0.00480,0.12646,0.00000,0.00000,0.00000,0.00000,0.00000,0.00000,0.00000,0.00000,0.00000,0.00000,0.00000,0.00000,0.00000,0.00000,0.00000,0.00000,0.00000,0.00000,0.00000,0.00000,0.00000,0.01376,0.01116,0.43689,0.43578,0.21394,0.27237,0.47487,0.47078
VIS_LLPC2_R,0.41936,0.40969,0.00000,0.42422,0.42145,0.40459,0.43740,0.42067,0.42247,0.43397,0.42513,0.42457,0.41468,0.42917,0.42233,0.41431,0.43878,0.42935,0.42423,0.43309,0.43542,0.41901,0.43385,0.43311,0.43342,0.42903,0.44784,0.42175,0.41130,0.42709,0.42803,0.43028,0.42897,0.42570,0.44251,0.43525,0.42578,0.42825,0.41662,0.41719,0.40232,0.42103,0.42762,0.42514,0.43133,0.42281,0.00000,0.00000,0.42622,0.42353,0.42180,0.42011,0.43106,0.41435,0.41703,0.40504,0.42754,0.42154,0.40890,0.42852,0.42248,0.42950,0.42550,0.42113,0.42392,0.42834,0.41625,0.41028,0.41323,0.42744,0.42980,0.41605,0.42603,0.42026,0.42257,0.42366,0.41795,0.41055,0.41684,0.44168,0.42702,0.42800,0.00000,0.41338,0.41892,0.41628,0.43915,0.00000,0.00000,0.00000,0.00000,0.00000,0.00000,0.08421,0.00000,0.00000,0.00000,0.00000,0.00000,0.00000,0.00000,0.00000,0.03027,0.00000,0.00000,0.06737,0.43162,0.08421,0.00000,0.00000,0.00000,0.00000,0.00000,0.04220,0.00000,0.00000,0.00000,0.00000,0.00150,0.00000,0.07671,0.02086,0.04218,0.04414,0.12520,0.00000,0.00000,0.00000,0.12753,0.01181,0.06553,0.03157,0.00000,0.00000,0.05204,0.03008,0.00000,0.00000,0.00000,0.00000,0.00000,0.00000,0.00000,0.08500,0.04041,0.04784,0.30435,0.38081,0.15150,0.18573,0.10143,0.24840,0.13744,0.24087,0.30606,0.44897,0.26704,0.55035,0.31052,0.30803,0.27303,0.25005,0.04134,0.16613,0.20944,0.20212,0.09207,0.18096,0.25432,0.20665,0.24133,0.26381,0.09001,0.29841,0.11916,0.19490,0.08163,0.06819,0.05218,0.13252,0.15200,0.15640,0.28117,0.34057,0.48079,0.63846,1.00000,0.20438,0.23009,0.17229,0.44888,0.53775,0.79826,0.14695,0.20859,0.09825,0.19202,0.27020,0.53559,0.00000,0.00000,0.00000,0.00000,0.09709,0.06476,0.00000,0.00000,0.00000,0.00000,0.07645,0.12350,0.09849,0.23773,0.00000,0.00000,0.00000,0.01255,0.00000,0.00000,0.00000,0.00000,0.00000,0.31840,0.00000,0.00000,0.00000,0.00000,0.00000,0.00000,0.00326,0.39443,0.00643,0.00759,0.00339,0.00000,0.00000,0.00000,0.00000,0.00000,0.32157,0.35234,0.00000,0.00000,0.00000,0.00000,0.00000,0.02122,0.01099,0.00582,0.01722,0.01759,0.00854,0.01548,0.00000,0.00000,0.00000,0.00000,0.00689,0.00980,0.00000,0.00000,0.00000,0.00000,0.00000,0.00000,0.00000,0.00000,0.00000,0.00000,0.00000,0.00000,0.00000,0.00000,0.00000,0.00000,0.00000,0.02807,0.00861,0.01089,0.31009,0.30034,0.00000,0.00000,0.00000,0.00000,0.00000,0.00000,0.00000,0.00264,0.00000,0.00000,0.00512,0.18383,0.00977,0.00000,0.00000,0.00000,0.00000,0.00000,0.00000,0.00000,0.00000,0.00000,0.00000,0.00000,0.00000,0.00000,0.00000,0.00000,0.00000,0.00000,0.00000,0.00000,0.00000,0.01315,0.00334,0.38970,0.41530,0.11992,0.13146,0.44220,0.46230
VIS_LLPC3_L,0.12923,0.12008,0.00000,0.11927,0.10878,0.12305,0.11113,0.14171,0.13118,0.11256,0.11645,0.11967,0.11404,0.12533,0.10055,0.12985,0.09920,0.12166,0.11056,0.11783,0.10617,0.11530,0.11604,0.10477,0.11813,0.10788,0.11222,0.10363,0.12013,0.11702,0.13835,0.10353,0.12111,0.11253,0.12118,0.12553,0.10582,0.11276,0.11746,0.10860,0.11750,0.10284,0.10820,0.11284,0.11852,0.11195,0.00000,0.00000,0.11708,0.11797,0.12370,0.12622,0.13675,0.12568,0.11113,0.11864,0.12614,0.12991,0.13954,0.10925,0.12057,0.12569,0.10464,0.12635,0.13116,0.13284,0.12020,0.10846,0.11838,0.12122,0.11086,0.11582,0.10043,0.12796,0.13461,0.11394,0.11981,0.11775,0.12215,0.10863,0.13101,0.13316,0.00000,0.13766,0.10793,0.10712,0.12186,0.00000,0.00000,0.00000,0.00000,0.00000,0.00000,0.00000,0.00000,0.00000,0.00000,0.00000,0.00000,0.00000,0.00000,0.00000,0.00000,0.00000,0.00000,0.00000,0.00000,0.00000,0.21031,0.00000,0.00000,0.00000,0.00000,0.02464,0.00000,0.00000,0.00000,0.00000,0.00225,0.00000,0.18988,0.23943,0.00000,0.04510,0.00000,0.00000,0.00581,0.00253,0.00000,0.14746,0.00418,0.08804,0.00000,0.00841,0.00379,0.10561,0.00000,0.00000,0.00000,0.00000,0.00000,0.00000,0.00000,0.00000,0.01632,0.00000,0.23175,0.28539,0.32676,0.06353,0.29200,0.33239,0.35605,0.43666,0.24650,0.28771,0.14186,0.25415,0.42670,0.29763,0.31945,0.17198,0.18264,0.23586,0.20938,0.21783,0.28090,0.23988,0.25383,0.22784,0.33509,0.22566,0.10190,0.14502,0.21882,0.05814,0.01668,0.07838,0.00664,0.17654,0.07819,0.34214,0.20243,0.21681,0.26923,0.21271,0.20438,1.00000,0.71166,0.33246,0.35525,0.05530,0.03587,0.22985,0.19001,0.10286,0.02938,0.24351,0.13143,0.00000,0.00000,0.08328,0.00000,0.08283,0.10176,0.00000,0.00000,0.00000,0.00000,0.01562,0.08592,0.11546,0.18903,0.00000,0.00000,0.00000,0.00000,0.00000,0.00000,0.00000,0.00000,0.00000,0.12652,0.00000,0.00000,0.00000,0.00000,0.00000,0.00000,0.00666,0.08743,0.00823,0.00839,0.00277,0.00000,0.00000,0.00000,0.00000,0.00000,0.15732,0.16799,0.00000,0.00000,0.00000,0.00000,0.00000,0.01325,0.01252,0.00976,0.02358,0.01966,0.00973,0.01776,0.00000,0.00000,0.00000,0.00000,0.00999,0.01204,0.00000,0.00000,0.00000,0.00000,0.00000,0.00000,0.00000,0.00000,0.00000,0.00000,0.00000,0.00000,0.00000,0.00000,0.00254,0.00000,0.00000,0.00000,0.00000,0.00000,0.15337,0.15423,0.00000,0.00000,0.00000,0.00000,0.00000,0.00000,0.00582,0.00198,0.00000,0.00000,0.01225,0.09756,0.00000,0.00000,0.00000,0.00000,0.00000,0.00000,0.00000,0.00000,0.00000,0.00000,0.00000,0.00000,0.00000,0.00000,0.00000,0.00000,0.00000,0.00000,0.00000,0.00000,0.00000,0.00837,0.01157,0.10368,0.09175,0.15793,0.15277,0.14734,0.14930
VIS_LLPC3_R,0.13183,0.13344,0.00000,0.12835,0.10843,0.12199,0.11968,0.13720,0.13056,0.11331,0.12474,0.11400,0.11496,0.12194,0.10190,0.12578,0.10378,0.12536,0.10983,0.11707,0.11482,0.11805,0.11777,0.10648,0.11978,0.12647,0.11628,0.10998,0.12687,0.12165,0.13597,0.10856,0.12767,0.11381,0.12680,0.14413,0.11296,0.11802,0.12338,0.10945,0.12332,0.11112,0.10951,0.12195,0.11708,0.11397,0.00000,0.00000,0.12202,0.11790,0.12657,0.12565,0.13401,0.12315,0.11901,0.12321,0.13188,0.12372,0.12981,0.11716,0.11880,0.12140,0.10839,0.12455,0.12761,0.12860,0.12263,0.11825,0.11702,0.11906,0.11352,0.11471,0.10775,0.13758,0.12854,0.11703,0.11897,0.12522,0.12772,0.11084,0.12929,0.12531,0.00000,0.13767,0.10901,0.10676,0.12618,0.00000,0.00000,0.00000,0.02095,0.00000,0.00000,0.10073,0.00000,0.00000,0.00000,0.00000,0.00000,0.00000,0.00000,0.00000,0.00000,0.00000,0.00000,0.00000,0.00000,0.10073,0.00000,0.00000,0.00000,0.00000,0.00000,0.00000,0.00000,0.00000,0.00000,0.00000,0.01882,0.00000,0.17587,0.17568,0.02271,0.00000,0.00000,0.00000,0.00058,0.01588,0.06890,0.01059,0.01501,0.01676,0.00000,0.00000,0.03943,0.00116,0.00000,0.00000,0.00000,0.00000,0.00000,0.00000,0.00425,0.00000,0.03510,0.00000,0.28992,0.37886,0.12365,0.17714,0.35646,0.38947,0.41063,0.53341,0.29758,0.32743,0.26944,0.26480,0.52748,0.51302,0.47448,0.24579,0.06601,0.50450,0.34064,0.39980,0.04186,0.55719,0.40763,0.38959,0.43795,0.42498,0.05690,0.28069,0.09351,0.14324,0.06769,0.02556,0.04313,0.10634,0.18726,0.32579,0.48949,0.26451,0.31071,0.17350,0.23009,0.71166,1.00000,0.28846,0.37942,0.04421,0.01949,0.23464,0.32710,0.07436,0.09002,0.14911,0.10195,0.00000,0.00000,0.04986,0.00000,0.13049,0.18808,0.00000,0.00000,0.00000,0.00000,0.03741,0.08310,0.20920,0.26711,0.00000,0.00000,0.00000,0.01126,0.00000,0.00000,0.00000,0.00000,0.00000,0.20703,0.00000,0.00000,0.00000,0.00000,0.00000,0.00000,0.02248,0.10027,0.02935,0.02724,0.01409,0.00759,0.00000,0.00000,0.00000,0.00000,0.28219,0.27807,0.00000,0.00000,0.00000,0.00000,0.00000,0.07853,0.04171,0.02743,0.07552,0.06580,0.03465,0.05273,0.00000,0.00000,0.00000,0.00000,0.02916,0.03786,0.00000,0.00000,0.00000,0.00000,0.00000,0.00000,0.00000,0.00000,0.00000,0.00000,0.00000,0.00000,0.00000,0.00000,0.00342,0.00000,0.00000,0.02518,0.00773,0.00977,0.27821,0.27408,0.00000,0.00000,0.00000,0.00000,0.00000,0.00000,0.00000,0.02309,0.00331,0.00000,0.03289,0.16171,0.00877,0.00000,0.00000,0.00000,0.00000,0.00000,0.00000,0.00000,0.00000,0.00000,0.00000,0.00000,0.00000,0.00000,0.00000,0.00000,0.00000,0.00000,0.00000,0.00000,0.00000,0.01430,0.02776,0.11319,0.11321,0.27907,0.23004,0.16169,0.18298
VIS_LPC1_L,0.10013,0.10038,0.00000,0.10165,0.10171,0.09649,0.09185,0.10473,0.10793,0.09830,0.10039,0.09166,0.10254,0.09362,0.09823,0.09688,0.10172,0.09853,0.09672,0.10134,0.10302,0.09860,0.09342,0.08746,0.09024,0.10128,0.10414,0.09240,0.09203,0.08834,0.11528,0.10283,0.10427,0.09754,0.09275,0.08908,0.09695,0.09805,0.09897,0.10772,0.11337,0.09365,0.10529,0.09316,0.10129,0.09876,0.00000,0.00000,0.09756,0.09345,0.10233,0.10369,0.09896,0.09565,0.10136,0.09386,0.09731,0.08677,0.09127,0.09674,0.09655,0.11081,0.09981,0.09840,0.09351,0.08636,0.09310,0.09625,0.09713,0.09014,0.08921,0.09294,0.09836,0.08822,0.09988,0.09933,0.09036,0.09655,0.10206,0.09540,0.09450,0.10321,0.00000,0.10884,0.10780,0.10285,0.10950,0.00000,0.00000,0.00000,0.00000,0.00000,0.00000,0.05448,0.00000,0.00000,0.00000,0.00000,0.00000,0.00000,0.17347,0.00000,0.02403,0.00000,0.00000,0.00000,0.00000,0.05448,0.13620,0.00000,0.00000,0.14486,0.00000,0.05983,0.00000,0.00000,0.00000,0.00000,0.00000,0.06202,0.06647,0.20658,0.01228,0.06425,0.00000,0.00000,0.00000,0.14752,0.03726,0.24237,0.03288,0.26679,0.00000,0.19885,0.02942,0.25961,0.00000,0.05436,0.00000,0.00000,0.00000,0.00000,0.01166,0.00000,0.00000,0.03799,0.25804,0.26420,0.35070,0.16809,0.24975,0.15410,0.23209,0.18903,0.22401,0.23784,0.28731,0.18616,0.26927,0.27187,0.20846,0.24944,0.22793,0.29158,0.12798,0.23520,0.06218,0.37880,0.15881,0.23642,0.24533,0.23285,0.05139,0.26191,0.16857,0.12444,0.12603,0.05362,0.05122,0.09791,0.15496,0.20603,0.23986,0.27060,0.21857,0.31226,0.17229,0.33246,0.28846,1.00000,0.45946,0.08880,0.07644,0.27074,0.22180,0.10942,0.07954,0.18925,0.15491,0.00000,0.00000,0.00000,0.00000,0.08932,0.23371,0.00000,0.00000,0.00000,0.00000,0.08599,0.04173,0.17068,0.03981,0.00000,0.00000,0.00000,0.00000,0.00000,0.00000,0.00000,0.00000,0.00000,0.13436,0.00000,0.00000,0.00000,0.00000,0.00000,0.00000,0.00033,0.09258,0.00183,0.00210,0.00000,0.00000,0.00000,0.00000,0.00000,0.00000,0.13794,0.16739,0.00000,0.00000,0.00000,0.00000,0.00000,0.00000,0.00256,0.00343,0.00605,0.00391,0.00199,0.00391,0.00000,0.00000,0.00000,0.00000,0.00259,0.00329,0.00000,0.00000,0.00000,0.00000,0.00000,0.00000,0.00000,0.00000,0.00000,0.00000,0.00000,0.00000,0.00000,0.00000,0.00000,0.00000,0.00000,0.00000,0.00000,0.00000,0.14087,0.15163,0.00000,0.00000,0.00000,0.00000,0.00000,0.00000,0.00000,0.00000,0.00000,0.00000,0.00192,0.07665,0.00000,0.00000,0.00000,0.00000,0.00000,0.00000,0.00000,0.00000,0.00000,0.00000,0.00000,0.00000,0.00000,0.00000,0.00000,0.00000,0.00000,0.00000,0.00000,0.00000,0.00000,0.01127,0.00971,0.08662,0.09309,0.36155,0.29847,0.11037,0.12893
VIS_LPC1_R,0.15082,0.14970,0.00000,0.13939,0.14069,0.13542,0.14974,0.14856,0.14402,0.15081,0.14486,0.14504,0.14277,0.14108,0.12858,0.14356,0.14645,0.15216,0.13995,0.14461,0.14622,0.13633,0.14078,0.14077,0.14397,0.14310,0.14456,0.13686,0.13690,0.14570,0.15229,0.15251,0.14959,0.14277,0.14865,0.14339,0.14136,0.14260,0.14767,0.14097,0.13485,0.14409,0.14389,0.14985,0.14764,0.14422,0.00000,0.00000,0.13649,0.14330,0.14354,0.13986,0.14354,0.14659,0.14496,0.13293,0.14791,0.13362,0.13941,0.14514,0.14015,0.15906,0.13668,0.14748,0.13477,0.15007,0.14351,0.14239,0.13820,0.15052,0.14350,0.14686,0.14075,0.14585,0.14526,0.15040,0.13976,0.15102,0.13919,0.15349,0.14131,0.14544,0.00000,0.14431,0.14399,0.13754,0.15064,0.00000,0.00000,0.00000,0.00000,0.00000,0.00000,0.13253,0.00000,0.00000,0.00000,0.00000,0.00000,0.00000,0.00000,0.00000,0.00000,0.00000,0.00000,0.00000,0.11988,0.13253,0.15663,0.00000,0.00000,0.00000,0.00000,0.01835,0.00000,0.00000,0.00000,0.00000,0.01543,0.07544,0.06950,0.05881,0.02987,0.03358,0.00000,0.00000,0.00000,0.00326,0.11007,0.13686,0.05098,0.08876,0.00000,0.00000,0.04489,0.09297,0.00000,0.00000,0.00000,0.00000,0.00000,0.00000,0.00000,0.00000,0.02768,0.00000,0.32559,0.41600,0.32023,0.32859,0.21361,0.27202,0.26974,0.28957,0.23109,0.29069,0.24132,0.36413,0.43671,0.38768,0.39240,0.21079,0.14950,0.32563,0.27231,0.23820,0.27769,0.31564,0.33629,0.25948,0.43288,0.33526,0.11956,0.24388,0.11422,0.19040,0.00000,0.08064,0.06363,0.21030,0.14223,0.31981,0.38308,0.27763,0.30500,0.26068,0.44888,0.35525,0.37942,0.45946,1.00000,0.34225,0.19440,0.26189,0.32656,0.10945,0.12412,0.10941,0.21972,0.00000,0.00000,0.00000,0.00000,0.15486,0.12031,0.00000,0.00000,0.00000,0.00000,0.00000,0.07951,0.04918,0.27660,0.00000,0.00000,0.00000,0.01078,0.00000,0.00000,0.00000,0.00000,0.00000,0.22665,0.00000,0.00000,0.00000,0.00000,0.00000,0.00000,0.00674,0.13038,0.01030,0.00861,0.00753,0.00000,0.00000,0.00000,0.00000,0.00000,0.24440,0.25356,0.00000,0.00000,0.00000,0.00000,0.00000,0.03188,0.01430,0.00821,0.03097,0.02572,0.01174,0.02075,0.00000,0.00000,0.00000,0.00000,0.01002,0.01488,0.00000,0.00000,0.00000,0.00000,0.00000,0.00000,0.00000,0.00000,0.00000,0.00000,0.00000,0.00000,0.00000,0.00000,0.00000,0.00000,0.00000,0.02410,0.00739,0.00935,0.25250,0.26225,0.00000,0.00000,0.00000,0.00000,0.00000,0.00000,0.00000,0.00765,0.00000,0.00000,0.00957,0.15103,0.00839,0.00000,0.00000,0.00000,0.00000,0.00000,0.00000,0.00000,0.00000,0.00000,0.00000,0.00000,0.00000,0.00000,0.00000,0.00000,0.00000,0.00000,0.00000,0.00000,0.00000,0.01450,0.01424,0.13501,0.14582,0.27839,0.24330,0.15985,0.18436
VIS_LPC2_L,0.23467,0.23482,0.00000,0.22669,0.25025,0.22740,0.24908,0.23778,0.24529,0.24228,0.25231,0.22991,0.24107,0.23658,0.24470,0.24954,0.26485,0.25082,0.25142,0.25444,0.24575,0.24971,0.24829,0.25331,0.24465,0.25499,0.26336,0.23208,0.23179,0.25302,0.25422,0.26112,0.23932,0.24285,0.26047,0.24073,0.22405,0.25242,0.23475,0.25023,0.24974,0.24818,0.25723,0.24833,0.26763,0.23385,0.00000,0.00000,0.24723,0.25274,0.24790,0.24458,0.24358,0.25174,0.23408,0.23215,0.24623,0.25749,0.23632,0.25132,0.25621,0.23612,0.25733,0.23621,0.24148,0.24024,0.24630,0.22353,0.24546,0.24348,0.26480,0.25668,0.24554,0.23741,0.25641,0.22808,0.25110,0.23830,0.25016,0.24200,0.23229,0.25852,0.00000,0.24327,0.23514,0.24208,0.26142,0.00000,0.00000,0.00000,0.00000,0.00000,0.00000,0.00000,0.00000,0.00000,0.00000,0.00000,0.00000,0.00000,0.00000,0.00000,0.00000,0.00000,0.00000,0.05862,0.02062,0.00000,0.09119,0.00000,0.00000,0.00000,0.00000,0.01068,0.00000,0.00000,0.00000,0.00000,0.00000,0.00000,0.02771,0.03158,0.00514,0.01955,0.23024,0.00000,0.00000,0.00000,0.00334,0.06330,0.01834,0.02906,0.00000,0.00000,0.00369,0.05655,0.00000,0.00000,0.00000,0.00000,0.00000,0.00000,0.00000,0.00000,0.01746,0.00000,0.41172,0.19810,0.04875,0.24202,0.16729,0.00351,0.19143,0.00000,0.38810,0.09640,0.33948,0.07643,0.04893,0.06835,0.00266,0.04505,0.03027,0.09635,0.02595,0.02913,0.03234,0.03640,0.01744,0.05243,0.01559,0.04638,0.03027,0.05909,0.01806,0.19604,0.08539,0.00858,0.04231,0.02455,0.05656,0.01485,0.08020,0.25743,0.07374,0.62362,0.53775,0.05530,0.04421,0.08880,0.34225,1.00000,0.42476,0.01059,0.09692,0.01880,0.14462,0.26032,0.13936,0.00000,0.00000,0.00000,0.00000,0.08927,0.00521,0.00000,0.00000,0.00000,0.00000,0.06350,0.00000,0.04898,0.00000,0.00000,0.00000,0.00000,0.00000,0.00000,0.00000,0.00000,0.00000,0.00000,0.12901,0.00000,0.00000,0.00000,0.00000,0.00000,0.00000,0.00000,0.23731,0.00000,0.00000,0.00000,0.00000,0.00000,0.00000,0.00000,0.00000,0.11174,0.11003,0.00000,0.00000,0.00000,0.00000,0.00000,0.00000,0.00000,0.00000,0.00000,0.00000,0.00000,0.00000,0.00000,0.00000,0.00000,0.00000,0.00000,0.00000,0.00000,0.00000,0.00000,0.00000,0.00000,0.00000,0.00000,0.00000,0.00000,0.00000,0.00000,0.00000,0.00000,0.00000,0.00000,0.00000,0.00000,0.00000,0.00000,0.00000,0.10124,0.13907,0.00000,0.00000,0.00000,0.00000,0.00000,0.00000,0.00000,0.00000,0.00000,0.00000,0.00000,0.06882,0.00000,0.00000,0.00000,0.00000,0.00000,0.00000,0.00000,0.00000,0.00000,0.00000,0.00000,0.00000,0.00000,0.00000,0.00000,0.00000,0.00000,0.00000,0.00000,0.00000,0.00000,0.00680,0.00727,0.22530,0.23493,0.03540,0.09525,0.24268,0.24565
VIS_LPC2_R,0.33352,0.31109,0.00000,0.33856,0.33570,0.31585,0.35315,0.32694,0.33494,0.34833,0.35034,0.33886,0.32908,0.34913,0.34198,0.33257,0.35819,0.34735,0.34482,0.35079,0.35066,0.33877,0.34796,0.34756,0.34340,0.33671,0.36788,0.34045,0.32671,0.34693,0.33242,0.35128,0.34633,0.34852,0.35053,0.35358,0.34312,0.34451,0.33000,0.33310,0.31955,0.33328,0.34512,0.33589,0.34760,0.34283,0.00000,0.00000,0.34528,0.34369,0.33917,0.33402,0.35288,0.32958,0.33378,0.32400,0.33247,0.33657,0.32699,0.33956,0.33624,0.34107,0.34552,0.33778,0.33350,0.33746,0.33167,0.33038,0.32679,0.34407,0.34776,0.33171,0.34615,0.33112,0.33006,0.33490,0.33042,0.32602,0.33649,0.35512,0.34718,0.34196,0.00000,0.32661,0.33990,0.33440,0.35059,0.00000,0.00000,0.00000,0.00000,0.00000,0.00000,0.00000,0.00000,0.00000,0.00000,0.00000,0.00000,0.00000,0.01896,0.00000,0.02427,0.00000,0.00000,0.00000,0.33594,0.00000,0.00000,0.00000,0.00000,0.00000,0.00000,0.03384,0.00000,0.00000,0.00000,0.00000,0.00000,0.00000,0.01035,0.01533,0.02791,0.03539,0.07814,0.00000,0.00000,0.00000,0.05443,0.01476,0.00984,0.02862,0.00000,0.01651,0.02451,0.01706,0.00000,0.00424,0.00000,0.00000,0.00000,0.00000,0.00000,0.03124,0.00000,0.03837,0.22946,0.20733,0.06123,0.01603,0.00000,0.05898,0.01219,0.04181,0.21014,0.32247,0.15001,0.38292,0.02615,0.03880,0.00362,0.10541,0.01984,0.02231,0.02520,0.03005,0.00000,0.00000,0.03947,0.02801,0.01310,0.05045,0.01346,0.12835,0.10726,0.00000,0.01364,0.01697,0.01711,0.03069,0.07014,0.02789,0.09204,0.18338,0.25944,0.50769,0.79826,0.03587,0.01949,0.07644,0.19440,0.42476,1.00000,0.02842,0.02142,0.03054,0.12401,0.14617,0.47281,0.00000,0.00000,0.00000,0.00000,0.00285,0.03074,0.00000,0.00000,0.00000,0.00000,0.00000,0.00000,0.00000,0.01167,0.00000,0.00000,0.00000,0.00000,0.00000,0.00000,0.00000,0.00000,0.00000,0.17041,0.00000,0.00000,0.00000,0.00000,0.00000,0.00000,0.00000,0.31409,0.00000,0.00080,0.00000,0.00000,0.00000,0.00000,0.00000,0.00000,0.14987,0.18874,0.00000,0.00000,0.00000,0.00000,0.00000,0.00000,0.00048,0.00000,0.00000,0.00000,0.00050,0.00070,0.00000,0.00000,0.00000,0.00000,0.00000,0.00055,0.00000,0.00000,0.00000,0.00000,0.00000,0.00000,0.00000,0.00000,0.00000,0.00000,0.00000,0.00000,0.00000,0.00000,0.00000,0.00000,0.00000,0.00000,0.00000,0.00000,0.14972,0.12792,0.00000,0.00000,0.00000,0.00000,0.00000,0.00000,0.00000,0.00000,0.00000,0.00000,0.00000,0.11190,0.00000,0.00000,0.00000,0.00000,0.00000,0.00000,0.00000,0.00000,0.00000,0.00000,0.00000,0.00000,0.00000,0.00000,0.00000,0.00000,0.00000,0.00000,0.00000,0.00000,0.00000,0.00556,0.00000,0.31157,0.33209,0.00377,0.00507,0.34602,0.35340
VIS_LPLC1_L,0.09049,0.09438,0.00000,0.07930,0.08526,0.08894,0.08809,0.08355,0.08811,0.09009,0.08683,0.08579,0.08098,0.08910,0.08141,0.08835,0.08476,0.07976,0.08342,0.08247,0.07995,0.08331,0.08765,0.07877,0.08490,0.09026,0.07793,0.09430,0.08206,0.09394,0.09395,0.08339,0.08417,0.08769,0.08914,0.09004,0.08941,0.08104,0.09062,0.09063,0.08218,0.08364,0.08497,0.08163,0.08946,0.08682,0.00000,0.00000,0.08260,0.08733,0.08171,0.09528,0.07890,0.08643,0.08370,0.08545,0.08990,0.08345,0.08322,0.08174,0.08526,0.08626,0.09017,0.08819,0.08432,0.08242,0.09882,0.07989,0.08428,0.08483,0.09007,0.08960,0.08492,0.08265,0.09505,0.08444,0.08554,0.08984,0.08275,0.08591,0.07984,0.08788,0.00000,0.08661,0.07881,0.08261,0.08686,0.00000,0.00000,0.00000,0.00690,0.00000,0.00000,0.00000,0.00000,0.00000,0.00000,0.00000,0.00000,0.00000,0.00000,0.00000,0.00000,0.00000,0.00000,0.00853,0.01501,0.00000,0.04148,0.00000,0.00000,0.00000,0.00000,0.00486,0.00000,0.00000,0.00000,0.00000,0.02214,0.00000,0.00288,0.01121,0.00000,0.00889,0.00314,0.00000,0.21317,0.00374,0.00243,0.02792,0.00223,0.02364,0.00000,0.00000,0.00000,0.01905,0.00000,0.00000,0.00000,0.00000,0.00000,0.00000,0.00043,0.00000,0.03380,0.00000,0.08909,0.25717,0.30017,0.01146,0.05247,0.17695,0.09452,0.24739,0.06334,0.25305,0.05082,0.27253,0.41863,0.27592,0.36231,0.14875,0.16638,0.23755,0.34198,0.32383,0.13827,0.17957,0.41366,0.30249,0.44054,0.32557,0.34284,0.12165,0.29409,0.02750,0.02194,0.37693,0.08206,0.23190,0.18243,0.48891,0.24774,0.09562,0.19067,0.09343,0.14695,0.22985,0.23464,0.27074,0.26189,0.01059,0.02842,1.00000,0.34356,0.24633,0.13137,0.20942,0.05702,0.00000,0.00000,0.00000,0.00000,0.02537,0.07996,0.00000,0.00000,0.00000,0.00000,0.00000,0.01173,0.10991,0.07353,0.00000,0.00000,0.00000,0.00000,0.00000,0.00000,0.00000,0.00000,0.00000,0.21064,0.00000,0.00000,0.00000,0.00000,0.00000,0.00000,0.02280,0.07610,0.03144,0.02964,0.01611,0.01501,0.00000,0.00000,0.00000,0.00000,0.24081,0.24538,0.00000,0.00000,0.00000,0.00000,0.00000,0.10662,0.05185,0.03503,0.07951,0.09755,0.04415,0.06991,0.00000,0.00000,0.00000,0.00000,0.03971,0.04332,0.00000,0.00000,0.00000,0.00000,0.00000,0.00000,0.00000,0.00000,0.00000,0.00000,0.00000,0.00000,0.00000,0.00000,0.00714,0.00000,0.00000,0.00000,0.00000,0.00000,0.24980,0.24088,0.00000,0.00000,0.00000,0.00000,0.00000,0.00000,0.00115,0.00234,0.00764,0.00000,0.03002,0.14815,0.00000,0.00000,0.00000,0.00000,0.00000,0.00000,0.00000,0.00000,0.00000,0.00000,0.00000,0.00000,0.00000,0.00000,0.00000,0.00000,0.00000,0.00000,0.00000,0.00000,0.00000,0.01509,0.02794,0.09803,0.09863,0.09471,0.03534,0.11527,0.12949
VIS_LPLC1_R,0.16349,0.16520,0.00000,0.15140,0.15062,0.14916,0.15293,0.15317,0.15442,0.15805,0.16006,0.14426,0.14842,0.14602,0.14280,0.14598,0.14794,0.14783,0.14484,0.14712,0.15908,0.14238,0.15105,0.14776,0.15367,0.15351,0.15024,0.15019,0.15403,0.15400,0.16128,0.15227,0.15404,0.14423,0.15586,0.16640,0.15321,0.15772,0.16185,0.14693,0.15508,0.15626,0.14295,0.15426,0.15520,0.14782,0.00000,0.00000,0.14469,0.14557,0.14550,0.16028,0.14371,0.15248,0.15705,0.15281,0.16192,0.15258,0.15267,0.15274,0.14860,0.15971,0.14149,0.15840,0.14802,0.14572,0.15082,0.14974,0.14557,0.14930,0.15233,0.15435,0.14098,0.15427,0.15491,0.15190,0.15235,0.16174,0.15842,0.15703,0.15906,0.14983,0.00000,0.15470,0.14142,0.14813,0.16647,0.00000,0.00000,0.00000,0.20184,0.00000,0.00000,0.09762,0.00000,0.00000,0.01606,0.00000,0.00000,0.00000,0.00000,0.00000,0.00000,0.00000,0.00000,0.00456,0.03211,0.09762,0.00000,0.00000,0.00000,0.00000,0.00000,0.00000,0.00000,0.00000,0.00000,0.00000,0.02463,0.00000,0.02688,0.00974,0.02201,0.00000,0.00168,0.00000,0.00041,0.11472,0.07197,0.00299,0.01798,0.00532,0.00000,0.00000,0.03498,0.01141,0.00000,0.00000,0.00000,0.00000,0.00000,0.00000,0.01405,0.00000,0.03316,0.00000,0.26777,0.21972,0.04687,0.27843,0.24482,0.06958,0.29533,0.15769,0.25518,0.12574,0.26389,0.16992,0.42037,0.54982,0.41971,0.25579,0.06420,0.41969,0.47531,0.56628,0.00236,0.47259,0.40252,0.52796,0.49011,0.64733,0.19660,0.48330,0.01011,0.27638,0.07548,0.08720,0.23295,0.17289,0.37805,0.33725,0.52834,0.23061,0.19429,0.16206,0.20859,0.19001,0.32710,0.22180,0.32656,0.09692,0.02142,0.34356,1.00000,0.20984,0.40108,0.08165,0.14319,0.00000,0.00000,0.00000,0.01938,0.10879,0.05535,0.00000,0.00000,0.00000,0.00000,0.04285,0.00418,0.22371,0.01590,0.00000,0.00000,0.00000,0.00000,0.00000,0.00000,0.00000,0.00000,0.00000,0.34070,0.00000,0.00000,0.00000,0.00000,0.00000,0.00000,0.01755,0.13245,0.02277,0.02331,0.01110,0.01338,0.00000,0.00000,0.00000,0.00000,0.37342,0.39198,0.00000,0.00000,0.00000,0.00000,0.00000,0.07547,0.03868,0.02485,0.04957,0.06447,0.03253,0.04961,0.00000,0.00000,0.00000,0.00000,0.02877,0.03085,0.00000,0.00000,0.00000,0.00000,0.00000,0.00000,0.00000,0.00000,0.00397,0.00314,0.00000,0.00000,0.00000,0.00000,0.00885,0.00000,0.00000,0.00000,0.00000,0.00000,0.38160,0.39553,0.00000,0.00000,0.00000,0.00000,0.00000,0.00000,0.00123,0.00250,0.00759,0.00000,0.02404,0.21342,0.00000,0.00000,0.00000,0.00000,0.00000,0.00000,0.00000,0.00000,0.00000,0.00000,0.00000,0.00000,0.00000,0.00000,0.00000,0.00000,0.00000,0.00000,0.00000,0.00000,0.00000,0.05817,0.04904,0.14466,0.16300,0.20588,0.16068,0.20916,0.23893
VIS_LPLC2_L,0.10403,0.10723,0.00000,0.10722,0.10931,0.11056,0.10820,0.10681,0.09974,0.10867,0.11208,0.10164,0.09814,0.11135,0.10474,0.10315,0.10687,0.10071,0.10295,0.10202,0.09926,0.10811,0.10472,0.10072,0.11232,0.08849,0.09832,0.09831,0.10486,0.10861,0.11246,0.10734,0.10496,0.09760,0.10497,0.10149,0.10340,0.09808,0.10493,0.10416,0.10210,0.10761,0.10009,0.10473,0.11040,0.10658,0.00000,0.00000,0.10260,0.10990,0.10201,0.10992,0.09894,0.10798,0.09512,0.10535,0.10826,0.11199,0.11520,0.10737,0.10712,0.10406,0.11095,0.10714,0.11376,0.10936,0.10691,0.10774,0.10986,0.10917,0.10652,0.11827,0.10165,0.10954,0.10746,0.10974,0.10702,0.10684,0.09900,0.11234,0.10874,0.10566,0.00000,0.10175,0.10011,0.10860,0.10313,0.00000,0.00000,0.00000,0.07232,0.00000,0.13049,0.00000,0.21847,0.00000,0.00000,0.00000,0.00000,0.00000,0.00000,0.00000,0.00000,0.00000,0.00000,0.04712,0.05737,0.00000,0.04933,0.00000,0.00000,0.00000,0.00000,0.00578,0.00000,0.00000,0.00000,0.00000,0.00564,0.00000,0.00000,0.01190,0.00095,0.01058,0.01868,0.00000,0.07489,0.03428,0.00930,0.03321,0.00000,0.01651,0.00000,0.00000,0.00000,0.02266,0.00000,0.00000,0.00000,0.00000,0.00000,0.00000,0.00183,0.00000,0.03108,0.00000,0.02574,0.09105,0.19315,0.01825,0.01346,0.07781,0.02747,0.09256,0.02700,0.09904,0.05583,0.11776,0.16422,0.12598,0.25300,0.17322,0.05469,0.09039,0.70453,0.56337,0.12463,0.10996,0.58907,0.46128,0.24236,0.37616,0.23819,0.10021,0.09071,0.02034,0.04037,0.50440,0.26060,0.79059,0.63566,0.19117,0.16031,0.08650,0.07847,0.08371,0.09825,0.10286,0.07436,0.10942,0.10945,0.01880,0.03054,0.24633,0.20984,1.00000,0.59523,0.08734,0.05125,0.00000,0.00000,0.00000,0.00791,0.01297,0.03277,0.00000,0.00000,0.00000,0.00000,0.00000,0.02658,0.04391,0.05149,0.00000,0.00000,0.00000,0.00000,0.00000,0.00000,0.00000,0.00000,0.00000,0.23012,0.00000,0.00000,0.00000,0.00000,0.00000,0.00000,0.00263,0.09350,0.00295,0.00286,0.00255,0.00000,0.00000,0.00000,0.00000,0.00000,0.22244,0.19162,0.00000,0.00000,0.00000,0.00000,0.00000,0.01065,0.00439,0.00345,0.01163,0.00988,0.00463,0.00750,0.00000,0.00000,0.00000,0.00000,0.00452,0.00596,0.00000,0.00000,0.00000,0.00000,0.00000,0.00000,0.00000,0.00000,0.00000,0.00000,0.00000,0.00000,0.00000,0.00000,0.00000,0.00000,0.00000,0.00000,0.00000,0.00000,0.23089,0.21236,0.00000,0.00000,0.00000,0.00000,0.00000,0.00000,0.00000,0.00050,0.00000,0.00000,0.00267,0.10168,0.00000,0.00000,0.00000,0.00000,0.00000,0.00000,0.00000,0.00000,0.00000,0.00000,0.00000,0.00000,0.00000,0.00000,0.00000,0.00000,0.00000,0.00000,0.00000,0.00000,0.00000,0.01594,0.00013,0.10012,0.11812,0.04119,0.02194,0.12285,0.13551
VIS_LPLC2_R,0.16651,0.16482,0.00000,0.17251,0.16586,0.16314,0.16822,0.16644,0.16078,0.16433,0.17633,0.15868,0.15934,0.16503,0.15979,0.15761,0.17202,0.16494,0.16113,0.16336,0.16569,0.16265,0.16129,0.16309,0.17066,0.15305,0.16509,0.15473,0.16715,0.17082,0.17136,0.17265,0.16877,0.15286,0.16441,0.16733,0.16091,0.16485,0.16745,0.16012,0.16082,0.16825,0.15345,0.16715,0.16744,0.16132,0.00000,0.00000,0.15866,0.16327,0.16268,0.16065,0.15830,0.16294,0.15782,0.15825,0.16907,0.16490,0.16560,0.16973,0.15869,0.16587,0.16497,0.16544,0.16757,0.16483,0.15493,0.16287,0.16194,0.16698,0.16336,0.17117,0.15515,0.17043,0.15816,0.16926,0.16302,0.16899,0.16259,0.17587,0.17078,0.15942,0.00000,0.16012,0.16014,0.16638,0.17000,0.00000,0.00000,0.00000,0.14705,0.00000,0.16540,0.07552,0.27690,0.00000,0.00000,0.00000,0.00000,0.00000,0.00000,0.00000,0.00000,0.00000,0.00000,0.03237,0.10246,0.07552,0.00000,0.00000,0.00000,0.00000,0.00000,0.00000,0.00000,0.00000,0.00000,0.00000,0.00000,0.00000,0.01918,0.00128,0.01759,0.00000,0.03496,0.00000,0.05371,0.06136,0.06825,0.00000,0.01313,0.00024,0.00000,0.00000,0.02650,0.00000,0.00000,0.00000,0.00000,0.00000,0.00000,0.00000,0.00588,0.00000,0.00983,0.00000,0.16383,0.07028,0.01675,0.19771,0.15138,0.00205,0.14786,0.01020,0.17652,0.04598,0.18833,0.07656,0.07551,0.16488,0.18199,0.30346,0.01210,0.22174,0.63116,0.63657,0.00000,0.23167,0.44221,0.53844,0.15517,0.43269,0.21857,0.26612,0.01947,0.17505,0.07654,0.27694,0.51787,0.59169,0.79453,0.07148,0.29818,0.14862,0.08709,0.17470,0.19202,0.02938,0.09002,0.07954,0.12412,0.14462,0.12401,0.13137,0.40108,0.59523,1.00000,0.09543,0.16006,0.00000,0.00000,0.00000,0.00667,0.04850,0.00439,0.00000,0.00000,0.00000,0.00000,0.05726,0.00000,0.10365,0.00059,0.00000,0.00000,0.00000,0.00000,0.00000,0.00000,0.00000,0.00000,0.00000,0.22956,0.00000,0.00000,0.00000,0.00000,0.00000,0.00000,0.00000,0.14730,0.00000,0.00073,0.00021,0.00000,0.00000,0.00000,0.00000,0.00000,0.22038,0.21756,0.00000,0.00000,0.00000,0.00000,0.00000,0.00000,0.00015,0.00019,0.00040,0.00000,0.00000,0.00000,0.00000,0.00000,0.00000,0.00000,0.00022,0.00000,0.00000,0.00000,0.00000,0.00000,0.00000,0.00000,0.00000,0.00000,0.00250,0.00223,0.00000,0.00000,0.00000,0.00000,0.00086,0.00000,0.00000,0.00000,0.00000,0.00000,0.23106,0.22782,0.00000,0.00000,0.00000,0.00000,0.00000,0.00000,0.00022,0.00000,0.00000,0.00000,0.00011,0.11141,0.00000,0.00000,0.00000,0.00000,0.00000,0.00000,0.00000,0.00000,0.00000,0.00000,0.00000,0.00000,0.00000,0.00000,0.00000,0.00000,0.00000,0.00000,0.00000,0.00000,0.00000,0.01908,0.00514,0.15203,0.17981,0.12147,0.12863,0.18367,0.20496
VIS_LPLC4_L,0.40409,0.40562,0.00000,0.41540,0.42807,0.42712,0.40289,0.42500,0.42752,0.41671,0.43115,0.40987,0.43386,0.42003,0.42735,0.42897,0.41353,0.40400,0.41042,0.41862,0.39730,0.42657,0.42970,0.41448,0.40905,0.42076,0.42089,0.40743,0.39953,0.41656,0.42559,0.42086,0.41320,0.42844,0.40779,0.39507,0.40295,0.41129,0.41586,0.41289,0.43485,0.40091,0.44705,0.41023,0.42884,0.38778,0.00000,0.00000,0.41796,0.41401,0.41098,0.42112,0.42252,0.42660,0.40318,0.41605,0.40748,0.45101,0.41074,0.40472,0.42742,0.40388,0.41032,0.40845,0.43652,0.41587,0.41527,0.40562,0.42612,0.39361,0.43116,0.42673,0.41219,0.39834,0.43637,0.39593,0.42019,0.41500,0.42317,0.40198,0.40709,0.44158,0.00000,0.43810,0.41530,0.41049,0.42024,0.00000,0.00000,0.00000,0.00000,0.00000,0.00000,0.12899,0.00000,0.00000,0.00000,0.00000,0.00000,0.00000,0.01965,0.00000,0.00152,0.00000,0.00000,0.20167,0.00000,0.12899,0.08256,0.00000,0.03669,0.02955,0.00000,0.01390,0.00000,0.00000,0.07224,0.00000,0.00165,0.00000,0.22645,0.10572,0.21331,0.01991,0.13613,0.00000,0.03133,0.03009,0.08822,0.07185,0.15884,0.07708,0.00000,0.03096,0.20644,0.07110,0.00000,0.00530,0.00000,0.00000,0.05618,0.00000,0.12948,0.00251,0.18600,0.00240,0.19852,0.13041,0.25897,0.08149,0.13666,0.12153,0.11059,0.09858,0.34889,0.14053,0.30142,0.10120,0.19191,0.12385,0.07898,0.09549,0.20471,0.09280,0.10941,0.09745,0.12487,0.15053,0.10445,0.08793,0.13245,0.13439,0.15276,0.13106,0.54716,0.14320,0.38470,0.17957,0.07895,0.15075,0.10312,0.10392,0.11076,0.40141,0.29431,0.53272,0.27020,0.24351,0.14911,0.18925,0.10941,0.26032,0.14617,0.20942,0.08165,0.08734,0.09543,1.00000,0.19589,0.00000,0.00000,0.01532,0.00000,0.10251,0.07583,0.00000,0.00000,0.00000,0.00000,0.04886,0.09486,0.16849,0.07710,0.00000,0.00000,0.00000,0.00000,0.00000,0.00000,0.00000,0.00000,0.00000,0.21228,0.00000,0.00000,0.00000,0.00000,0.00000,0.00000,0.01477,0.37225,0.00580,0.00698,0.00119,0.00000,0.00000,0.00000,0.00000,0.00000,0.18876,0.16578,0.00000,0.00000,0.00000,0.00000,0.00000,0.00195,0.01012,0.00581,0.01146,0.01101,0.01043,0.00915,0.00000,0.00000,0.00000,0.00000,0.00637,0.01018,0.00000,0.00000,0.00000,0.00000,0.00000,0.00000,0.00000,0.00000,0.00821,0.00584,0.00000,0.00000,0.00000,0.00000,0.00444,0.00000,0.00000,0.00000,0.00000,0.00000,0.11568,0.13415,0.00000,0.00000,0.00000,0.00000,0.00000,0.00000,0.00089,0.00291,0.01120,0.00074,0.01484,0.04118,0.00000,0.00000,0.00000,0.00000,0.00000,0.00000,0.00000,0.00000,0.00000,0.00000,0.00000,0.00000,0.00000,0.00000,0.00000,0.00000,0.00000,0.00000,0.00000,0.00000,0.00000,0.01053,0.00862,0.37873,0.36776,0.18928,0.18852,0.42469,0.38459
VIS_LPLC4_R,0.49725,0.46987,0.00000,0.49860,0.50373,0.48859,0.50398,0.51780,0.49870,0.51189,0.49270,0.51417,0.48766,0.50462,0.47623,0.48274,0.49727,0.52662,0.49676,0.50594,0.52048,0.49386,0.48052,0.50103,0.50719,0.47097,0.50893,0.49645,0.49338,0.49099,0.48894,0.49851,0.51476,0.49543,0.49802,0.50869,0.51858,0.49187,0.49222,0.48934,0.47098,0.50235,0.49262,0.49927,0.49327,0.50394,0.00000,0.00000,0.49688,0.48489,0.48956,0.48538,0.52224,0.48784,0.51290,0.47873,0.50046,0.47009,0.48619,0.49891,0.47864,0.52943,0.47865,0.50673,0.49553,0.49924,0.48857,0.49460,0.48474,0.51367,0.49047,0.47273,0.49268,0.50046,0.47605,0.50740,0.48885,0.49923,0.48361,0.51747,0.51741,0.49417,0.00000,0.50003,0.50082,0.49492,0.51182,0.00000,0.00000,0.00000,0.00000,0.00000,0.00000,0.05391,0.00000,0.00000,0.00000,0.00000,0.00000,0.00000,0.06300,0.00000,0.03488,0.00000,0.00000,0.01186,0.35920,0.05391,0.16172,0.00000,0.00539,0.06616,0.00000,0.07230,0.00000,0.00000,0.00000,0.00000,0.00029,0.00000,0.09630,0.23392,0.01580,0.08553,0.00000,0.00000,0.03819,0.07004,0.09217,0.17417,0.02924,0.15642,0.00000,0.09434,0.02416,0.25181,0.00000,0.01566,0.00000,0.00000,0.00000,0.00000,0.01329,0.09153,0.00561,0.06229,0.18974,0.17426,0.07858,0.24356,0.16961,0.07373,0.13961,0.07913,0.21778,0.35063,0.18558,0.41591,0.16907,0.22113,0.03338,0.27475,0.01938,0.22772,0.07760,0.15276,0.10752,0.16704,0.06628,0.12016,0.12699,0.17728,0.08953,0.41611,0.09921,0.41823,0.04988,0.04292,0.12942,0.07672,0.14021,0.08021,0.22222,0.37951,0.42459,0.33841,0.53559,0.13143,0.10195,0.15491,0.21972,0.13936,0.47281,0.05702,0.14319,0.05125,0.16006,0.19589,1.00000,0.00000,0.00000,0.00839,0.00000,0.04743,0.11783,0.00000,0.00000,0.00000,0.00000,0.05906,0.06099,0.06794,0.08183,0.00000,0.00000,0.00000,0.00000,0.00000,0.00000,0.00000,0.00000,0.00000,0.25105,0.00000,0.00000,0.00000,0.00000,0.00000,0.00000,0.00525,0.44422,0.00271,0.00958,0.00018,0.00000,0.00000,0.00000,0.00000,0.00000,0.25944,0.30026,0.00000,0.00000,0.00000,0.00000,0.00000,0.00306,0.00583,0.00288,0.00718,0.00721,0.00866,0.00828,0.00000,0.00000,0.00000,0.00000,0.00346,0.00615,0.00000,0.00000,0.00000,0.00000,0.00000,0.00000,0.00000,0.00000,0.01757,0.01279,0.00000,0.00000,0.00000,0.00000,0.00293,0.00000,0.00000,0.00000,0.00000,0.00000,0.27265,0.23090,0.00000,0.00000,0.00000,0.00000,0.00000,0.00000,0.00112,0.00380,0.00213,0.00000,0.00533,0.16162,0.00000,0.00000,0.00000,0.00000,0.00000,0.00000,0.00000,0.00000,0.00000,0.00000,0.00000,0.00000,0.00000,0.00000,0.00000,0.00000,0.00000,0.00000,0.00000,0.00000,0.00000,0.01556,0.00779,0.44861,0.47042,0.22663,0.23339,0.49931,0.52616
VIS_MTe01a_L,0.00000,0.00000,0.00000,0.00000,0.00000,0.00000,0.00000,0.00000,0.00000,0.00000,0.00000,0.00000,0.00000,0.00000,0.00000,0.00000,0.00000,0.00000,0.00000,0.00000,0.00000,0.00000,0.00000,0.00000,0.00000,0.00000,0.00000,0.00000,0.00000,0.00000,0.00000,0.00000,0.00000,0.00000,0.00000,0.00000,0.00000,0.00000,0.00000,0.00000,0.00000,0.00000,0.00000,0.00000,0.00000,0.00000,0.00000,0.00000,0.00000,0.00000,0.00000,0.00000,0.00000,0.00000,0.00000,0.00000,0.00000,0.00000,0.00000,0.00000,0.00000,0.00000,0.00000,0.00000,0.00000,0.00000,0.00000,0.00000,0.00000,0.00000,0.00000,0.00000,0.00000,0.00000,0.00000,0.00000,0.00000,0.00000,0.00000,0.00000,0.00000,0.00000,0.00000,0.00000,0.00000,0.00000,0.00000,0.00000,0.00000,0.00000,0.00000,0.00000,0.00000,0.00000,0.00000,0.00000,0.00000,0.00000,0.00000,0.00000,0.00000,0.00000,0.00000,0.00000,0.00000,0.00000,0.00000,0.00000,0.00000,0.00000,0.00000,0.00000,0.00000,0.00000,0.00000,0.00000,0.00000,0.00000,0.00000,0.00000,0.00000,0.00000,0.00000,0.00000,0.00000,0.00000,0.00000,0.00000,0.00000,0.00000,0.00000,0.00000,0.00000,0.00000,0.00000,0.00000,0.00000,0.00000,0.00000,0.00000,0.00000,0.00000,0.00000,0.00000,0.00000,0.00000,0.00000,0.00000,0.00000,0.00000,0.00000,0.00000,0.00000,0.00000,0.00000,0.00000,0.00000,0.00000,0.00000,0.00000,0.00000,0.00000,0.00000,0.00000,0.00000,0.00000,0.00000,0.00000,0.00000,0.00000,0.00000,0.00000,0.00000,0.00000,0.00000,0.00000,0.00000,0.00000,0.00000,0.00000,0.00000,0.00000,0.00000,0.00000,0.00000,0.00000,0.00000,0.00000,0.00000,0.00000,0.00000,0.00000,0.00000,0.00000,0.00000,0.00000,0.00000,0.00000,0.00000,0.00000,0.00000,0.00000,0.00000,0.00000,0.00000,0.00000,0.00000,0.00000,0.00000,0.00000,0.00000,0.00000,0.00000,0.00000,0.00000,0.00000,0.00000,0.00000,0.00000,0.00000,0.00000,0.00000,0.00000,0.00000,0.00000,0.00000,0.00000,0.00000,0.00000,0.00000,0.00000,0.00000,0.00000,0.00000,0.00000,0.00000,0.00000,0.00000,0.00000,0.00000,0.00000,0.00000,0.00000,0.00000,0.00000,0.00000,0.00000,0.00000,0.00000,0.00000,0.00000,0.00000,0.00000,0.00000,0.00000,0.00000,0.00000,0.00000,0.00000,0.00000,0.00000,0.00000,0.00000,0.00000,0.00000,0.00000,0.00000,0.00000,0.00000,0.00000,0.00000,0.00000,0.00000,0.00000,0.00000,0.00000,0.00000,0.00000,0.00000,0.00000,0.00000,0.00000,0.00000,0.00000,0.00000,0.00000,0.00000,0.00000,0.00000,0.00000,0.00000,0.00000,0.00000,0.00000,0.00000,0.00000,0.00000,0.00000,0.00000,0.00000,0.00000,0.00000,0.00000,0.00000,0.00000,0.00000,0.00000,0.00000,0.00000,0.00000,0.00000,0.00000,0.00000,0.00000,0.00000,0.00000,0.00000,0.00000,0.00000,0.00000,0.00000,0.00000
VIS_MTe01a_R,0.00000,0.00000,0.00000,0.00000,0.00000,0.00000,0.00000,0.00000,0.00000,0.00000,0.00000,0.00000,0.00000,0.00000,0.00000,0.00000,0.00000,0.00000,0.00000,0.00000,0.00000,0.00000,0.00000,0.00000,0.00000,0.00000,0.00000,0.00000,0.00000,0.00000,0.00000,0.00000,0.00000,0.00000,0.00000,0.00000,0.00000,0.00000,0.00000,0.00000,0.00000,0.00000,0.00000,0.00000,0.00000,0.00000,0.00000,0.00000,0.00000,0.00000,0.00000,0.00000,0.00000,0.00000,0.00000,0.00000,0.00000,0.00000,0.00000,0.00000,0.00000,0.00000,0.00000,0.00000,0.00000,0.00000,0.00000,0.00000,0.00000,0.00000,0.00000,0.00000,0.00000,0.00000,0.00000,0.00000,0.00000,0.00000,0.00000,0.00000,0.00000,0.00000,0.00000,0.00000,0.00000,0.00000,0.00000,0.00000,0.00000,0.00000,0.00000,0.00000,0.00000,0.00000,0.00000,0.00000,0.00000,0.00000,0.00000,0.00000,0.00000,0.00000,0.00000,0.00000,0.00000,0.00000,0.00000,0.00000,0.00000,0.00000,0.00000,0.00000,0.00000,0.00000,0.00000,0.00000,0.00000,0.00000,0.00000,0.00000,0.00000,0.00000,0.00000,0.00000,0.00000,0.00000,0.00000,0.00000,0.00000,0.00000,0.00000,0.00000,0.00000,0.00000,0.00000,0.00000,0.00000,0.00000,0.00000,0.00000,0.00000,0.00000,0.00000,0.00000,0.00000,0.00000,0.00000,0.00000,0.00000,0.00000,0.00000,0.00000,0.00000,0.00000,0.00000,0.00000,0.00000,0.00000,0.00000,0.00000,0.00000,0.00000,0.00000,0.00000,0.00000,0.00000,0.00000,0.00000,0.00000,0.00000,0.00000,0.00000,0.00000,0.00000,0.00000,0.00000,0.00000,0.00000,0.00000,0.00000,0.00000,0.00000,0.00000,0.00000,0.00000,0.00000,0.00000,0.00000,0.00000,0.00000,0.00000,0.00000,0.00000,0.00000,0.00000,0.00000,0.00000,0.00000,0.00000,0.00000,0.00000,0.00000,0.00000,0.00000,0.00000,0.00000,0.00000,0.00000,0.00000,0.00000,0.00000,0.00000,0.00000,0.00000,0.00000,0.00000,0.00000,0.00000,0.00000,0.00000,0.00000,0.00000,0.00000,0.00000,0.00000,0.00000,0.00000,0.00000,0.00000,0.00000,0.00000,0.00000,0.00000,0.00000,0.00000,0.00000,0.00000,0.00000,0.00000,0.00000,0.00000,0.00000,0.00000,0.00000,0.00000,0.00000,0.00000,0.00000,0.00000,0.00000,0.00000,0.00000,0.00000,0.00000,0.00000,0.00000,0.00000,0.00000,0.00000,0.00000,0.00000,0.00000,0.00000,0.00000,0.00000,0.00000,0.00000,0.00000,0.00000,0.00000,0.00000,0.00000,0.00000,0.00000,0.00000,0.00000,0.00000,0.00000,0.00000,0.00000,0.00000,0.00000,0.00000,0.00000,0.00000,0.00000,0.00000,0.00000,0.00000,0.00000,0.00000,0.00000,0.00000,0.00000,0.00000,0.00000,0.00000,0.00000,0.00000,0.00000,0.00000,0.00000,0.00000,0.00000,0.00000,0.00000,0.00000,0.00000,0.00000,0.00000,0.00000,0.00000,0.00000,0.00000,0.00000,0.00000,0.00000,0.00000,0.00000,0.00000,0.00000,0.00000
VIS_MTe51_L,0.16513,0.17170,0.00000,0.17431,0.16916,0.17421,0.16234,0.15927,0.18465,0.16483,0.17023,0.16767,0.16933,0.17260,0.16212,0.16956,0.16986,0.16439,0.16354,0.15993,0.17093,0.16586,0.16334,0.16009,0.18603,0.17575,0.15851,0.16296,0.16410,0.17054,0.17584,0.16376,0.16620,0.15400,0.16701,0.17629,0.16406,0.17792,0.17524,0.16334,0.17510,0.16074,0.16842,0.16785,0.17171,0.15930,0.00000,0.00000,0.17259,0.18445,0.17487,0.17993,0.17684,0.17847,0.16509,0.17262,0.17530,0.17587,0.17442,0.16976,0.17386,0.16691,0.16888,0.16903,0.16689,0.17195,0.18023,0.17220,0.17517,0.16183,0.16721,0.17035,0.17101,0.17730,0.15744,0.16609,0.17264,0.16742,0.16919,0.16178,0.18835,0.17007,0.00000,0.16858,0.16920,0.18410,0.16401,0.00000,0.00000,0.00000,0.00000,0.00000,0.00000,0.00000,0.00000,0.00000,0.00000,0.00000,0.00000,0.00000,0.00000,0.00000,0.00000,0.00000,0.00000,0.00000,0.00000,0.00000,0.00000,0.00000,0.00000,0.00000,0.00000,0.00000,0.00000,0.00000,0.00000,0.00000,0.00000,0.00000,0.03001,0.02150,0.00000,0.00000,0.00000,0.00000,0.00000,0.00000,0.00000,0.00000,0.00000,0.00000,0.00000,0.00000,0.00000,0.00000,0.00000,0.00000,0.00000,0.00000,0.00000,0.00000,0.00000,0.00000,0.00000,0.00000,0.00246,0.00000,0.00000,0.00000,0.03275,0.00000,0.03645,0.00775,0.01810,0.00000,0.00000,0.00000,0.00717,0.00000,0.00000,0.00000,0.00000,0.00000,0.00000,0.00000,0.00000,0.00000,0.00000,0.00000,0.00000,0.00000,0.00000,0.00000,0.01225,0.00000,0.00000,0.00000,0.00000,0.00000,0.00000,0.00000,0.00000,0.00000,0.00000,0.00000,0.00000,0.08328,0.04986,0.00000,0.00000,0.00000,0.00000,0.00000,0.00000,0.00000,0.00000,0.01532,0.00839,0.00000,0.00000,1.00000,0.00000,0.00000,0.00000,0.00000,0.00000,0.00000,0.00000,0.00000,0.00000,0.00000,0.00000,0.00000,0.00000,0.00000,0.00000,0.00000,0.00000,0.00000,0.00000,0.00000,0.00000,0.00000,0.00000,0.00000,0.00000,0.00000,0.00000,0.00000,0.15284,0.00000,0.00000,0.00000,0.00000,0.00000,0.00000,0.00000,0.00000,0.00000,0.00000,0.00000,0.00000,0.00000,0.00000,0.00000,0.00000,0.00000,0.00000,0.00000,0.00000,0.00000,0.00000,0.00000,0.00000,0.00000,0.00000,0.00000,0.00000,0.00000,0.00000,0.00000,0.00000,0.00000,0.00000,0.00000,0.00000,0.00000,0.00000,0.00000,0.00000,0.00000,0.00000,0.00000,0.00000,0.00000,0.00000,0.00000,0.00000,0.00000,0.00000,0.00000,0.00000,0.00000,0.00000,0.00000,0.00000,0.00000,0.00000,0.00000,0.00000,0.00000,0.00000,0.00000,0.00000,0.00000,0.00000,0.00000,0.00000,0.00000,0.00000,0.00000,0.00000,0.00000,0.00000,0.00000,0.00000,0.00000,0.00000,0.00000,0.00000,0.00000,0.00000,0.00000,0.00000,0.00000,0.17510,0.17419,0.00000,0.00000,0.14502,0.14626
VIS_MTe51_R,0.07161,0.09261,0.00000,0.09056,0.07297,0.08681,0.08908,0.07920,0.09146,0.07270,0.06449,0.08110,0.07185,0.08600,0.07534,0.06765,0.08999,0.07507,0.08517,0.09659,0.10001,0.06548,0.07116,0.06767,0.06910,0.10209,0.08964,0.07571,0.07856,0.08202,0.08669,0.07306,0.07289,0.07672,0.09400,0.08782,0.06620,0.07889,0.06763,0.09810,0.07767,0.09204,0.07556,0.08411,0.07944,0.08648,0.00000,0.00000,0.07282,0.07826,0.10163,0.08279,0.08320,0.06931,0.09930,0.09667,0.06950,0.06623,0.07204,0.08507,0.09461,0.08603,0.07138,0.07456,0.07227,0.07191,0.08762,0.08042,0.05943,0.08014,0.07501,0.08282,0.06595,0.06054,0.07407,0.07959,0.09034,0.06950,0.08836,0.08943,0.10809,0.06924,0.00000,0.08995,0.10497,0.08885,0.09794,0.00000,0.00000,0.00000,0.02163,0.00000,0.00000,0.00000,0.00000,0.00000,0.00000,0.00000,0.00000,0.00000,0.00000,0.00000,0.00000,0.00000,0.00000,0.00000,0.00000,0.00000,0.00000,0.00000,0.00000,0.00000,0.00000,0.00000,0.00000,0.00000,0.00000,0.00000,0.00000,0.00000,0.00000,0.00000,0.00000,0.00000,0.00000,0.00000,0.00000,0.01264,0.00000,0.00000,0.00000,0.00000,0.00000,0.00000,0.00000,0.00000,0.00000,0.00000,0.00000,0.00000,0.00000,0.00000,0.00000,0.00000,0.00000,0.00000,0.00000,0.00119,0.00000,0.00000,0.00000,0.00000,0.00000,0.00000,0.00000,0.00000,0.00000,0.00000,0.00000,0.00000,0.00000,0.00000,0.00000,0.00000,0.01356,0.00279,0.00000,0.00000,0.00000,0.00000,0.00000,0.01052,0.00872,0.00000,0.00000,0.00381,0.00000,0.00709,0.00062,0.00640,0.00406,0.00185,0.00044,0.00000,0.00000,0.00000,0.00000,0.00000,0.00000,0.00000,0.00000,0.00000,0.00000,0.00000,0.01938,0.00791,0.00667,0.00000,0.00000,0.00000,0.00000,0.00000,1.00000,0.00000,0.00000,0.00000,0.00000,0.00000,0.00000,0.00000,0.00000,0.00000,0.00000,0.00000,0.00000,0.00000,0.00000,0.00000,0.00000,0.00000,0.00000,0.00000,0.00000,0.00000,0.00000,0.00000,0.00000,0.00000,0.00000,0.00000,0.07895,0.00000,0.00000,0.00000,0.00000,0.00000,0.00000,0.00000,0.00000,0.00000,0.00000,0.00000,0.00000,0.00000,0.00000,0.00000,0.00000,0.00000,0.00000,0.00000,0.00000,0.00000,0.00000,0.00000,0.00000,0.00000,0.00000,0.00000,0.00000,0.00000,0.00000,0.00000,0.00000,0.00000,0.00000,0.00000,0.00000,0.00000,0.00000,0.00000,0.00000,0.00000,0.00000,0.00000,0.00000,0.00000,0.00000,0.00000,0.00000,0.00000,0.00000,0.00000,0.00000,0.00000,0.00000,0.00000,0.00000,0.00000,0.00000,0.00000,0.00000,0.00000,0.00000,0.00000,0.00000,0.00000,0.00000,0.00000,0.00000,0.00000,0.00000,0.00000,0.00000,0.00000,0.00000,0.00000,0.00000,0.00000,0.00000,0.00000,0.00000,0.00000,0.00000,0.00000,0.00000,0.00000,0.14177,0.15367,0.00000,0.00000,0.09114,0.08426
VIS_MeTu1_L,0.05758,0.05797,0.00000,0.05754,0.05257,0.05629,0.06164,0.05587,0.06028,0.05589,0.05231,0.05657,0.06473,0.05367,0.05542,0.04986,0.05768,0.05440,0.05451,0.05903,0.05620,0.04637,0.05970,0.05407,0.05575,0.05882,0.05841,0.05321,0.05345,0.05722,0.06044,0.06335,0.05521,0.04998,0.05784,0.05692,0.05481,0.06097,0.05087,0.05643,0.05478,0.05626,0.06327,0.05607,0.05962,0.05256,0.00000,0.00000,0.05378,0.06149,0.05917,0.05233,0.05142,0.05077,0.05286,0.05341,0.05819,0.04749,0.05188,0.05641,0.05343,0.05174,0.05320,0.05073,0.05304,0.04910,0.04939,0.05671,0.05273,0.05333,0.05651,0.05199,0.05165,0.05371,0.05788,0.05376,0.05086,0.06147,0.05209,0.05642,0.06102,0.05685,0.00000,0.05808,0.06048,0.05564,0.05832,0.00000,0.00000,0.00000,0.00000,0.00000,0.00000,0.00000,0.00000,0.00000,0.00000,0.00000,0.00000,0.00000,0.00000,0.00000,0.00000,0.00000,0.00000,0.00000,0.00000,0.00000,0.00000,0.00000,0.00000,0.00000,0.00000,0.00000,0.00000,0.00000,0.00000,0.00000,0.00000,0.12076,0.48738,0.00280,0.04678,0.00000,0.00000,0.00000,0.00191,0.00000,0.00000,0.00000,0.45726,0.04046,0.00000,0.00000,0.06649,0.00000,0.00000,0.00000,0.00000,0.00000,0.00000,0.00000,0.00000,0.00000,0.00424,0.00000,0.26623,0.05402,0.00906,0.18688,0.24350,0.03197,0.26311,0.03350,0.21491,0.02108,0.21417,0.02080,0.09282,0.15947,0.08406,0.07668,0.01362,0.15751,0.07474,0.16328,0.00000,0.16768,0.07134,0.14074,0.10053,0.13650,0.01708,0.08641,0.01884,0.10018,0.09023,0.00073,0.00997,0.01183,0.07466,0.08669,0.11146,0.18792,0.06044,0.05627,0.09709,0.08283,0.13049,0.08932,0.15486,0.08927,0.00285,0.02537,0.10879,0.01297,0.04850,0.10251,0.04743,0.00000,0.00000,0.00000,0.00000,1.00000,0.03874,0.00000,0.00000,0.00000,0.00000,0.03340,0.12392,0.19717,0.07761,0.00000,0.00000,0.00000,0.00000,0.00000,0.00000,0.00000,0.00000,0.00000,0.10369,0.00000,0.00000,0.00000,0.00000,0.00000,0.00000,0.00191,0.05155,0.01044,0.01096,0.00455,0.00000,0.00000,0.00000,0.00000,0.00000,0.12623,0.13161,0.00000,0.00000,0.00000,0.00000,0.00000,0.02615,0.01138,0.01271,0.02942,0.01763,0.00910,0.01635,0.00000,0.00000,0.00000,0.00000,0.01216,0.01486,0.00000,0.00000,0.00000,0.00000,0.00000,0.00000,0.00000,0.00000,0.00000,0.00000,0.00000,0.00000,0.00000,0.00000,0.00000,0.00000,0.00000,0.00000,0.00000,0.00000,0.10265,0.12590,0.00000,0.00000,0.00000,0.00000,0.00000,0.00000,0.00000,0.00976,0.00000,0.00000,0.00684,0.07928,0.00000,0.00000,0.00000,0.00000,0.00000,0.00000,0.00000,0.00000,0.00000,0.00000,0.00000,0.00000,0.00000,0.00000,0.00000,0.00000,0.00000,0.00000,0.00000,0.00000,0.00000,0.01065,0.00454,0.04975,0.05752,0.09645,0.09861,0.07458,0.08352
VIS_MeTu1_R,0.05440,0.04012,0.00000,0.04171,0.06901,0.05193,0.03662,0.06137,0.06293,0.05820,0.04629,0.04979,0.06436,0.06707,0.06625,0.04419,0.05723,0.05440,0.05951,0.06046,0.06067,0.05611,0.05577,0.05255,0.05591,0.05141,0.06544,0.05645,0.04098,0.04347,0.06672,0.05805,0.05194,0.05889,0.05398,0.04450,0.06123,0.05414,0.04621,0.06109,0.06927,0.05005,0.07106,0.05165,0.06146,0.05526,0.00000,0.00000,0.05818,0.04830,0.04501,0.06000,0.06369,0.05423,0.05547,0.04821,0.05356,0.05182,0.04523,0.04276,0.04288,0.07219,0.05731,0.06334,0.04443,0.04437,0.05691,0.05585,0.04298,0.04865,0.05078,0.05626,0.05796,0.03904,0.04297,0.05549,0.04741,0.05046,0.05415,0.05195,0.04844,0.06994,0.00000,0.06353,0.06296,0.06405,0.06600,0.00000,0.00000,0.00000,0.00000,0.00000,0.00000,0.02403,0.00000,0.00000,0.00000,0.00000,0.00000,0.00000,0.42761,0.00000,0.00000,0.00000,0.00000,0.00000,0.00000,0.02403,0.00000,0.00000,0.00801,0.00000,0.00000,0.00000,0.00000,0.00000,0.00000,0.00000,0.16099,0.00000,0.03176,0.53302,0.02980,0.00000,0.00000,0.00000,0.05473,0.01624,0.01644,0.39332,0.02543,0.53588,0.00000,0.57681,0.03504,0.57955,0.00528,0.08429,0.00000,0.00000,0.00000,0.00000,0.00000,0.00000,0.04527,0.00000,0.05987,0.22759,0.15629,0.05704,0.06070,0.23367,0.06452,0.24656,0.05977,0.20363,0.05085,0.13996,0.17443,0.14410,0.12672,0.01853,0.03246,0.10708,0.10459,0.07536,0.02344,0.09833,0.11494,0.06198,0.10537,0.09753,0.04059,0.03530,0.07466,0.05306,0.00318,0.01556,0.00558,0.04848,0.03103,0.09652,0.13646,0.14860,0.24097,0.21955,0.06476,0.10176,0.18808,0.23371,0.12031,0.00521,0.03074,0.07996,0.05535,0.03277,0.00439,0.07583,0.11783,0.00000,0.00000,0.00000,0.00000,0.03874,1.00000,0.00000,0.00000,0.00000,0.00000,0.00000,0.23226,0.03442,0.16598,0.00000,0.00000,0.00000,0.00000,0.00000,0.00000,0.00000,0.00000,0.00000,0.05054,0.00000,0.00000,0.00000,0.00000,0.00000,0.00000,0.00405,0.05579,0.00887,0.00719,0.00791,0.00000,0.00000,0.00000,0.00000,0.00000,0.06529,0.04687,0.00000,0.00000,0.00000,0.00000,0.00000,0.03634,0.00819,0.00855,0.02402,0.01532,0.00688,0.01238,0.00000,0.00000,0.00000,0.00000,0.00870,0.01226,0.00000,0.00000,0.00000,0.00000,0.00000,0.00000,0.00000,0.00000,0.00000,0.00000,0.00000,0.00000,0.00000,0.00000,0.00000,0.00000,0.00000,0.00000,0.00000,0.00000,0.08199,0.05207,0.00000,0.00000,0.00000,0.00000,0.00000,0.00000,0.00000,0.01271,0.00000,0.00000,0.00626,0.04304,0.00000,0.00000,0.00000,0.00000,0.00000,0.00000,0.00000,0.00000,0.00000,0.00000,0.00000,0.00000,0.00000,0.00000,0.00000,0.00000,0.00000,0.00000,0.00000,0.00000,0.00000,0.00127,0.00113,0.05129,0.05253,0.09585,0.07433,0.06881,0.06075
VIS_MeTu3b_L,0.00000,0.00000,0.00000,0.00000,0.00000,0.00000,0.00000,0.00000,0.00000,0.00000,0.00000,0.00000,0.00000,0.00000,0.00000,0.00000,0.00000,0.00000,0.00000,0.00000,0.00000,0.00000,0.00000,0.00000,0.00000,0.00000,0.00000,0.00000,0.00000,0.00000,0.00000,0.00000,0.00000,0.00000,0.00000,0.00000,0.00000,0.00000,0.00000,0.00000,0.00000,0.00000,0.00000,0.00000,0.00000,0.00000,0.00000,0.00000,0.00000,0.00000,0.00000,0.00000,0.00000,0.00000,0.00000,0.00000,0.00000,0.00000,0.00000,0.00000,0.00000,0.00000,0.00000,0.00000,0.00000,0.00000,0.00000,0.00000,0.00000,0.00000,0.00000,0.00000,0.00000,0.00000,0.00000,0.00000,0.00000,0.00000,0.00000,0.00000,0.00000,0.00000,0.00000,0.00000,0.00000,0.00000,0.00000,0.00000,0.00000,0.00000,0.00000,0.00000,0.00000,0.00000,0.00000,0.00000,0.00000,0.00000,0.00000,0.00000,0.00000,0.00000,0.00000,0.00000,0.00000,0.00000,0.00000,0.00000,0.00000,0.00000,0.00000,0.00000,0.00000,0.00000,0.00000,0.00000,0.00000,0.00000,0.00000,0.00000,0.00000,0.00000,0.00000,0.00000,0.00000,0.00000,0.00000,0.00000,0.00000,0.00000,0.00000,0.00000,0.00000,0.00000,0.00000,0.00000,0.00000,0.00000,0.00000,0.00000,0.00000,0.00000,0.00000,0.00000,0.00000,0.00000,0.00000,0.00000,0.00000,0.00000,0.00000,0.00000,0.00000,0.00000,0.00000,0.00000,0.00000,0.00000,0.00000,0.00000,0.00000,0.00000,0.00000,0.00000,0.00000,0.00000,0.00000,0.00000,0.00000,0.00000,0.00000,0.00000,0.00000,0.00000,0.00000,0.00000,0.00000,0.00000,0.00000,0.00000,0.00000,0.00000,0.00000,0.00000,0.00000,0.00000,0.00000,0.00000,0.00000,0.00000,0.00000,0.00000,0.00000,0.00000,0.00000,0.00000,0.00000,0.00000,0.00000,0.00000,0.00000,0.00000,0.00000,0.00000,0.00000,0.00000,0.00000,0.00000,0.00000,0.00000,0.00000,0.00000,0.00000,0.00000,0.00000,0.00000,0.00000,0.00000,0.00000,0.00000,0.00000,0.00000,0.00000,0.00000,0.00000,0.00000,0.00000,0.00000,0.00000,0.00000,0.00000,0.00000,0.00000,0.00000,0.00000,0.00000,0.00000,0.00000,0.00000,0.00000,0.00000,0.00000,0.00000,0.00000,0.00000,0.00000,0.00000,0.00000,0.00000,0.00000,0.00000,0.00000,0.00000,0.00000,0.00000,0.00000,0.00000,0.00000,0.00000,0.00000,0.00000,0.00000,0.00000,0.00000,0.00000,0.00000,0.00000,0.00000,0.00000,0.00000,0.00000,0.00000,0.00000,0.00000,0.00000,0.00000,0.00000,0.00000,0.00000,0.00000,0.00000,0.00000,0.00000,0.00000,0.00000,0.00000,0.00000,0.00000,0.00000,0.00000,0.00000,0.00000,0.00000,0.00000,0.00000,0.00000,0.00000,0.00000,0.00000,0.00000,0.00000,0.00000,0.00000,0.00000,0.00000,0.00000,0.00000,0.00000,0.00000,0.00000,0.00000,0.00000,0.00000,0.00000,0.00000,0.00000,0.00000,0.00000,0.00000,0.00000,0.00000,0.00000
VIS_MeTu3b_R,0.00000,0.00000,0.00000,0.00000,0.00000,0.00000,0.00000,0.00000,0.00000,0.00000,0.00000,0.00000,0.00000,0.00000,0.00000,0.00000,0.00000,0.00000,0.00000,0.00000,0.00000,0.00000,0.00000,0.00000,0.00000,0.00000,0.00000,0.00000,0.00000,0.00000,0.00000,0.00000,0.00000,0.00000,0.00000,0.00000,0.00000,0.00000,0.00000,0.00000,0.00000,0.00000,0.00000,0.00000,0.00000,0.00000,0.00000,0.00000,0.00000,0.00000,0.00000,0.00000,0.00000,0.00000,0.00000,0.00000,0.00000,0.00000,0.00000,0.00000,0.00000,0.00000,0.00000,0.00000,0.00000,0.00000,0.00000,0.00000,0.00000,0.00000,0.00000,0.00000,0.00000,0.00000,0.00000,0.00000,0.00000,0.00000,0.00000,0.00000,0.00000,0.00000,0.00000,0.00000,0.00000,0.00000,0.00000,0.00000,0.00000,0.00000,0.00000,0.00000,0.00000,0.00000,0.00000,0.00000,0.00000,0.00000,0.00000,0.00000,0.00000,0.00000,0.00000,0.00000,0.00000,0.00000,0.00000,0.00000,0.00000,0.00000,0.00000,0.00000,0.00000,0.00000,0.00000,0.00000,0.00000,0.00000,0.00000,0.00000,0.00000,0.00000,0.00000,0.00000,0.00000,0.00000,0.00000,0.00000,0.00000,0.00000,0.00000,0.00000,0.00000,0.00000,0.00000,0.00000,0.00000,0.00000,0.00000,0.00000,0.00000,0.00000,0.00000,0.00000,0.00000,0.00000,0.00000,0.00000,0.00000,0.00000,0.00000,0.00000,0.00000,0.00000,0.00000,0.00000,0.00000,0.00000,0.00000,0.00000,0.00000,0.00000,0.00000,0.00000,0.00000,0.00000,0.00000,0.00000,0.00000,0.00000,0.00000,0.00000,0.00000,0.00000,0.00000,0.00000,0.00000,0.00000,0.00000,0.00000,0.00000,0.00000,0.00000,0.00000,0.00000,0.00000,0.00000,0.00000,0.00000,0.00000,0.00000,0.00000,0.00000,0.00000,0.00000,0.00000,0.00000,0.00000,0.00000,0.00000,0.00000,0.00000,0.00000,0.00000,0.00000,0.00000,0.00000,0.00000,0.00000,0.00000,0.00000,0.00000,0.00000,0.00000,0.00000,0.00000,0.00000,0.00000,0.00000,0.00000,0.00000,0.00000,0.00000,0.00000,0.00000,0.00000,0.00000,0.00000,0.00000,0.00000,0.00000,0.00000,0.00000,0.00000,0.00000,0.00000,0.00000,0.00000,0.00000,0.00000,0.00000,0.00000,0.00000,0.00000,0.00000,0.00000,0.00000,0.00000,0.00000,0.00000,0.00000,0.00000,0.00000,0.00000,0.00000,0.00000,0.00000,0.00000,0.00000,0.00000,0.00000,0.00000,0.00000,0.00000,0.00000,0.00000,0.00000,0.00000,0.00000,0.00000,0.00000,0.00000,0.00000,0.00000,0.00000,0.00000,0.00000,0.00000,0.00000,0.00000,0.00000,0.00000,0.00000,0.00000,0.00000,0.00000,0.00000,0.00000,0.00000,0.00000,0.00000,0.00000,0.00000,0.00000,0.00000,0.00000,0.00000,0.00000,0.00000,0.00000,0.00000,0.00000,0.00000,0.00000,0.00000,0.00000,0.00000,0.00000,0.00000,0.00000,0.00000,0.00000,0.00000,0.00000,0.00000,0.00000,0.00000,0.00000,0.00000,0.00000,0.00000,0.00000
VIS_MeTu3c_L,0.00000,0.00000,0.00000,0.00000,0.00000,0.00000,0.00000,0.00000,0.00000,0.00000,0.00000,0.00000,0.00000,0.00000,0.00000,0.00000,0.00000,0.00000,0.00000,0.00000,0.00000,0.00000,0.00000,0.00000,0.00000,0.00000,0.00000,0.00000,0.00000,0.00000,0.00000,0.00000,0.00000,0.00000,0.00000,0.00000,0.00000,0.00000,0.00000,0.00000,0.00000,0.00000,0.00000,0.00000,0.00000,0.00000,0.00000,0.00000,0.00000,0.00000,0.00000,0.00000,0.00000,0.00000,0.00000,0.00000,0.00000,0.00000,0.00000,0.00000,0.00000,0.00000,0.00000,0.00000,0.00000,0.00000,0.00000,0.00000,0.00000,0.00000,0.00000,0.00000,0.00000,0.00000,0.00000,0.00000,0.00000,0.00000,0.00000,0.00000,0.00000,0.00000,0.00000,0.00000,0.00000,0.00000,0.00000,0.00000,0.00000,0.00000,0.00000,0.00000,0.00000,0.00000,0.00000,0.00000,0.00000,0.00000,0.00000,0.00000,0.00000,0.00000,0.00000,0.00000,0.00000,0.00000,0.00000,0.00000,0.00000,0.00000,0.00000,0.00000,0.00000,0.00000,0.00000,0.00000,0.00000,0.00000,0.00000,0.00000,0.00000,0.00000,0.00000,0.00000,0.00000,0.00000,0.00000,0.00000,0.00000,0.00000,0.00000,0.00000,0.00000,0.00000,0.00000,0.00000,0.00000,0.00000,0.00000,0.00000,0.00000,0.00000,0.00000,0.00000,0.00000,0.00000,0.00000,0.00000,0.00000,0.00000,0.00000,0.00000,0.00000,0.00000,0.00000,0.00000,0.00000,0.00000,0.00000,0.00000,0.00000,0.00000,0.00000,0.00000,0.00000,0.00000,0.00000,0.00000,0.00000,0.00000,0.00000,0.00000,0.00000,0.00000,0.00000,0.00000,0.00000,0.00000,0.00000,0.00000,0.00000,0.00000,0.00000,0.00000,0.00000,0.00000,0.00000,0.00000,0.00000,0.00000,0.00000,0.00000,0.00000,0.00000,0.00000,0.00000,0.00000,0.00000,0.00000,0.00000,0.00000,0.00000,0.00000,0.00000,0.00000,0.00000,0.00000,0.00000,0.00000,0.00000,0.00000,0.00000,0.00000,0.00000,0.00000,0.00000,0.00000,0.00000,0.00000,0.00000,0.00000,0.00000,0.00000,0.00000,0.00000,0.00000,0.00000,0.00000,0.00000,0.00000,0.00000,0.00000,0.00000,0.00000,0.00000,0.00000,0.00000,0.00000,0.00000,0.00000,0.00000,0.00000,0.00000,0.00000,0.00000,0.00000,0.00000,0.00000,0.00000,0.00000,0.00000,0.00000,0.00000,0.00000,0.00000,0.00000,0.00000,0.00000,0.00000,0.00000,0.00000,0.00000,0.00000,0.00000,0.00000,0.00000,0.00000,0.00000,0.00000,0.00000,0.00000,0.00000,0.00000,0.00000,0.00000,0.00000,0.00000,0.00000,0.00000,0.00000,0.00000,0.00000,0.00000,0.00000,0.00000,0.00000,0.00000,0.00000,0.00000,0.00000,0.00000,0.00000,0.00000,0.00000,0.00000,0.00000,0.00000,0.00000,0.00000,0.00000,0.00000,0.00000,0.00000,0.00000,0.00000,0.00000,0.00000,0.00000,0.00000,0.00000,0.00000,0.00000,0.00000,0.00000,0.00000,0.00000,0.00000,0.00000,0.00000,0.00000,0.00000,0.00000
VIS_MeTu3c_R,0.00000,0.00000,0.00000,0.00000,0.00000,0.00000,0.00000,0.00000,0.00000,0.00000,0.00000,0.00000,0.00000,0.00000,0.00000,0.00000,0.00000,0.00000,0.00000,0.00000,0.00000,0.00000,0.00000,0.00000,0.00000,0.00000,0.00000,0.00000,0.00000,0.00000,0.00000,0.00000,0.00000,0.00000,0.00000,0.00000,0.00000,0.00000,0.00000,0.00000,0.00000,0.00000,0.00000,0.00000,0.00000,0.00000,0.00000,0.00000,0.00000,0.00000,0.00000,0.00000,0.00000,0.00000,0.00000,0.00000,0.00000,0.00000,0.00000,0.00000,0.00000,0.00000,0.00000,0.00000,0.00000,0.00000,0.00000,0.00000,0.00000,0.00000,0.00000,0.00000,0.00000,0.00000,0.00000,0.00000,0.00000,0.00000,0.00000,0.00000,0.00000,0.00000,0.00000,0.00000,0.00000,0.00000,0.00000,0.00000,0.00000,0.00000,0.00000,0.00000,0.00000,0.00000,0.00000,0.00000,0.00000,0.00000,0.00000,0.00000,0.00000,0.00000,0.00000,0.00000,0.00000,0.00000,0.00000,0.00000,0.00000,0.00000,0.00000,0.00000,0.00000,0.00000,0.00000,0.00000,0.00000,0.00000,0.00000,0.00000,0.00000,0.00000,0.00000,0.00000,0.00000,0.00000,0.00000,0.00000,0.00000,0.00000,0.00000,0.00000,0.00000,0.00000,0.00000,0.00000,0.00000,0.00000,0.00000,0.00000,0.00000,0.00000,0.00000,0.00000,0.00000,0.00000,0.00000,0.00000,0.00000,0.00000,0.00000,0.00000,0.00000,0.00000,0.00000,0.00000,0.00000,0.00000,0.00000,0.00000,0.00000,0.00000,0.00000,0.00000,0.00000,0.00000,0.00000,0.00000,0.00000,0.00000,0.00000,0.00000,0.00000,0.00000,0.00000,0.00000,0.00000,0.00000,0.00000,0.00000,0.00000,0.00000,0.00000,0.00000,0.00000,0.00000,0.00000,0.00000,0.00000,0.00000,0.00000,0.00000,0.00000,0.00000,0.00000,0.00000,0.00000,0.00000,0.00000,0.00000,0.00000,0.00000,0.00000,0.00000,0.00000,0.00000,0.00000,0.00000,0.00000,0.00000,0.00000,0.00000,0.00000,0.00000,0.00000,0.00000,0.00000,0.00000,0.00000,0.00000,0.00000,0.00000,0.00000,0.00000,0.00000,0.00000,0.00000,0.00000,0.00000,0.00000,0.00000,0.00000,0.00000,0.00000,0.00000,0.00000,0.00000,0.00000,0.00000,0.00000,0.00000,0.00000,0.00000,0.00000,0.00000,0.00000,0.00000,0.00000,0.00000,0.00000,0.00000,0.00000,0.00000,0.00000,0.00000,0.00000,0.00000,0.00000,0.00000,0.00000,0.00000,0.00000,0.00000,0.00000,0.00000,0.00000,0.00000,0.00000,0.00000,0.00000,0.00000,0.00000,0.00000,0.00000,0.00000,0.00000,0.00000,0.00000,0.00000,0.00000,0.00000,0.00000,0.00000,0.00000,0.00000,0.00000,0.00000,0.00000,0.00000,0.00000,0.00000,0.00000,0.00000,0.00000,0.00000,0.00000,0.00000,0.00000,0.00000,0.00000,0.00000,0.00000,0.00000,0.00000,0.00000,0.00000,0.00000,0.00000,0.00000,0.00000,0.00000,0.00000,0.00000,0.00000,0.00000,0.00000,0.00000,0.00000,0.00000,0.00000,0.00000,0.00000
VIS_MeTu4a_L,0.03634,0.04411,0.00000,0.05757,0.03191,0.03957,0.03045,0.04529,0.04668,0.03899,0.03945,0.03628,0.03625,0.02940,0.03041,0.03502,0.04743,0.03301,0.03397,0.03579,0.03664,0.03495,0.02895,0.02753,0.03471,0.04666,0.04214,0.02786,0.03416,0.03795,0.04445,0.04178,0.04809,0.03331,0.03363,0.03268,0.03550,0.04281,0.04877,0.04483,0.04417,0.02622,0.03538,0.04043,0.03431,0.02723,0.00000,0.00000,0.03695,0.03159,0.04592,0.03831,0.03096,0.03821,0.03449,0.04075,0.03362,0.02701,0.02913,0.04616,0.03722,0.04556,0.03432,0.03367,0.03719,0.03010,0.03765,0.04286,0.03811,0.03604,0.03243,0.03050,0.03681,0.03505,0.03508,0.03904,0.03074,0.03621,0.04089,0.04276,0.04388,0.03722,0.00000,0.04284,0.04761,0.04303,0.04476,0.00000,0.00000,0.00000,0.00000,0.00000,0.00000,0.00000,0.00000,0.00000,0.00000,0.00000,0.00000,0.00000,0.00000,0.00000,0.00000,0.00000,0.00000,0.00000,0.00000,0.00000,0.00000,0.00000,0.00000,0.00000,0.00000,0.00000,0.00000,0.00000,0.00000,0.00000,0.00000,0.00000,0.00000,0.00000,0.00000,0.00000,0.00000,0.00000,0.00000,0.00000,0.00000,0.00000,0.00000,0.00000,0.00000,0.00000,0.05013,0.00000,0.00000,0.00000,0.00000,0.00000,0.00000,0.00000,0.00000,0.00000,0.00000,0.00000,0.16954,0.00355,0.00000,0.21636,0.23113,0.00000,0.13958,0.00000,0.27333,0.00000,0.13590,0.00000,0.03138,0.04841,0.00000,0.08950,0.00000,0.05475,0.01153,0.04977,0.00000,0.11792,0.00000,0.05321,0.01814,0.03915,0.00000,0.11918,0.00000,0.17489,0.14729,0.00000,0.04216,0.00000,0.06447,0.01466,0.03789,0.23108,0.04724,0.10961,0.07645,0.01562,0.03741,0.08599,0.00000,0.06350,0.00000,0.00000,0.04285,0.00000,0.05726,0.04886,0.05906,0.00000,0.00000,0.00000,0.00000,0.03340,0.00000,0.00000,0.00000,0.00000,0.00000,1.00000,0.00000,0.18617,0.00000,0.00000,0.00000,0.00000,0.00000,0.00000,0.00000,0.00000,0.00000,0.00000,0.05680,0.00000,0.00000,0.00000,0.00000,0.00000,0.00000,0.00000,0.03697,0.00000,0.00000,0.00000,0.00000,0.00000,0.00000,0.00000,0.00000,0.04386,0.06253,0.00000,0.00000,0.00000,0.00000,0.00000,0.00000,0.00000,0.00000,0.00000,0.00000,0.00000,0.00000,0.00000,0.00000,0.00000,0.00000,0.00000,0.00000,0.00000,0.00000,0.00000,0.00000,0.00000,0.00000,0.00000,0.00000,0.00000,0.00000,0.00000,0.00000,0.00000,0.00000,0.00000,0.00000,0.00000,0.00000,0.00000,0.00000,0.06034,0.06190,0.00000,0.00000,0.00000,0.00000,0.00000,0.00000,0.00000,0.00000,0.00000,0.00000,0.00000,0.01900,0.00000,0.00000,0.00000,0.00000,0.00000,0.00000,0.00000,0.00000,0.00000,0.00000,0.00000,0.00000,0.00000,0.00000,0.00000,0.00000,0.00000,0.00000,0.00000,0.00000,0.00000,0.00357,0.00697,0.03150,0.03982,0.09045,0.15213,0.03707,0.05487
VIS_MeTu4a_R,0.00923,0.00311,0.00000,0.00356,0.01246,0.00628,0.00000,0.01353,0.00987,0.01365,0.00668,0.00953,0.01227,0.01244,0.01287,0.00318,0.00976,0.00322,0.01232,0.01212,0.00775,0.00683,0.01002,0.00635,0.00979,0.00640,0.01297,0.00964,0.00334,0.00321,0.01254,0.00936,0.00626,0.00906,0.01025,0.00346,0.01243,0.00931,0.00317,0.00923,0.01319,0.00666,0.01283,0.01324,0.00933,0.00943,0.00000,0.00000,0.00938,0.00668,0.00686,0.00973,0.00982,0.00647,0.00782,0.00970,0.00328,0.00686,0.00336,0.00670,0.00315,0.01250,0.01005,0.01266,0.00674,0.00425,0.00683,0.01125,0.00346,0.00946,0.00633,0.00968,0.00623,0.00318,0.00318,0.01025,0.00325,0.00657,0.00692,0.00700,0.00338,0.01817,0.00000,0.00906,0.00930,0.00964,0.01229,0.00000,0.00000,0.00000,0.00000,0.00000,0.00000,0.00000,0.00000,0.00000,0.00000,0.00000,0.00000,0.00000,0.12380,0.00000,0.00000,0.00000,0.00000,0.00000,0.00000,0.00000,0.00000,0.00000,0.00000,0.00000,0.00000,0.00000,0.00000,0.00000,0.00000,0.00000,0.00000,0.00000,0.22735,0.13138,0.00000,0.00000,0.00000,0.00000,0.00000,0.00000,0.00000,0.13882,0.23882,0.19440,0.00000,0.14142,0.07636,0.14074,0.00000,0.02767,0.00000,0.00000,0.00000,0.00000,0.00000,0.00000,0.02888,0.00000,0.05738,0.20301,0.14402,0.00000,0.01365,0.39539,0.01012,0.27370,0.01293,0.24917,0.00000,0.26067,0.19915,0.21067,0.13770,0.00000,0.00000,0.02317,0.10733,0.03369,0.12537,0.06842,0.08608,0.00711,0.06333,0.06956,0.02196,0.00000,0.04668,0.00000,0.00000,0.02062,0.00000,0.06044,0.00000,0.00465,0.06302,0.03000,0.36318,0.09565,0.12350,0.08592,0.08310,0.04173,0.07951,0.00000,0.00000,0.01173,0.00418,0.02658,0.00000,0.09486,0.06099,0.00000,0.00000,0.00000,0.00000,0.12392,0.23226,0.00000,0.00000,0.00000,0.00000,0.00000,1.00000,0.00000,0.48889,0.00000,0.00000,0.00000,0.00000,0.00000,0.00000,0.00000,0.00000,0.00000,0.00000,0.00000,0.00000,0.00000,0.00000,0.00000,0.00000,0.00000,0.01341,0.01581,0.00910,0.00000,0.00000,0.00000,0.00000,0.00000,0.00000,0.04176,0.01323,0.00000,0.00000,0.00000,0.00000,0.00000,0.08909,0.01108,0.00698,0.02992,0.01502,0.00574,0.00796,0.00000,0.00000,0.00000,0.00000,0.00560,0.01265,0.00000,0.00000,0.00000,0.00000,0.00000,0.00000,0.00000,0.00000,0.00000,0.00000,0.00000,0.00000,0.00000,0.00000,0.00000,0.00000,0.00000,0.00000,0.00000,0.00000,0.02553,0.01571,0.00000,0.00000,0.00000,0.00000,0.00000,0.00000,0.00000,0.03325,0.00000,0.00000,0.00000,0.00000,0.00000,0.00000,0.00000,0.00000,0.00000,0.00000,0.00000,0.00000,0.00000,0.00000,0.00000,0.00000,0.00000,0.00000,0.00000,0.00000,0.00000,0.00000,0.00000,0.00000,0.00000,0.00000,0.00000,0.01066,0.01555,0.12916,0.15448,0.01711,0.01492
VIS_MeTu4c_L,0.22469,0.24004,0.00000,0.22689,0.20728,0.22697,0.21627,0.23013,0.24050,0.20996,0.21550,0.21081,0.21715,0.20172,0.21501,0.21513,0.22590,0.19880,0.22036,0.21994,0.21668,0.21722,0.22174,0.20845,0.20922,0.24365,0.22552,0.21435,0.21635,0.21711,0.23522,0.22697,0.21872,0.21559,0.21842,0.22212,0.20344,0.22358,0.22136,0.22290,0.23544,0.21183,0.22076,0.21525,0.21596,0.20380,0.00000,0.00000,0.21279,0.21472,0.22970,0.22063,0.20148,0.21218,0.21849,0.23227,0.21144,0.20884,0.20115,0.22635,0.22201,0.20893,0.21735,0.20052,0.22535,0.20316,0.22297,0.21486,0.22096,0.20174,0.20830,0.21271,0.21482,0.21334,0.22708,0.20143,0.21039,0.21842,0.23074,0.20214,0.20818,0.22137,0.00000,0.22947,0.22172,0.22793,0.22955,0.00000,0.00000,0.00000,0.00000,0.00000,0.00000,0.00000,0.00000,0.00000,0.00000,0.00000,0.00000,0.00000,0.00000,0.00000,0.00000,0.00000,0.00000,0.11049,0.00000,0.00000,0.00000,0.00000,0.00000,0.00000,0.00000,0.00000,0.00000,0.00000,0.00000,0.00000,0.00000,0.00000,0.00000,0.00968,0.00969,0.00000,0.05424,0.00000,0.00000,0.00645,0.00000,0.00000,0.00000,0.00000,0.00000,0.00000,0.00000,0.00000,0.00000,0.00000,0.00000,0.00000,0.00000,0.00000,0.00000,0.00000,0.03290,0.00000,0.48505,0.07196,0.04688,0.29048,0.51718,0.01594,0.55518,0.05648,0.50740,0.03266,0.52749,0.05445,0.24686,0.34670,0.17780,0.23642,0.01967,0.33196,0.17342,0.38514,0.00000,0.40536,0.19677,0.35370,0.24225,0.36608,0.03837,0.22274,0.00000,0.07971,0.42916,0.00376,0.04878,0.08692,0.24242,0.26923,0.25042,0.32506,0.04580,0.30116,0.09849,0.11546,0.20920,0.17068,0.04918,0.04898,0.00000,0.10991,0.22371,0.04391,0.10365,0.16849,0.06794,0.00000,0.00000,0.00000,0.00000,0.19717,0.03442,0.00000,0.00000,0.00000,0.00000,0.18617,0.00000,1.00000,0.00338,0.00000,0.00000,0.00000,0.00000,0.00000,0.00000,0.00000,0.00000,0.00000,0.37239,0.00000,0.00000,0.00000,0.00000,0.00000,0.00000,0.03100,0.20621,0.05163,0.05256,0.02121,0.02159,0.00000,0.00000,0.00000,0.00000,0.39752,0.45213,0.00000,0.00000,0.00000,0.00000,0.00000,0.18947,0.07992,0.06472,0.12272,0.16428,0.06278,0.10520,0.00000,0.00000,0.00000,0.00000,0.06718,0.06728,0.00000,0.00000,0.00000,0.00000,0.00000,0.00000,0.00000,0.00000,0.00000,0.00000,0.00000,0.00000,0.00000,0.00000,0.02921,0.00000,0.00000,0.00000,0.00000,0.00000,0.33351,0.40819,0.00000,0.00000,0.00000,0.00000,0.00000,0.00000,0.04458,0.00000,0.00942,0.00000,0.04992,0.24182,0.00000,0.00000,0.00000,0.00000,0.00000,0.00000,0.00000,0.00000,0.00000,0.00000,0.00000,0.00000,0.00000,0.00000,0.00000,0.00000,0.00000,0.00000,0.00000,0.00000,0.00000,0.02481,0.01344,0.19798,0.20201,0.25943,0.29920,0.26384,0.28718
VIS_MeTu4c_R,0.00092,0.00062,0.00000,0.00107,0.00156,0.00094,0.00193,0.00609,0.00099,0.00546,0.00100,0.00540,0.00215,0.00155,0.00193,0.00159,0.00065,0.00193,0.00092,0.00697,0.00078,0.00137,0.00134,0.00095,0.00098,0.00064,0.00097,0.00129,0.00133,0.00096,0.00188,0.00187,0.00219,0.00091,0.00546,0.00138,0.00653,0.00186,0.00032,0.00092,0.00132,0.00166,0.00160,0.00993,0.00124,0.00063,0.00000,0.00000,0.00188,0.00134,0.00069,0.00130,0.00131,0.00129,0.00031,0.00517,0.00131,0.00103,0.00168,0.00502,0.00126,0.00063,0.00201,0.00127,0.00573,0.00127,0.00171,0.00225,0.00035,0.00568,0.00538,0.00129,0.00125,0.00222,0.00159,0.00103,0.00130,0.00164,0.00104,0.00140,0.00135,0.00618,0.00000,0.00151,0.00124,0.00096,0.00154,0.00000,0.00000,0.00000,0.00000,0.00000,0.00000,0.00000,0.00000,0.00000,0.00000,0.00000,0.00000,0.00000,0.00000,0.00000,0.00000,0.00000,0.00000,0.00000,0.00000,0.00000,0.00000,0.00000,0.00000,0.00000,0.00000,0.00000,0.00000,0.00000,0.00000,0.00000,0.00000,0.00000,0.05729,0.00159,0.00000,0.00000,0.00000,0.00000,0.00000,0.00425,0.00000,0.00793,0.06181,0.02563,0.00000,0.00000,0.02291,0.00000,0.00000,0.00000,0.00000,0.00000,0.00000,0.00000,0.00000,0.00000,0.06353,0.00000,0.02131,0.53414,0.21808,0.00000,0.01296,0.77221,0.01215,0.65222,0.01121,0.53546,0.00300,0.45780,0.30111,0.27036,0.28641,0.00000,0.02482,0.11119,0.22734,0.07202,0.22148,0.11632,0.19183,0.03910,0.15832,0.14857,0.05051,0.00233,0.09627,0.00461,0.00000,0.05650,0.00000,0.12572,0.00750,0.03070,0.27165,0.02966,0.52764,0.05869,0.23773,0.18903,0.26711,0.03981,0.27660,0.00000,0.01167,0.07353,0.01590,0.05149,0.00059,0.07710,0.08183,0.00000,0.00000,0.00000,0.00000,0.07761,0.16598,0.00000,0.00000,0.00000,0.00000,0.00000,0.48889,0.00338,1.00000,0.00000,0.00000,0.00000,0.00000,0.00000,0.00000,0.00000,0.00000,0.00000,0.00000,0.00000,0.00000,0.00000,0.00000,0.00000,0.00000,0.00624,0.00570,0.01739,0.01184,0.01241,0.00000,0.00000,0.00000,0.00000,0.00000,0.06681,0.02513,0.00000,0.00000,0.00000,0.00000,0.00000,0.08018,0.01994,0.01048,0.04189,0.02553,0.01320,0.01831,0.00000,0.00000,0.00000,0.00000,0.01064,0.02025,0.00000,0.00000,0.00000,0.00000,0.00000,0.00000,0.00000,0.00000,0.00000,0.00000,0.00000,0.00000,0.00000,0.00000,0.00000,0.00000,0.00000,0.00000,0.00000,0.00000,0.06127,0.02828,0.00000,0.00000,0.00000,0.00000,0.00000,0.00000,0.00000,0.08313,0.00000,0.00000,0.01123,0.00724,0.00000,0.00000,0.00000,0.00000,0.00000,0.00000,0.00000,0.00000,0.00000,0.00000,0.00000,0.00000,0.00000,0.00000,0.00000,0.00000,0.00000,0.00000,0.00000,0.00000,0.00000,0.00000,0.00000,0.01013,0.00933,0.25258,0.25102,0.01326,0.01492
VIS_TmY14_L,0.00000,0.00000,0.00000,0.00000,0.00000,0.00000,0.00000,0.00000,0.00000,0.00000,0.00000,0.00000,0.00000,0.00000,0.00000,0.00000,0.00000,0.00000,0.00000,0.00000,0.00000,0.00000,0.00000,0.00000,0.00000,0.00000,0.00000,0.00000,0.00000,0.00000,0.00000,0.00000,0.00000,0.00000,0.00000,0.00000,0.00000,0.00000,0.00000,0.00000,0.00000,0.00000,0.00000,0.00000,0.00000,0.00000,0.00000,0.00000,0.00000,0.00000,0.00000,0.00000,0.00000,0.00000,0.00000,0.00000,0.00000,0.00000,0.00000,0.00000,0.00000,0.00000,0.00000,0.00000,0.00000,0.00000,0.00000,0.00000,0.00000,0.00000,0.00000,0.00000,0.00000,0.00000,0.00000,0.00000,0.00000,0.00000,0.00000,0.00000,0.00000,0.00000,0.00000,0.00000,0.00000,0.00000,0.00000,0.00000,0.00000,0.00000,0.00000,0.00000,0.00000,0.00000,0.00000,0.00000,0.00000,0.00000,0.00000,0.00000,0.00000,0.00000,0.00000,0.00000,0.00000,0.00000,0.00000,0.00000,0.00000,0.00000,0.00000,0.00000,0.00000,0.00000,0.00000,0.00000,0.00000,0.00000,0.00000,0.00000,0.00000,0.00000,0.00000,0.00000,0.00000,0.00000,0.00000,0.00000,0.00000,0.00000,0.00000,0.00000,0.00000,0.00000,0.00000,0.00000,0.00000,0.00000,0.00000,0.00000,0.00000,0.00000,0.00000,0.00000,0.00000,0.00000,0.00000,0.00000,0.00000,0.00000,0.00000,0.00000,0.00000,0.00000,0.00000,0.00000,0.00000,0.00000,0.00000,0.00000,0.00000,0.00000,0.00000,0.00000,0.00000,0.00000,0.00000,0.00000,0.00000,0.00000,0.00000,0.00000,0.00000,0.00000,0.00000,0.00000,0.00000,0.00000,0.00000,0.00000,0.00000,0.00000,0.00000,0.00000,0.00000,0.00000,0.00000,0.00000,0.00000,0.00000,0.00000,0.00000,0.00000,0.00000,0.00000,0.00000,0.00000,0.00000,0.00000,0.00000,0.00000,0.00000,0.00000,0.00000,0.00000,0.00000,0.00000,0.00000,0.00000,0.00000,0.00000,0.00000,0.00000,0.00000,0.00000,0.00000,0.00000,0.00000,0.00000,0.00000,0.00000,0.00000,0.00000,0.00000,0.00000,0.00000,0.00000,0.00000,0.00000,0.00000,0.00000,0.00000,0.00000,0.00000,0.00000,0.00000,0.00000,0.00000,0.00000,0.00000,0.00000,0.00000,0.00000,0.00000,0.00000,0.00000,0.00000,0.00000,0.00000,0.00000,0.00000,0.00000,0.00000,0.00000,0.00000,0.00000,0.00000,0.00000,0.00000,0.00000,0.00000,0.00000,0.00000,0.00000,0.00000,0.00000,0.00000,0.00000,0.00000,0.00000,0.00000,0.00000,0.00000,0.00000,0.00000,0.00000,0.00000,0.00000,0.00000,0.00000,0.00000,0.00000,0.00000,0.00000,0.00000,0.00000,0.00000,0.00000,0.00000,0.00000,0.00000,0.00000,0.00000,0.00000,0.00000,0.00000,0.00000,0.00000,0.00000,0.00000,0.00000,0.00000,0.00000,0.00000,0.00000,0.00000,0.00000,0.00000,0.00000,0.00000,0.00000,0.00000,0.00000,0.00000,0.00000,0.00000,0.00000,0.00000,0.00000,0.00000,0.00000,0.00000
VIS_TmY14_R,0.00000,0.00000,0.00000,0.00000,0.00000,0.00000,0.00000,0.00000,0.00000,0.00000,0.00000,0.00000,0.00000,0.00000,0.00000,0.00000,0.00000,0.00000,0.00000,0.00000,0.00000,0.00000,0.00000,0.00000,0.00000,0.00000,0.00000,0.00000,0.00000,0.00000,0.00000,0.00000,0.00000,0.00000,0.00000,0.00000,0.00000,0.00000,0.00000,0.00000,0.00000,0.00000,0.00000,0.00000,0.00000,0.00000,0.00000,0.00000,0.00000,0.00000,0.00000,0.00000,0.00000,0.00000,0.00000,0.00000,0.00000,0.00000,0.00000,0.00000,0.00000,0.00000,0.00000,0.00000,0.00000,0.00000,0.00000,0.00000,0.00000,0.00000,0.00000,0.00000,0.00000,0.00000,0.00000,0.00000,0.00000,0.00000,0.00000,0.00000,0.00000,0.00000,0.00000,0.00000,0.00000,0.00000,0.00000,0.00000,0.00000,0.00000,0.00000,0.00000,0.00000,0.00000,0.00000,0.00000,0.00000,0.00000,0.00000,0.00000,0.00000,0.00000,0.00000,0.00000,0.00000,0.00000,0.00000,0.00000,0.00000,0.00000,0.00000,0.00000,0.00000,0.00000,0.00000,0.00000,0.00000,0.00000,0.00000,0.00000,0.00000,0.00000,0.00000,0.00000,0.00000,0.00000,0.00000,0.00000,0.00000,0.00000,0.00000,0.00000,0.00000,0.00000,0.00000,0.00000,0.00000,0.00000,0.00000,0.00000,0.00000,0.00000,0.00000,0.00000,0.00000,0.00000,0.00000,0.00000,0.00000,0.00000,0.00000,0.00000,0.00000,0.00000,0.00000,0.00000,0.00000,0.00000,0.00000,0.00000,0.00000,0.00000,0.00000,0.00000,0.00000,0.00000,0.00000,0.00000,0.00000,0.00000,0.00000,0.00000,0.00000,0.00000,0.00000,0.00000,0.00000,0.00000,0.00000,0.00000,0.00000,0.00000,0.00000,0.00000,0.00000,0.00000,0.00000,0.00000,0.00000,0.00000,0.00000,0.00000,0.00000,0.00000,0.00000,0.00000,0.00000,0.00000,0.00000,0.00000,0.00000,0.00000,0.00000,0.00000,0.00000,0.00000,0.00000,0.00000,0.00000,0.00000,0.00000,0.00000,0.00000,0.00000,0.00000,0.00000,0.00000,0.00000,0.00000,0.00000,0.00000,0.00000,0.00000,0.00000,0.00000,0.00000,0.00000,0.00000,0.00000,0.00000,0.00000,0.00000,0.00000,0.00000,0.00000,0.00000,0.00000,0.00000,0.00000,0.00000,0.00000,0.00000,0.00000,0.00000,0.00000,0.00000,0.00000,0.00000,0.00000,0.00000,0.00000,0.00000,0.00000,0.00000,0.00000,0.00000,0.00000,0.00000,0.00000,0.00000,0.00000,0.00000,0.00000,0.00000,0.00000,0.00000,0.00000,0.00000,0.00000,0.00000,0.00000,0.00000,0.00000,0.00000,0.00000,0.00000,0.00000,0.00000,0.00000,0.00000,0.00000,0.00000,0.00000,0.00000,0.00000,0.00000,0.00000,0.00000,0.00000,0.00000,0.00000,0.00000,0.00000,0.00000,0.00000,0.00000,0.00000,0.00000,0.00000,0.00000,0.00000,0.00000,0.00000,0.00000,0.00000,0.00000,0.00000,0.00000,0.00000,0.00000,0.00000,0.00000,0.00000,0.00000,0.00000,0.00000,0.00000,0.00000,0.00000,0.00000,0.00000,0.00000
"GUST_LB1a,LB1d_L",0.00000,0.00000,0.00000,0.00000,0.00000,0.00000,0.00000,0.00000,0.00000,0.00000,0.00000,0.00000,0.00000,0.00000,0.00000,0.00000,0.00000,0.00000,0.00000,0.00000,0.00000,0.00000,0.00000,0.00000,0.00000,0.00000,0.00000,0.00000,0.00000,0.00000,0.00000,0.00000,0.00000,0.00000,0.00000,0.00000,0.00000,0.00000,0.00000,0.00000,0.00000,0.00000,0.00000,0.00000,0.00000,0.00000,0.00000,0.00000,0.00000,0.00000,0.00000,0.00000,0.00000,0.00000,0.00000,0.00000,0.00000,0.00000,0.00000,0.00000,0.00000,0.00000,0.00000,0.00000,0.00000,0.00000,0.00000,0.00000,0.00000,0.00000,0.00000,0.00000,0.00000,0.00000,0.00000,0.00000,0.00000,0.00000,0.00000,0.00000,0.00000,0.00000,0.00000,0.00000,0.00000,0.00000,0.00000,0.00000,0.00000,0.00000,0.00000,0.00000,0.00000,0.00000,0.00000,0.00000,0.00000,0.00000,0.00000,0.00000,0.00000,0.00000,0.00000,0.00000,0.00000,0.00000,0.00000,0.00000,0.00000,0.00000,0.00000,0.00000,0.00000,0.00000,0.00000,0.00000,0.00000,0.00000,0.00000,0.00000,0.00000,0.00000,0.00000,0.00000,0.00000,0.00000,0.00000,0.00000,0.00000,0.00000,0.00000,0.00000,0.00000,0.00000,0.00000,0.00000,0.00000,0.00000,0.00000,0.00000,0.00000,0.00000,0.00000,0.00000,0.00000,0.00000,0.00000,0.00000,0.00000,0.00000,0.00000,0.00000,0.00000,0.00000,0.00000,0.00000,0.00000,0.00000,0.00000,0.00000,0.00000,0.00000,0.00000,0.00000,0.00000,0.00000,0.00000,0.00000,0.00000,0.00000,0.00000,0.00000,0.00000,0.00000,0.00000,0.00000,0.00000,0.00000,0.00000,0.00000,0.00000,0.00000,0.00000,0.00000,0.00000,0.00000,0.00000,0.00000,0.00000,0.00000,0.00000,0.00000,0.00000,0.00000,0.00000,0.00000,0.00000,0.00000,0.00000,0.00000,0.00000,0.00000,0.00000,0.00000,0.00000,0.00000,0.00000,0.00000,0.00000,0.00000,0.00000,0.00000,0.00000,0.00000,0.00000,1.00000,0.00000,0.00000,0.00000,0.00000,0.00000,0.00000,0.00000,0.00000,0.00000,0.00000,0.00000,0.00000,0.00000,0.00000,0.00000,0.00000,0.00000,0.00000,0.00000,0.00000,0.00000,0.00000,0.00000,0.00000,0.00000,0.00000,0.00000,0.00000,0.00000,0.00000,0.00000,0.00000,0.00000,0.00000,0.00000,0.00000,0.00000,0.00000,0.00000,0.00000,0.00000,0.00000,0.00000,0.00000,0.00000,0.00000,0.00000,0.00000,0.00000,0.00000,0.00000,0.00000,0.00000,0.00000,0.00000,0.00000,0.00000,0.00000,0.00000,0.00000,0.00000,0.00000,0.00000,0.00000,0.00000,0.00000,0.00000,0.00000,0.00000,0.00000,0.00000,0.00000,0.00000,0.00000,0.00000,0.00000,0.46048,0.00000,0.00000,0.00000,0.00000,0.00000,0.00000,0.00000,0.00000,0.00000,0.00000,0.00000,0.00000,0.00000,0.00000,0.00000,0.00000,0.00000,0.00000,0.00000,0.00000,0.00000,0.00000,0.00000,0.00000,0.00000,0.00000,0.00000,0.00000,0.00000
"GUST_LB1a,LB1d_R",0.00000,0.00000,0.00000,0.00000,0.00296,0.00000,0.00000,0.00000,0.00000,0.00000,0.00000,0.00000,0.00291,0.00000,0.00000,0.00301,0.00000,0.00000,0.00000,0.00000,0.00000,0.00000,0.00317,0.00301,0.00000,0.00000,0.00000,0.00000,0.00316,0.00000,0.00297,0.00000,0.00000,0.00000,0.00000,0.00000,0.00295,0.00000,0.00301,0.00000,0.00000,0.00000,0.00000,0.00000,0.00000,0.00000,0.00000,0.00000,0.00000,0.00000,0.00000,0.00000,0.00000,0.00000,0.00000,0.00000,0.00000,0.00000,0.00000,0.00000,0.00000,0.00000,0.00000,0.00000,0.00000,0.00000,0.00000,0.00000,0.00000,0.00000,0.00000,0.00000,0.00000,0.00000,0.00000,0.00000,0.00000,0.00000,0.00000,0.00000,0.00000,0.00000,0.00000,0.00000,0.00000,0.00000,0.00000,0.00000,0.00000,0.00000,0.00000,0.00000,0.00000,0.00000,0.00000,0.00000,0.00000,0.00000,0.00000,0.00000,0.00000,0.00000,0.00000,0.00000,0.00000,0.00000,0.00000,0.00000,0.00000,0.00000,0.00000,0.00000,0.00000,0.00000,0.00000,0.00000,0.00000,0.00000,0.00000,0.00000,0.00000,0.00000,0.00000,0.00000,0.00000,0.00000,0.00000,0.00000,0.00000,0.00000,0.00000,0.00000,0.00000,0.00000,0.00000,0.00000,0.00000,0.00000,0.00000,0.00000,0.00000,0.00000,0.00000,0.00000,0.00000,0.00000,0.00000,0.00000,0.00000,0.00000,0.00000,0.00000,0.00000,0.00000,0.00000,0.00000,0.00000,0.00000,0.00000,0.00000,0.00000,0.00000,0.00000,0.00000,0.00000,0.05594,0.00000,0.00000,0.00000,0.00000,0.00000,0.00000,0.00000,0.04416,0.00000,0.02735,0.00000,0.00000,0.00000,0.00000,0.00000,0.00000,0.00000,0.00000,0.00000,0.00000,0.01255,0.00000,0.01126,0.00000,0.01078,0.00000,0.00000,0.00000,0.00000,0.00000,0.00000,0.00000,0.00000,0.00000,0.00000,0.00000,0.00000,0.00000,0.00000,0.00000,0.00000,0.00000,0.00000,0.00000,0.00000,0.00000,0.00000,0.00000,0.00000,0.00000,1.00000,0.00000,0.00000,0.00000,0.00000,0.00000,0.00000,0.00000,0.00000,0.00000,0.00000,0.00000,0.00000,0.00000,0.00318,0.00000,0.00000,0.00000,0.00000,0.00000,0.00000,0.00000,0.00000,0.00000,0.00000,0.00000,0.00000,0.00000,0.00000,0.00000,0.00000,0.00000,0.00000,0.00000,0.00000,0.00000,0.00000,0.00000,0.00000,0.00000,0.00000,0.00000,0.00000,0.00000,0.00000,0.00000,0.00000,0.00000,0.00000,0.00000,0.00000,0.00000,0.00000,0.00000,0.00000,0.00000,0.00000,0.00000,0.00000,0.00000,0.44721,0.13720,0.17354,0.00000,0.00000,0.00000,0.00000,0.00000,0.00000,0.00000,0.00000,0.00000,0.00000,0.00000,0.00000,0.00000,0.04576,0.46710,0.00000,0.00000,0.00000,0.00000,0.00000,0.00000,0.00000,0.00000,0.00000,0.00000,0.00000,0.00000,0.00000,0.00000,0.00000,0.00000,0.00000,0.00000,0.00000,0.00000,0.00000,0.00000,0.00000,0.00000,0.00000,0.00000,0.00000,0.00000
GUST_LB1b_L,0.00000,0.00000,0.00000,0.00000,0.00000,0.00000,0.00000,0.00000,0.00000,0.00000,0.00000,0.00000,0.00000,0.00000,0.00000,0.00000,0.00000,0.00000,0.00000,0.00000,0.00000,0.00000,0.00000,0.00000,0.00000,0.00000,0.00000,0.00000,0.00000,0.00000,0.00000,0.00000,0.00000,0.00000,0.00000,0.00000,0.00000,0.00000,0.00000,0.00000,0.00000,0.00000,0.00000,0.00000,0.00000,0.00000,0.00000,0.00000,0.00000,0.00000,0.00000,0.00000,0.00000,0.00000,0.00000,0.00000,0.00000,0.00000,0.00000,0.00000,0.00000,0.00000,0.00000,0.00000,0.00000,0.00000,0.00000,0.00000,0.00000,0.00000,0.00000,0.00000,0.00000,0.00000,0.00000,0.00000,0.00000,0.00000,0.00000,0.00000,0.00000,0.00000,0.00000,0.00000,0.00000,0.00000,0.00000,0.00000,0.00000,0.00000,0.00000,0.00000,0.00000,0.00000,0.00000,0.00000,0.00000,0.00000,0.00000,0.00000,0.00000,0.00000,0.00000,0.00000,0.00000,0.00000,0.00000,0.00000,0.00000,0.00000,0.00000,0.00000,0.00000,0.00000,0.00000,0.00000,0.00000,0.00000,0.00000,0.00000,0.00000,0.00000,0.00000,0.00000,0.00000,0.00000,0.00000,0.00000,0.00000,0.00000,0.00000,0.00000,0.00000,0.00000,0.00000,0.00000,0.00000,0.00000,0.00000,0.00000,0.00000,0.00000,0.00000,0.00000,0.00000,0.00000,0.00000,0.00000,0.00000,0.00000,0.00000,0.00000,0.00000,0.00000,0.00000,0.00000,0.00000,0.00000,0.00000,0.00000,0.00000,0.00000,0.00000,0.00000,0.00000,0.00000,0.00000,0.00000,0.00000,0.00000,0.00000,0.00000,0.00000,0.00000,0.00000,0.00000,0.00000,0.00000,0.00000,0.00000,0.00000,0.00000,0.00000,0.00000,0.00000,0.00000,0.00000,0.00000,0.00000,0.00000,0.00000,0.00000,0.00000,0.00000,0.00000,0.00000,0.00000,0.00000,0.00000,0.00000,0.00000,0.00000,0.00000,0.00000,0.00000,0.00000,0.00000,0.00000,0.00000,0.00000,0.00000,0.00000,0.00000,0.00000,0.00000,0.00000,0.00000,0.00000,0.00000,0.00000,0.00000,0.00000,0.00000,0.00000,0.00000,0.00000,0.00000,0.00000,0.00000,0.00000,0.00000,0.00000,0.00000,0.00000,0.00000,0.00000,0.00000,0.00000,0.00000,0.00000,0.00000,0.00000,0.00000,0.00000,0.00000,0.00000,0.00000,0.00000,0.00000,0.00000,0.00000,0.00000,0.00000,0.00000,0.00000,0.00000,0.00000,0.00000,0.00000,0.00000,0.00000,0.00000,0.00000,0.00000,0.00000,0.00000,0.00000,0.00000,0.00000,0.00000,0.00000,0.00000,0.00000,0.00000,0.00000,0.00000,0.00000,0.00000,0.00000,0.00000,0.00000,0.00000,0.00000,0.00000,0.00000,0.00000,0.00000,0.00000,0.00000,0.00000,0.00000,0.00000,0.00000,0.00000,0.00000,0.00000,0.00000,0.00000,0.00000,0.00000,0.00000,0.00000,0.00000,0.00000,0.00000,0.00000,0.00000,0.00000,0.00000,0.00000,0.00000,0.00000,0.00000,0.00000,0.00000,0.00000,0.00000,0.00000,0.00000,0.00000,0.00000,0.00000
GUST_LB1b_R,0.00000,0.00000,0.00000,0.00000,0.00000,0.00000,0.00000,0.00000,0.00000,0.00000,0.00000,0.00000,0.00000,0.00000,0.00000,0.00000,0.00000,0.00000,0.00000,0.00000,0.00000,0.00000,0.00000,0.00000,0.00000,0.00000,0.00000,0.00000,0.00000,0.00000,0.00000,0.00000,0.00000,0.00000,0.00000,0.00000,0.00000,0.00000,0.00000,0.00000,0.00000,0.00000,0.00000,0.00000,0.00000,0.00000,0.00000,0.00000,0.00000,0.00000,0.00000,0.00000,0.00000,0.00000,0.00000,0.00000,0.00000,0.00000,0.00000,0.00000,0.00000,0.00000,0.00000,0.00000,0.00000,0.00000,0.00000,0.00000,0.00000,0.00000,0.00000,0.00000,0.00000,0.00000,0.00000,0.00000,0.00000,0.00000,0.00000,0.00000,0.00000,0.00000,0.00000,0.00000,0.00000,0.00000,0.00000,0.00000,0.00000,0.00000,0.00000,0.00000,0.00000,0.00000,0.00000,0.00000,0.00000,0.00000,0.00000,0.00000,0.00000,0.00000,0.00000,0.00000,0.00000,0.00000,0.00000,0.00000,0.00000,0.00000,0.00000,0.00000,0.00000,0.00000,0.00000,0.00000,0.00000,0.00000,0.00000,0.00000,0.00000,0.00000,0.00000,0.00000,0.00000,0.00000,0.00000,0.00000,0.00000,0.00000,0.00000,0.00000,0.00000,0.00000,0.00000,0.00000,0.00000,0.00000,0.00000,0.00000,0.00000,0.00000,0.00000,0.00000,0.00000,0.00000,0.00000,0.00000,0.00000,0.00000,0.00000,0.00000,0.00000,0.00000,0.00000,0.00000,0.00000,0.00000,0.00000,0.00000,0.00000,0.00000,0.00000,0.00000,0.00000,0.00000,0.00000,0.00000,0.00000,0.00000,0.00000,0.00000,0.00000,0.00000,0.00000,0.00000,0.00000,0.00000,0.00000,0.00000,0.00000,0.00000,0.00000,0.00000,0.00000,0.00000,0.00000,0.00000,0.00000,0.00000,0.00000,0.00000,0.00000,0.00000,0.00000,0.00000,0.00000,0.00000,0.00000,0.00000,0.00000,0.00000,0.00000,0.00000,0.00000,0.00000,0.00000,0.00000,0.00000,0.00000,0.00000,0.00000,0.00000,0.00000,0.00000,0.00000,0.00000,0.00000,0.00000,0.00000,0.00000,0.00000,0.00000,0.00000,0.00000,0.00000,0.00000,0.00000,0.00000,0.00000,0.00000,0.00000,0.00000,0.00000,0.00000,0.00000,0.00000,0.00000,0.00000,0.00000,0.00000,0.00000,0.00000,0.00000,0.00000,0.00000,0.00000,0.00000,0.00000,0.00000,0.00000,0.00000,0.00000,0.00000,0.00000,0.00000,0.00000,0.00000,0.00000,0.00000,0.00000,0.00000,0.00000,0.00000,0.00000,0.00000,0.00000,0.00000,0.00000,0.00000,0.00000,0.00000,0.00000,0.00000,0.00000,0.00000,0.00000,0.00000,0.00000,0.00000,0.00000,0.00000,0.00000,0.00000,0.00000,0.00000,0.00000,0.00000,0.00000,0.00000,0.00000,0.00000,0.00000,0.00000,0.00000,0.00000,0.00000,0.00000,0.00000,0.00000,0.00000,0.00000,0.00000,0.00000,0.00000,0.00000,0.00000,0.00000,0.00000,0.00000,0.00000,0.00000,0.00000,0.00000,0.00000,0.00000,0.00000,0.00000,0.00000,0.00000,0.00000,0.00000
GUST_LB1c_L,0.00000,0.00000,0.00000,0.00000,0.00000,0.00000,0.00000,0.00000,0.00000,0.00000,0.00000,0.00000,0.00000,0.00000,0.00000,0.00000,0.00000,0.00000,0.00000,0.00000,0.00000,0.00000,0.00000,0.00000,0.00000,0.00000,0.00000,0.00000,0.00000,0.00000,0.00000,0.00000,0.00000,0.00000,0.00000,0.00000,0.00000,0.00000,0.00000,0.00000,0.00000,0.00000,0.00000,0.00000,0.00000,0.00000,0.00000,0.00000,0.00000,0.00000,0.00000,0.00000,0.00000,0.00000,0.00000,0.00000,0.00000,0.00000,0.00000,0.00000,0.00000,0.00000,0.00000,0.00000,0.00000,0.00000,0.00000,0.00000,0.00000,0.00000,0.00000,0.00000,0.00000,0.00000,0.00000,0.00000,0.00000,0.00000,0.00000,0.00000,0.00000,0.00000,0.00000,0.00000,0.00000,0.00000,0.00000,0.00000,0.00000,0.00000,0.00000,0.00000,0.00000,0.00000,0.00000,0.00000,0.00000,0.00000,0.00000,0.00000,0.00000,0.00000,0.00000,0.00000,0.00000,0.00000,0.00000,0.00000,0.00000,0.00000,0.00000,0.00000,0.00000,0.00000,0.00000,0.00000,0.00000,0.00000,0.00000,0.00000,0.00000,0.00000,0.00000,0.00000,0.00000,0.00000,0.00000,0.00000,0.00000,0.00000,0.00000,0.00000,0.00000,0.00000,0.00000,0.00000,0.00000,0.00000,0.00000,0.00000,0.00000,0.00000,0.00000,0.00000,0.00000,0.00000,0.00000,0.00000,0.00000,0.00000,0.00000,0.00000,0.00000,0.00000,0.00000,0.00000,0.00000,0.00000,0.00000,0.00000,0.00000,0.00000,0.00000,0.00000,0.00000,0.00000,0.00000,0.00000,0.00000,0.00000,0.00000,0.00000,0.00000,0.00000,0.00000,0.00000,0.00000,0.00000,0.00000,0.00000,0.00000,0.00000,0.00000,0.00000,0.00000,0.00000,0.00000,0.00000,0.00000,0.00000,0.00000,0.00000,0.00000,0.00000,0.00000,0.00000,0.00000,0.00000,0.00000,0.00000,0.00000,0.00000,0.00000,0.00000,0.00000,0.00000,0.00000,0.00000,0.00000,0.00000,0.00000,0.00000,0.00000,0.00000,0.00000,0.00000,0.00000,0.00000,0.00000,1.00000,0.93026,0.00000,0.00000,0.00000,0.00000,0.00000,0.00000,0.00000,0.00000,0.00000,0.00000,0.00000,0.00000,0.00000,0.00000,0.00000,0.00000,0.00000,0.00000,0.00000,0.00000,0.00000,0.00000,0.00000,0.00000,0.00000,0.00000,0.00000,0.00000,0.00000,0.00000,0.00000,0.00000,0.00000,0.00000,0.00000,0.00000,0.00000,0.00000,0.00000,0.00000,0.00000,0.00000,0.00000,0.00000,0.17963,0.22136,0.00000,0.00000,0.00000,0.00000,0.00000,0.00000,0.00000,0.00000,0.00000,0.00000,0.00000,0.73629,0.00000,0.00000,0.00000,0.00000,0.00000,0.00000,0.00000,0.00000,0.00000,0.00000,0.00000,0.00000,0.00000,0.43685,0.82572,0.00000,0.00000,0.00000,0.00000,0.00000,0.00000,0.00000,0.00000,0.00000,0.00000,0.00000,0.00000,0.00000,0.00000,0.00000,0.00000,0.00000,0.00000,0.00000,0.00000,0.00000,0.00000,0.00000,0.00000,0.00000,0.00000,0.00000,0.00000
GUST_LB1c_R,0.00000,0.00000,0.00000,0.00000,0.00000,0.00000,0.00000,0.00000,0.00000,0.00000,0.00000,0.00000,0.00000,0.00000,0.00000,0.00000,0.00000,0.00000,0.00000,0.00000,0.00000,0.00000,0.00000,0.00000,0.00000,0.00000,0.00000,0.00000,0.00000,0.00000,0.00000,0.00000,0.00000,0.00000,0.00000,0.00000,0.00129,0.00000,0.00000,0.00000,0.00000,0.00000,0.00000,0.00000,0.00000,0.00000,0.00000,0.00000,0.00000,0.00000,0.00000,0.00000,0.00000,0.00000,0.00000,0.00000,0.00000,0.00000,0.00000,0.00000,0.00000,0.00000,0.00000,0.00000,0.00000,0.00000,0.00000,0.00000,0.00000,0.00000,0.00000,0.00000,0.00000,0.00000,0.00000,0.00000,0.00000,0.00000,0.00000,0.00000,0.00000,0.00000,0.00000,0.00000,0.00000,0.00000,0.00000,0.00000,0.00000,0.00000,0.00000,0.00000,0.00000,0.00000,0.00000,0.00000,0.00000,0.00000,0.00000,0.00000,0.00000,0.00000,0.00000,0.00000,0.00000,0.00000,0.00000,0.00000,0.00000,0.00000,0.00000,0.00000,0.00000,0.00000,0.00000,0.00000,0.00000,0.00000,0.00000,0.00000,0.00000,0.00000,0.00000,0.00000,0.00000,0.00000,0.00000,0.00000,0.00000,0.00000,0.00000,0.00000,0.00000,0.00000,0.00000,0.00000,0.00000,0.00000,0.00000,0.00000,0.00000,0.00000,0.00000,0.00000,0.00000,0.00000,0.00000,0.00000,0.00000,0.00000,0.00000,0.00000,0.00000,0.00000,0.00000,0.00000,0.00000,0.00000,0.00000,0.00000,0.00000,0.00000,0.00000,0.00000,0.00000,0.00000,0.00000,0.00000,0.00000,0.00000,0.00000,0.00000,0.00000,0.00000,0.00000,0.00000,0.00000,0.00000,0.00000,0.00000,0.00000,0.00000,0.00000,0.00000,0.00000,0.00000,0.00000,0.00000,0.00000,0.00000,0.00000,0.00000,0.00000,0.00000,0.00000,0.00000,0.00000,0.00000,0.00000,0.00000,0.00000,0.00000,0.00000,0.00000,0.00000,0.00000,0.00000,0.00000,0.00000,0.00000,0.00000,0.00000,0.00000,0.00000,0.00000,0.00000,0.00000,0.00000,0.00000,0.93026,1.00000,0.00000,0.00000,0.00000,0.00000,0.00000,0.00000,0.00000,0.00000,0.00000,0.00000,0.00000,0.00000,0.00000,0.00000,0.00000,0.00000,0.00000,0.00000,0.00000,0.00000,0.00000,0.00000,0.00000,0.00000,0.00000,0.00000,0.00000,0.00000,0.00000,0.00000,0.00000,0.00000,0.00000,0.00000,0.00000,0.00000,0.00000,0.00000,0.00000,0.00000,0.00000,0.00000,0.00000,0.00000,0.13166,0.12748,0.00000,0.00000,0.00000,0.00000,0.00000,0.00000,0.00000,0.00000,0.00000,0.00000,0.00000,0.76104,0.00000,0.00000,0.00000,0.00000,0.00000,0.00000,0.00000,0.00000,0.00000,0.00000,0.00000,0.00000,0.00000,0.45154,0.85349,0.00000,0.00000,0.00000,0.00000,0.00000,0.00000,0.00000,0.00000,0.00000,0.00000,0.00000,0.00000,0.00000,0.00000,0.00000,0.00000,0.00000,0.00000,0.00000,0.00000,0.00000,0.00000,0.00000,0.00000,0.00000,0.00000,0.00000,0.00000
GUST_LB1e_L,0.00000,0.00000,0.00000,0.00000,0.00000,0.00000,0.00000,0.00000,0.00000,0.00000,0.00000,0.00000,0.00000,0.00000,0.00000,0.00000,0.00000,0.00000,0.00000,0.00000,0.00000,0.00000,0.00000,0.00000,0.00000,0.00000,0.00000,0.00000,0.00000,0.00000,0.00000,0.00000,0.00000,0.00000,0.00000,0.00000,0.00000,0.00000,0.00000,0.00000,0.00000,0.00000,0.00000,0.00000,0.00000,0.00000,0.00000,0.00000,0.00000,0.00000,0.00000,0.00000,0.00000,0.00000,0.00000,0.00000,0.00000,0.00000,0.00000,0.00000,0.00000,0.00000,0.00000,0.00000,0.00000,0.00000,0.00000,0.00000,0.00000,0.00000,0.00000,0.00000,0.00000,0.00000,0.00000,0.00000,0.00000,0.00000,0.00000,0.00000,0.00000,0.00000,0.00000,0.00000,0.00000,0.00000,0.00000,0.00000,0.00000,0.00000,0.00000,0.00000,0.00000,0.00000,0.00000,0.00000,0.00000,0.00000,0.00000,0.00000,0.00000,0.00000,0.00000,0.00000,0.00000,0.00000,0.00000,0.00000,0.00000,0.00000,0.00000,0.00000,0.00000,0.00000,0.00000,0.00000,0.00000,0.00000,0.00000,0.00000,0.00000,0.00000,0.00000,0.00000,0.00000,0.00000,0.00000,0.00000,0.00000,0.00000,0.00000,0.00000,0.00000,0.00000,0.00000,0.00000,0.00000,0.00000,0.00000,0.00000,0.00000,0.00000,0.00000,0.00000,0.00000,0.00000,0.00000,0.00000,0.00000,0.00000,0.00000,0.00000,0.00000,0.00000,0.00000,0.00000,0.00000,0.00000,0.00000,0.00000,0.00000,0.00000,0.00000,0.00000,0.00000,0.00000,0.00000,0.00000,0.00000,0.00000,0.00000,0.00000,0.00000,0.00000,0.00000,0.00000,0.00000,0.00000,0.00000,0.00000,0.00000,0.00000,0.00000,0.00000,0.00000,0.00000,0.00000,0.00000,0.00000,0.00000,0.00000,0.00000,0.00000,0.00000,0.00000,0.00000,0.00000,0.00000,0.00000,0.00000,0.00000,0.00000,0.00000,0.00000,0.00000,0.00000,0.00000,0.00000,0.00000,0.00000,0.00000,0.00000,0.00000,0.00000,0.00000,0.00000,0.00000,0.00000,0.00000,0.00000,0.00000,0.00000,0.00000,0.00000,0.00000,0.00000,0.00000,0.00000,0.00000,0.00000,0.00000,0.00000,0.00000,0.00000,0.00000,0.00000,0.00000,0.00000,0.00000,0.00000,0.00000,0.00000,0.00000,0.00000,0.00000,0.00000,0.00000,0.00000,0.00000,0.00000,0.00000,0.00000,0.00000,0.00000,0.00000,0.00000,0.00000,0.00000,0.00000,0.00000,0.00000,0.00000,0.00000,0.00000,0.00000,0.00000,0.00000,0.00000,0.00000,0.00000,0.00000,0.00000,0.00000,0.00000,0.00000,0.00000,0.00000,0.00000,0.00000,0.00000,0.00000,0.00000,0.00000,0.00000,0.00000,0.00000,0.00000,0.00000,0.00000,0.00000,0.00000,0.00000,0.00000,0.00000,0.00000,0.00000,0.00000,0.00000,0.00000,0.00000,0.00000,0.00000,0.00000,0.00000,0.00000,0.00000,0.00000,0.00000,0.00000,0.00000,0.00000,0.00000,0.00000,0.00000,0.00000,0.00000,0.00000,0.00000,0.00000,0.00000,0.00000,0.00000
GUST_LB1e_R,0.50981,0.52023,0.00000,0.50482,0.49880,0.49953,0.49690,0.50411,0.48481,0.50101,0.49546,0.47755,0.47672,0.49641,0.48529,0.49449,0.49724,0.47479,0.49412,0.48546,0.48226,0.49880,0.49310,0.49105,0.49396,0.47571,0.48482,0.47449,0.49345,0.49704,0.50187,0.49943,0.50521,0.48592,0.48533,0.49963,0.48540,0.48103,0.49233,0.48754,0.48358,0.50316,0.48553,0.49624,0.49958,0.49848,0.00000,0.00000,0.49352,0.49544,0.49837,0.49909,0.48024,0.49144,0.48287,0.50288,0.49684,0.50053,0.50866,0.49755,0.49307,0.48475,0.47887,0.50220,0.50317,0.49796,0.50112,0.50817,0.49602,0.50252,0.48547,0.50141,0.48862,0.50822,0.50563,0.50060,0.49787,0.50804,0.48382,0.49988,0.48952,0.49459,0.00000,0.49008,0.48812,0.49201,0.50272,0.00000,0.00000,0.00000,0.00000,0.00000,0.00000,0.00000,0.00000,0.00000,0.00000,0.00000,0.00000,0.00000,0.00000,0.00000,0.00000,0.00000,0.00000,0.15731,0.20751,0.00000,0.00000,0.00000,0.00000,0.00000,0.00000,0.00000,0.00000,0.00000,0.00000,0.00000,0.01633,0.00000,0.00000,0.00258,0.00000,0.00000,0.05792,0.00000,0.00000,0.00000,0.03362,0.00000,0.00000,0.00143,0.00000,0.00000,0.00000,0.00000,0.00000,0.00000,0.00000,0.00000,0.00000,0.00000,0.00992,0.23984,0.11477,0.00000,0.29257,0.16905,0.23696,0.21780,0.26895,0.07461,0.32681,0.14576,0.36635,0.18625,0.37471,0.36339,0.32823,0.36881,0.27699,0.20455,0.02101,0.26806,0.37829,0.44203,0.02373,0.32743,0.38567,0.38867,0.42773,0.46831,0.12113,0.28883,0.01609,0.08418,0.39426,0.05085,0.06719,0.18238,0.26108,0.25732,0.25719,0.27035,0.15007,0.30679,0.31840,0.12652,0.20703,0.13436,0.22665,0.12901,0.17041,0.21064,0.34070,0.23012,0.22956,0.21228,0.25105,0.00000,0.00000,0.00000,0.00000,0.10369,0.05054,0.00000,0.00000,0.00000,0.00000,0.05680,0.00000,0.37239,0.00000,0.00000,0.00000,0.00000,0.00000,0.00000,0.00000,0.00000,0.00000,0.00000,1.00000,0.00000,0.00000,0.00000,0.00000,0.00000,0.00000,0.01471,0.44640,0.03206,0.03988,0.01762,0.02306,0.00000,0.00000,0.00000,0.00000,0.94158,0.92272,0.00000,0.00000,0.00000,0.00000,0.00000,0.15897,0.05300,0.03852,0.07523,0.10721,0.04469,0.07619,0.00000,0.00000,0.00000,0.00000,0.04177,0.04721,0.00000,0.00000,0.00000,0.00000,0.00000,0.00000,0.00000,0.00000,0.01141,0.00812,0.00000,0.00000,0.00000,0.00000,0.01386,0.00000,0.00000,0.00000,0.00000,0.00000,0.92348,0.93041,0.00000,0.00000,0.00000,0.00000,0.00000,0.00000,0.00000,0.00000,0.01006,0.00000,0.02429,0.46560,0.00000,0.00000,0.00000,0.00000,0.00000,0.00000,0.00000,0.00000,0.00000,0.00000,0.00000,0.00000,0.00000,0.00000,0.00000,0.00000,0.00000,0.00000,0.00000,0.00000,0.00000,0.05520,0.00717,0.44574,0.48064,0.13503,0.12843,0.58640,0.63997
GUST_LB2a-b_L,0.00000,0.00000,0.00000,0.00000,0.00000,0.00000,0.00000,0.00000,0.00000,0.00000,0.00000,0.00000,0.00000,0.00000,0.00000,0.00000,0.00000,0.00000,0.00000,0.00000,0.00000,0.00000,0.00000,0.00000,0.00000,0.00000,0.00000,0.00000,0.00000,0.00000,0.00000,0.00000,0.00000,0.00000,0.00000,0.00000,0.00000,0.00000,0.00000,0.00000,0.00000,0.00000,0.00000,0.00000,0.00000,0.00000,0.00000,0.00000,0.00000,0.00000,0.00000,0.00000,0.00000,0.00000,0.00000,0.00000,0.00000,0.00000,0.00000,0.00000,0.00000,0.00000,0.00000,0.00000,0.00000,0.00000,0.00000,0.00000,0.00000,0.00000,0.00000,0.00000,0.00000,0.00000,0.00000,0.00000,0.00000,0.00000,0.00000,0.00000,0.00000,0.00000,0.00000,0.00000,0.00000,0.00000,0.00000,0.00000,0.00000,0.00000,0.00000,0.00000,0.00000,0.00000,0.00000,0.00000,0.00000,0.00000,0.00000,0.00000,0.00000,0.00000,0.00000,0.00000,0.00000,0.00000,0.00000,0.00000,0.00000,0.00000,0.00000,0.00000,0.00000,0.00000,0.00000,0.00000,0.00000,0.00000,0.00000,0.00000,0.00000,0.00000,0.00000,0.00000,0.00000,0.00000,0.00000,0.00000,0.00000,0.00000,0.00000,0.00000,0.00000,0.00000,0.00000,0.00000,0.00000,0.00000,0.00000,0.00000,0.00000,0.00000,0.00000,0.00000,0.00000,0.00000,0.00000,0.00000,0.00000,0.00000,0.00000,0.00000,0.00000,0.00000,0.00000,0.00000,0.00000,0.00000,0.00000,0.00000,0.00000,0.00000,0.00000,0.00000,0.00000,0.00000,0.00000,0.00000,0.00000,0.00000,0.00000,0.00000,0.00000,0.00000,0.00000,0.00000,0.00000,0.00000,0.00000,0.00000,0.00000,0.00000,0.00000,0.00000,0.00000,0.00000,0.00000,0.00000,0.00000,0.00000,0.00000,0.00000,0.00000,0.00000,0.00000,0.00000,0.00000,0.00000,0.00000,0.00000,0.00000,0.00000,0.00000,0.00000,0.00000,0.00000,0.00000,0.00000,0.00000,0.00000,0.00000,0.00000,0.00000,0.00000,0.00000,0.00000,0.00000,0.00000,0.00000,0.00000,0.00000,0.00000,0.00000,0.00000,0.00000,0.00000,0.00000,0.00000,0.00000,0.00000,0.00000,0.00000,0.00000,0.00000,0.00000,0.00000,0.00000,0.00000,0.00000,0.00000,0.00000,0.00000,0.00000,0.00000,0.00000,0.00000,0.00000,0.00000,0.00000,0.00000,0.00000,0.00000,0.00000,0.00000,0.00000,0.00000,0.00000,0.00000,0.00000,0.00000,0.00000,0.00000,0.00000,0.00000,0.00000,0.00000,0.00000,0.00000,0.00000,0.00000,0.00000,0.00000,0.00000,0.00000,0.00000,0.00000,0.00000,0.00000,0.00000,0.00000,0.00000,0.00000,0.00000,0.00000,0.00000,0.00000,0.00000,0.00000,0.00000,0.00000,0.00000,0.00000,0.00000,0.00000,0.00000,0.00000,0.00000,0.00000,0.00000,0.00000,0.00000,0.00000,0.00000,0.00000,0.00000,0.00000,0.00000,0.00000,0.00000,0.00000,0.00000,0.00000,0.00000,0.00000,0.00000,0.00000,0.00000,0.00000,0.00000,0.00000,0.00000,0.00000
GUST_LB2a-b_R,0.00000,0.00000,0.00000,0.00000,0.00000,0.00000,0.00000,0.00000,0.00000,0.00000,0.00000,0.00000,0.00000,0.00000,0.00000,0.00000,0.00000,0.00000,0.00000,0.00000,0.00000,0.00000,0.00000,0.00000,0.00000,0.00000,0.00000,0.00000,0.00000,0.00000,0.00000,0.00000,0.00000,0.00000,0.00000,0.00000,0.00000,0.00000,0.00000,0.00000,0.00000,0.00000,0.00000,0.00000,0.00000,0.00000,0.00000,0.00000,0.00000,0.00000,0.00000,0.00000,0.00000,0.00000,0.00000,0.00000,0.00000,0.00000,0.00000,0.00000,0.00000,0.00000,0.00000,0.00000,0.00000,0.00000,0.00000,0.00000,0.00000,0.00000,0.00000,0.00000,0.00000,0.00000,0.00000,0.00000,0.00000,0.00000,0.00000,0.00000,0.00000,0.00000,0.00000,0.00000,0.00000,0.00000,0.00000,0.00000,0.00000,0.00000,0.00000,0.00000,0.00000,0.00000,0.00000,0.00000,0.00000,0.00000,0.00000,0.00000,0.00000,0.00000,0.00000,0.00000,0.00000,0.00000,0.00000,0.00000,0.00000,0.00000,0.00000,0.00000,0.00000,0.00000,0.00000,0.00000,0.00000,0.00000,0.00000,0.00000,0.00000,0.00000,0.00000,0.00000,0.00000,0.00000,0.00000,0.00000,0.00000,0.00000,0.00000,0.00000,0.00000,0.00000,0.00000,0.00000,0.00000,0.00000,0.00000,0.00000,0.00000,0.00000,0.00000,0.00000,0.00000,0.00000,0.00000,0.00000,0.00000,0.00000,0.00000,0.00000,0.00000,0.00000,0.00000,0.00000,0.00000,0.00000,0.00000,0.00000,0.00000,0.00000,0.00000,0.00000,0.00000,0.00000,0.00000,0.00000,0.00000,0.00000,0.00000,0.00000,0.00000,0.00000,0.00000,0.00000,0.00000,0.00000,0.00000,0.00000,0.00000,0.00000,0.00000,0.00000,0.00000,0.00000,0.00000,0.00000,0.00000,0.00000,0.00000,0.00000,0.00000,0.00000,0.00000,0.00000,0.00000,0.00000,0.00000,0.00000,0.00000,0.00000,0.00000,0.00000,0.00000,0.00000,0.00000,0.00000,0.00000,0.00000,0.00000,0.00000,0.00000,0.00000,0.00000,0.00000,0.00000,0.00000,0.00000,0.00000,0.00000,0.00000,0.00000,0.00000,0.00000,0.00000,0.00000,0.00000,0.00000,0.00000,0.00000,0.00000,0.00000,0.00000,0.00000,0.00000,0.00000,0.00000,0.00000,0.00000,0.00000,0.00000,0.00000,0.00000,0.00000,0.00000,0.00000,0.00000,0.00000,0.00000,0.00000,0.00000,0.00000,0.00000,0.00000,0.00000,0.00000,0.00000,0.00000,0.00000,0.00000,0.00000,0.00000,0.00000,0.00000,0.00000,0.00000,0.00000,0.00000,0.00000,0.00000,0.00000,0.00000,0.00000,0.00000,0.00000,0.00000,0.00000,0.00000,0.00000,0.00000,0.00000,0.00000,0.00000,0.00000,0.00000,0.00000,0.00000,0.00000,0.00000,0.00000,0.00000,0.00000,0.00000,0.00000,0.00000,0.00000,0.00000,0.00000,0.00000,0.00000,0.00000,0.00000,0.00000,0.00000,0.00000,0.00000,0.00000,0.00000,0.00000,0.00000,0.00000,0.00000,0.00000,0.00000,0.00000,0.00000,0.00000,0.00000,0.00000,0.00000,0.00000
GUST_LB2c_L,0.00000,0.00000,0.00000,0.00000,0.00000,0.00000,0.00000,0.00000,0.00000,0.00000,0.00000,0.00000,0.00000,0.00000,0.00000,0.00000,0.00000,0.00000,0.00000,0.00000,0.00000,0.00000,0.00000,0.00000,0.00000,0.00000,0.00000,0.00000,0.00000,0.00000,0.00000,0.00000,0.00000,0.00000,0.00000,0.00000,0.00000,0.00000,0.00000,0.00000,0.00000,0.00000,0.00000,0.00000,0.00000,0.00000,0.00000,0.00000,0.00000,0.00000,0.00000,0.00000,0.00000,0.00000,0.00000,0.00000,0.00000,0.00000,0.00000,0.00000,0.00000,0.00000,0.00000,0.00000,0.00000,0.00000,0.00000,0.00000,0.00000,0.00000,0.00000,0.00000,0.00000,0.00000,0.00000,0.00000,0.00000,0.00000,0.00000,0.00000,0.00000,0.00000,0.00000,0.00000,0.00000,0.00000,0.00000,0.00000,0.00000,0.00000,0.00000,0.00000,0.00000,0.00000,0.00000,0.00000,0.00000,0.00000,0.00000,0.00000,0.00000,0.00000,0.00000,0.00000,0.00000,0.00000,0.00000,0.00000,0.00000,0.00000,0.00000,0.00000,0.00000,0.00000,0.00000,0.00000,0.00000,0.00000,0.00000,0.00000,0.00000,0.00000,0.00000,0.00000,0.00000,0.00000,0.00000,0.00000,0.00000,0.00000,0.00000,0.00000,0.00000,0.00000,0.00000,0.00000,0.00000,0.00000,0.00000,0.00000,0.00000,0.00000,0.00000,0.00000,0.00000,0.00000,0.00000,0.00000,0.00000,0.00000,0.00000,0.00000,0.00000,0.00000,0.00000,0.00000,0.00000,0.00000,0.00000,0.00000,0.00000,0.00000,0.00000,0.00000,0.00000,0.00000,0.00000,0.00000,0.00000,0.00000,0.00000,0.00000,0.00000,0.00000,0.00000,0.00000,0.00000,0.00000,0.00000,0.00000,0.00000,0.00000,0.00000,0.00000,0.00000,0.00000,0.00000,0.00000,0.00000,0.00000,0.00000,0.00000,0.00000,0.00000,0.00000,0.00000,0.00000,0.00000,0.00000,0.00000,0.00000,0.00000,0.00000,0.00000,0.00000,0.00000,0.00000,0.00000,0.00000,0.00000,0.00000,0.00000,0.00000,0.00000,0.00000,0.00000,0.00000,0.00000,0.00000,0.00000,0.00000,0.00000,0.00000,0.00000,0.00000,0.00000,0.00000,0.00000,0.00000,0.00000,0.00000,0.00000,0.00000,0.00000,0.00000,0.00000,0.00000,0.00000,0.00000,0.00000,0.00000,0.00000,0.00000,0.00000,0.00000,0.00000,0.00000,0.00000,0.00000,0.00000,0.00000,0.00000,0.00000,0.00000,0.00000,0.00000,0.00000,0.00000,0.00000,0.00000,0.00000,0.00000,0.00000,0.00000,0.00000,0.00000,0.00000,0.00000,0.00000,0.00000,0.00000,0.00000,0.00000,0.00000,0.00000,0.00000,0.00000,0.00000,0.00000,0.00000,0.00000,0.00000,0.00000,0.00000,0.00000,0.00000,0.00000,0.00000,0.00000,0.00000,0.00000,0.00000,0.00000,0.00000,0.00000,0.00000,0.00000,0.00000,0.00000,0.00000,0.00000,0.00000,0.00000,0.00000,0.00000,0.00000,0.00000,0.00000,0.00000,0.00000,0.00000,0.00000,0.00000,0.00000,0.00000,0.00000,0.00000,0.00000,0.00000,0.00000,0.00000,0.00000
GUST_LB2c_R,0.00000,0.00000,0.00000,0.00000,0.00000,0.00000,0.00000,0.00000,0.00000,0.00000,0.00000,0.00000,0.00000,0.00000,0.00000,0.00000,0.00000,0.00000,0.00000,0.00000,0.00000,0.00000,0.00000,0.00000,0.00000,0.00000,0.00000,0.00000,0.00000,0.00000,0.00000,0.00000,0.00000,0.00000,0.00000,0.00000,0.00000,0.00000,0.00000,0.00000,0.00000,0.00000,0.00000,0.00000,0.00000,0.00000,0.00000,0.00000,0.00000,0.00000,0.00000,0.00000,0.00000,0.00000,0.00000,0.00000,0.00000,0.00000,0.00000,0.00000,0.00000,0.00000,0.00000,0.00000,0.00000,0.00000,0.00000,0.00000,0.00000,0.00000,0.00000,0.00000,0.00000,0.00000,0.00000,0.00000,0.00000,0.00000,0.00000,0.00000,0.00000,0.00000,0.00000,0.00000,0.00000,0.00000,0.00000,0.00000,0.00000,0.00000,0.00000,0.00000,0.00000,0.00000,0.00000,0.00000,0.00000,0.00000,0.00000,0.00000,0.00000,0.00000,0.00000,0.00000,0.00000,0.00000,0.00000,0.00000,0.00000,0.00000,0.00000,0.00000,0.00000,0.00000,0.00000,0.00000,0.00000,0.00000,0.00000,0.00000,0.00000,0.00000,0.00000,0.00000,0.00000,0.00000,0.00000,0.00000,0.00000,0.00000,0.00000,0.00000,0.00000,0.00000,0.00000,0.00000,0.00000,0.00000,0.00000,0.00000,0.00000,0.00000,0.00000,0.00000,0.00000,0.00000,0.00000,0.00000,0.00000,0.00000,0.00000,0.00000,0.00000,0.00000,0.00000,0.00000,0.00000,0.00000,0.00000,0.00000,0.00000,0.00000,0.00000,0.00000,0.00000,0.00000,0.00000,0.00000,0.00000,0.00000,0.00000,0.00000,0.00000,0.00000,0.00000,0.00000,0.00000,0.00000,0.00000,0.00000,0.00000,0.00000,0.00000,0.00000,0.00000,0.00000,0.00000,0.00000,0.00000,0.00000,0.00000,0.00000,0.00000,0.00000,0.00000,0.00000,0.00000,0.00000,0.00000,0.00000,0.00000,0.00000,0.00000,0.00000,0.00000,0.00000,0.00000,0.00000,0.00000,0.00000,0.00000,0.00000,0.00000,0.00000,0.00000,0.00000,0.00000,0.00000,0.00000,0.00000,0.00000,0.00000,0.00000,0.00000,0.00000,0.00000,0.00000,0.00000,0.00000,0.00000,0.00000,0.00000,0.00000,0.00000,0.00000,0.00000,0.00000,0.00000,0.00000,0.00000,0.00000,0.00000,0.00000,0.00000,0.00000,0.00000,0.00000,0.00000,0.00000,0.00000,0.00000,0.00000,0.00000,0.00000,0.00000,0.00000,0.00000,0.00000,0.00000,0.00000,0.00000,0.00000,0.00000,0.00000,0.00000,0.00000,0.00000,0.00000,0.00000,0.00000,0.00000,0.00000,0.00000,0.00000,0.00000,0.00000,0.00000,0.00000,0.00000,0.00000,0.00000,0.00000,0.00000,0.00000,0.00000,0.00000,0.00000,0.00000,0.00000,0.00000,0.00000,0.00000,0.00000,0.00000,0.00000,0.00000,0.00000,0.00000,0.00000,0.00000,0.00000,0.00000,0.00000,0.00000,0.00000,0.00000,0.00000,0.00000,0.00000,0.00000,0.00000,0.00000,0.00000,0.00000,0.00000,0.00000,0.00000,0.00000,0.00000,0.00000,0.00000,0.00000
GUST_LB2d_L,0.00000,0.00000,0.00000,0.00000,0.00000,0.00000,0.00000,0.00000,0.00000,0.00000,0.00000,0.00000,0.00000,0.00000,0.00000,0.00000,0.00000,0.00000,0.00000,0.00000,0.00000,0.00000,0.00000,0.00000,0.00000,0.00000,0.00000,0.00000,0.00000,0.00000,0.00000,0.00000,0.00000,0.00000,0.00000,0.00000,0.00000,0.00000,0.00000,0.00000,0.00000,0.00000,0.00000,0.00000,0.00000,0.00000,0.00000,0.00000,0.00000,0.00000,0.00000,0.00000,0.00000,0.00000,0.00000,0.00000,0.00000,0.00000,0.00000,0.00000,0.00000,0.00000,0.00000,0.00000,0.00000,0.00000,0.00000,0.00000,0.00000,0.00000,0.00000,0.00000,0.00000,0.00000,0.00000,0.00000,0.00000,0.00000,0.00000,0.00000,0.00000,0.00000,0.00000,0.00000,0.00000,0.00000,0.00000,0.00000,0.00000,0.00000,0.00000,0.00000,0.00000,0.00000,0.00000,0.00000,0.00000,0.00000,0.00000,0.00000,0.00000,0.00000,0.00000,0.00000,0.00000,0.00000,0.00000,0.00000,0.00000,0.00000,0.00000,0.00000,0.00000,0.00000,0.00000,0.00000,0.00000,0.00000,0.00000,0.00000,0.00000,0.00000,0.00000,0.00000,0.00000,0.00000,0.00000,0.00000,0.00000,0.00000,0.00000,0.00000,0.00000,0.00000,0.00000,0.00000,0.00000,0.00000,0.00000,0.00000,0.00000,0.00000,0.00000,0.00000,0.00000,0.00000,0.00000,0.00000,0.00000,0.00000,0.00000,0.00000,0.00000,0.00000,0.00000,0.00000,0.00000,0.00000,0.00000,0.00000,0.00000,0.00000,0.00000,0.00000,0.00000,0.00000,0.00000,0.00000,0.00000,0.00000,0.00000,0.00000,0.00000,0.00000,0.00000,0.00000,0.00000,0.00000,0.00000,0.00000,0.00000,0.00000,0.00000,0.00000,0.00000,0.00000,0.00000,0.00000,0.00000,0.00000,0.00000,0.00000,0.00000,0.00000,0.00000,0.00000,0.00000,0.00000,0.00000,0.00000,0.00000,0.00000,0.00000,0.00000,0.00000,0.00000,0.00000,0.00000,0.00000,0.00000,0.00000,0.00000,0.00000,0.00000,0.00000,0.00000,0.00000,0.00000,0.00000,0.00000,0.00000,0.00000,0.00000,0.00000,0.00000,0.00000,0.00000,0.00000,0.00000,0.00000,0.00000,0.00000,0.00000,0.00000,0.00000,0.00000,0.00000,0.00000,0.00000,0.00000,0.00000,0.00000,0.00000,0.00000,0.00000,0.00000,0.00000,0.00000,0.00000,0.00000,0.00000,0.00000,0.00000,0.00000,0.00000,0.00000,0.00000,0.00000,0.00000,0.00000,0.00000,0.00000,0.00000,0.00000,0.00000,0.00000,0.00000,0.00000,0.00000,0.00000,0.00000,0.00000,0.00000,0.00000,0.00000,0.00000,0.00000,0.00000,0.00000,0.00000,0.00000,0.00000,0.00000,0.00000,0.00000,0.00000,0.00000,0.00000,0.00000,0.00000,0.00000,0.00000,0.00000,0.00000,0.00000,0.00000,0.00000,0.00000,0.00000,0.00000,0.00000,0.00000,0.00000,0.00000,0.00000,0.00000,0.00000,0.00000,0.00000,0.00000,0.00000,0.00000,0.00000,0.00000,0.00000,0.00000,0.00000,0.00000,0.00000,0.00000,0.00000,0.00000
GUST_LB2d_R,0.00000,0.00000,0.00000,0.00000,0.00000,0.00000,0.00000,0.00000,0.00000,0.00000,0.00000,0.00000,0.00000,0.00000,0.00000,0.00000,0.00000,0.00000,0.00000,0.00000,0.00000,0.00000,0.00000,0.00000,0.00000,0.00000,0.00000,0.00000,0.00000,0.00000,0.00000,0.00000,0.00000,0.00000,0.00000,0.00000,0.00000,0.00000,0.00000,0.00000,0.00000,0.00000,0.00000,0.00000,0.00000,0.00000,0.00000,0.00000,0.00000,0.00000,0.00000,0.00000,0.00000,0.00000,0.00000,0.00000,0.00000,0.00000,0.00000,0.00000,0.00000,0.00000,0.00000,0.00000,0.00000,0.00000,0.00000,0.00000,0.00000,0.00000,0.00000,0.00000,0.00000,0.00000,0.00000,0.00000,0.00000,0.00000,0.00000,0.00000,0.00000,0.00000,0.00000,0.00000,0.00000,0.00000,0.00000,0.00000,0.00000,0.00000,0.00000,0.00000,0.00000,0.00000,0.00000,0.00000,0.00000,0.00000,0.00000,0.00000,0.00000,0.00000,0.00000,0.00000,0.00000,0.00000,0.00000,0.00000,0.00000,0.00000,0.00000,0.00000,0.00000,0.00000,0.00000,0.00000,0.00000,0.00000,0.00000,0.00000,0.00000,0.00000,0.00000,0.00000,0.00000,0.00000,0.00000,0.00000,0.00000,0.00000,0.00000,0.00000,0.00000,0.00000,0.00000,0.00000,0.00000,0.00000,0.00000,0.00000,0.00000,0.00000,0.00000,0.00000,0.00000,0.00000,0.00000,0.00000,0.00000,0.00000,0.00000,0.00000,0.00000,0.00000,0.00000,0.00000,0.00000,0.00000,0.00000,0.00000,0.00000,0.00000,0.00000,0.00000,0.00000,0.00000,0.00000,0.00000,0.00000,0.00000,0.00000,0.00000,0.00000,0.00000,0.00000,0.00000,0.00000,0.00000,0.00000,0.00000,0.00000,0.00000,0.00000,0.00000,0.00000,0.00000,0.00000,0.00000,0.00000,0.00000,0.00000,0.00000,0.00000,0.00000,0.00000,0.00000,0.00000,0.00000,0.00000,0.00000,0.00000,0.00000,0.00000,0.00000,0.00000,0.00000,0.00000,0.00000,0.00000,0.00000,0.00000,0.00000,0.00000,0.00000,0.00000,0.00000,0.00000,0.00000,0.00000,0.00000,0.00000,0.00000,0.00000,0.00000,0.00000,0.00000,0.00000,0.00000,0.00000,0.00000,0.00000,0.00000,0.00000,0.00000,0.00000,0.00000,0.00000,0.00000,0.00000,0.00000,0.00000,0.00000,0.00000,0.00000,0.00000,0.00000,0.00000,0.00000,0.00000,0.00000,0.00000,0.00000,0.00000,0.00000,0.00000,0.00000,0.00000,0.00000,0.00000,0.00000,0.00000,0.00000,0.00000,0.00000,0.00000,0.00000,0.00000,0.00000,0.00000,0.00000,0.00000,0.00000,0.00000,0.00000,0.00000,0.00000,0.00000,0.00000,0.00000,0.00000,0.00000,0.00000,0.00000,0.00000,0.00000,0.00000,0.00000,0.00000,0.00000,0.00000,0.00000,0.00000,0.00000,0.00000,0.00000,0.00000,0.00000,0.00000,0.00000,0.00000,0.00000,0.00000,0.00000,0.00000,0.00000,0.00000,0.00000,0.00000,0.00000,0.00000,0.00000,0.00000,0.00000,0.00000,0.00000,0.00000,0.00000,0.00000,0.00000,0.00000,0.00000,0.00000
GUST_LB3_L,0.05949,0.05685,0.00000,0.05351,0.05372,0.05336,0.04938,0.06171,0.05847,0.05136,0.06143,0.05626,0.05708,0.04970,0.06470,0.05815,0.05104,0.04991,0.05896,0.05397,0.05047,0.05858,0.06267,0.05659,0.06015,0.06328,0.05709,0.05903,0.05547,0.05435,0.05533,0.05195,0.05601,0.06443,0.06054,0.05903,0.06222,0.05607,0.05895,0.05751,0.06922,0.05501,0.06116,0.05101,0.05495,0.05249,0.01202,0.01202,0.06037,0.05561,0.05510,0.06094,0.05822,0.05657,0.05886,0.05553,0.05685,0.05505,0.05705,0.05658,0.05624,0.05625,0.05572,0.05321,0.05672,0.05908,0.05899,0.05392,0.04926,0.05508,0.06175,0.05999,0.06281,0.05977,0.06052,0.05509,0.05697,0.05401,0.06045,0.05185,0.05153,0.05654,0.00000,0.06538,0.05300,0.05638,0.05594,0.00000,0.00000,0.00000,0.00000,0.00000,0.00000,0.00000,0.00000,0.00000,0.00000,0.00000,0.00000,0.00000,0.00000,0.00000,0.00000,0.00000,0.00000,0.00000,0.00000,0.00000,0.00000,0.00000,0.00000,0.00000,0.00000,0.00000,0.00000,0.00000,0.00000,0.00000,0.00000,0.00000,0.00000,0.00041,0.00000,0.00000,0.00000,0.00000,0.00000,0.00108,0.00000,0.00000,0.01075,0.00000,0.00000,0.00000,0.00000,0.00000,0.00000,0.00000,0.00000,0.00000,0.07014,0.00000,0.04680,0.00000,0.03038,0.00000,0.02216,0.09752,0.00000,0.00052,0.00635,0.00432,0.01821,0.01660,0.02105,0.04972,0.00239,0.00883,0.03749,0.01814,0.02107,0.00029,0.00922,0.03004,0.02240,0.02396,0.00000,0.01745,0.02995,0.02892,0.05330,0.03694,0.00630,0.00000,0.00000,0.00000,0.00000,0.00000,0.00000,0.01665,0.02031,0.03387,0.02043,0.00412,0.00546,0.00288,0.00326,0.00666,0.02248,0.00033,0.00674,0.00000,0.00000,0.02280,0.01755,0.00263,0.00000,0.01477,0.00525,0.00000,0.00000,0.00000,0.00000,0.00191,0.00405,0.00000,0.00000,0.00000,0.00000,0.00000,0.00000,0.03100,0.00624,0.00000,0.00000,0.00000,0.00000,0.00000,0.00000,0.00000,0.00000,0.00000,0.01471,0.00000,0.00000,0.00000,0.00000,0.00000,0.00000,1.00000,0.37074,0.72268,0.73813,0.55508,0.51662,0.00000,0.00000,0.00000,0.00000,0.03550,0.03846,0.00000,0.00000,0.00000,0.00000,0.00000,0.27609,0.79499,0.70329,0.74827,0.53503,0.81608,0.80131,0.00000,0.00000,0.00000,0.00000,0.73338,0.78225,0.19239,0.00000,0.00000,0.00000,0.00000,0.00000,0.00000,0.00000,0.19128,0.17452,0.00000,0.00000,0.00000,0.00000,0.26263,0.18259,0.00000,0.00000,0.00000,0.00000,0.02637,0.03347,0.00000,0.00000,0.00000,0.00000,0.00000,0.00000,0.15096,0.15351,0.32555,0.28415,0.91939,0.01969,0.00000,0.00000,0.00000,0.00000,0.00000,0.00000,0.00000,0.00000,0.00000,0.00000,0.00000,0.00000,0.00000,0.00000,0.00000,0.00000,0.00000,0.00000,0.00000,0.00000,0.00000,0.00081,0.00000,0.15761,0.15389,0.01135,0.00172,0.05341,0.04536
GUST_LB3_R,0.89222,0.89575,0.00000,0.89571,0.89728,0.89447,0.89350,0.89487,0.89601,0.89526,0.89111,0.89194,0.89601,0.89415,0.89445,0.89557,0.89637,0.89203,0.89119,0.89432,0.89509,0.89814,0.89647,0.89574,0.89157,0.89280,0.89469,0.89347,0.89641,0.89611,0.89424,0.89699,0.89527,0.89881,0.89429,0.89081,0.89616,0.89570,0.89573,0.89537,0.89447,0.89359,0.89643,0.89457,0.89464,0.89385,0.00000,0.00000,0.89852,0.89628,0.89432,0.89291,0.89563,0.89351,0.89560,0.89593,0.89117,0.89229,0.89239,0.89506,0.89611,0.89207,0.89731,0.89448,0.89259,0.89575,0.89617,0.89347,0.89491,0.89376,0.89772,0.89287,0.89451,0.88912,0.89557,0.89439,0.89653,0.89064,0.89415,0.89432,0.89077,0.89176,0.00000,0.89451,0.89661,0.89513,0.89137,0.05337,0.00000,0.00000,0.01578,0.00000,0.00600,0.05688,0.00000,0.00000,0.00000,0.00000,0.00000,0.00000,0.02427,0.00000,0.02300,0.00000,0.12087,0.30858,0.34729,0.05688,0.06399,0.00000,0.02686,0.04072,0.00000,0.04248,0.00000,0.00000,0.04977,0.00000,0.00342,0.00000,0.08710,0.11601,0.07148,0.11206,0.15483,0.00000,0.03778,0.06132,0.10698,0.07837,0.06674,0.06184,0.00000,0.03271,0.08062,0.08948,0.00000,0.04612,0.00000,0.00000,0.03871,0.00000,0.11107,0.17224,0.17639,0.03636,0.20148,0.16909,0.12754,0.13040,0.11433,0.02799,0.13086,0.06091,0.27120,0.19940,0.29003,0.28762,0.14622,0.14603,0.05234,0.16620,0.05778,0.14220,0.14393,0.18192,0.04822,0.12822,0.13255,0.14905,0.16072,0.24027,0.11014,0.23555,0.10366,0.15445,0.36908,0.04653,0.11609,0.11766,0.17116,0.11633,0.16349,0.22070,0.15922,0.43606,0.39443,0.08743,0.10027,0.09258,0.13038,0.23731,0.31409,0.07610,0.13245,0.09350,0.14730,0.37225,0.44422,0.00000,0.00000,0.15284,0.07895,0.05155,0.05579,0.00000,0.00000,0.00000,0.00000,0.03697,0.01341,0.20621,0.00570,0.00000,0.00000,0.00000,0.00318,0.00000,0.00000,0.00000,0.00000,0.00000,0.44640,0.00000,0.00000,0.00000,0.00000,0.00000,0.00000,0.37074,1.00000,0.28063,0.29084,0.22842,0.16721,0.00000,0.00000,0.00000,0.00000,0.45095,0.45609,0.00000,0.00000,0.00000,0.00000,0.00000,0.12631,0.30003,0.27243,0.28339,0.21816,0.31314,0.31168,0.00000,0.00000,0.00000,0.00000,0.28379,0.31072,0.04977,0.00000,0.00000,0.00000,0.00000,0.00000,0.00000,0.00000,0.09109,0.07979,0.00000,0.00000,0.00000,0.00000,0.12694,0.11105,0.00000,0.00711,0.00218,0.00276,0.37310,0.38015,0.00000,0.00000,0.00000,0.00000,0.00000,0.00000,0.03959,0.10933,0.11040,0.12984,0.32558,0.20117,0.00248,0.00000,0.00000,0.00000,0.00000,0.00000,0.00000,0.00000,0.00000,0.00000,0.00000,0.00000,0.00000,0.00000,0.00000,0.00000,0.00000,0.00000,0.00000,0.00000,0.00000,0.02902,0.02294,0.88660,0.89517,0.06364,0.06174,0.88319,0.86898
GUST_LB4a_L,0.02887,0.02865,0.00000,0.02409,0.02582,0.02546,0.02383,0.03055,0.02915,0.02464,0.02838,0.02666,0.02608,0.02389,0.03032,0.02744,0.02384,0.02373,0.02870,0.02435,0.02289,0.02646,0.03148,0.02587,0.03007,0.03245,0.02721,0.02721,0.02669,0.02616,0.02731,0.02252,0.02627,0.03018,0.03171,0.03098,0.03150,0.02551,0.02902,0.02703,0.03190,0.02723,0.02761,0.02308,0.02545,0.02537,0.00000,0.00000,0.02825,0.02650,0.02537,0.02883,0.02702,0.02610,0.02791,0.02667,0.02697,0.02524,0.02570,0.02513,0.02543,0.02635,0.02443,0.02387,0.02650,0.03126,0.02841,0.02549,0.02261,0.02502,0.02861,0.02754,0.03002,0.02893,0.02828,0.02601,0.02660,0.02674,0.02781,0.02342,0.02377,0.02559,0.00000,0.03116,0.02491,0.02640,0.02786,0.00000,0.00000,0.00000,0.00000,0.00000,0.00000,0.00000,0.00000,0.00000,0.00000,0.00000,0.00000,0.00000,0.00000,0.00000,0.00000,0.00000,0.00000,0.00000,0.00000,0.00000,0.00000,0.00000,0.00000,0.00000,0.00000,0.00000,0.00000,0.00000,0.00000,0.00000,0.00000,0.00000,0.00000,0.00000,0.00000,0.00000,0.00000,0.00000,0.00000,0.00000,0.00000,0.00000,0.00400,0.00000,0.00000,0.00000,0.00181,0.00000,0.00000,0.00000,0.00000,0.00000,0.02608,0.00000,0.01740,0.00000,0.01335,0.00000,0.02551,0.06242,0.00293,0.00289,0.01966,0.01952,0.02719,0.02810,0.02407,0.03701,0.00934,0.02492,0.05837,0.03996,0.03477,0.00162,0.00307,0.02389,0.03557,0.03101,0.00000,0.02373,0.04213,0.03768,0.06348,0.04895,0.00234,0.00000,0.00000,0.00000,0.00000,0.00000,0.00000,0.01835,0.02486,0.04765,0.03256,0.00948,0.01962,0.00387,0.00643,0.00823,0.02935,0.00183,0.01030,0.00000,0.00000,0.03144,0.02277,0.00295,0.00000,0.00580,0.00271,0.00000,0.00000,0.00000,0.00000,0.01044,0.00887,0.00000,0.00000,0.00000,0.00000,0.00000,0.01581,0.05163,0.01739,0.00000,0.00000,0.00000,0.00000,0.00000,0.00000,0.00000,0.00000,0.00000,0.03206,0.00000,0.00000,0.00000,0.00000,0.00000,0.00000,0.72268,0.28063,1.00000,0.95561,0.89462,0.74821,0.00000,0.00000,0.00000,0.00000,0.05198,0.05081,0.00000,0.00000,0.00000,0.00000,0.00000,0.23448,0.92893,0.95101,0.70502,0.48189,0.90646,0.85733,0.00000,0.00000,0.00000,0.06707,0.93664,0.91279,0.08384,0.00000,0.00000,0.00000,0.00000,0.00000,0.00000,0.00000,0.25860,0.22139,0.00000,0.00000,0.00000,0.00000,0.25909,0.17277,0.00000,0.00000,0.00000,0.00000,0.04449,0.05533,0.00000,0.00000,0.00000,0.00000,0.00000,0.00000,0.04349,0.05913,0.14783,0.37222,0.74190,0.03346,0.00000,0.00000,0.00000,0.00000,0.00000,0.00000,0.00000,0.00000,0.00000,0.00000,0.00000,0.00000,0.00000,0.00000,0.00000,0.00000,0.00000,0.00000,0.00000,0.00000,0.00000,0.00081,0.03460,0.20637,0.19168,0.02195,0.00962,0.02937,0.02619
GUST_LB4a_R,0.04220,0.04116,0.00000,0.03593,0.03842,0.03717,0.03497,0.04336,0.04059,0.03649,0.04116,0.03773,0.03733,0.03516,0.04362,0.04046,0.03533,0.03500,0.04139,0.03611,0.03430,0.03789,0.04283,0.03787,0.04239,0.04499,0.03931,0.03911,0.03949,0.03776,0.03904,0.03335,0.03821,0.04342,0.04324,0.04461,0.04557,0.03753,0.04162,0.03919,0.04418,0.04036,0.04035,0.03418,0.03709,0.03849,0.00000,0.00000,0.04061,0.03765,0.03779,0.04250,0.03931,0.03855,0.04022,0.03867,0.04008,0.03764,0.03828,0.03649,0.03716,0.03867,0.03528,0.03540,0.03840,0.04453,0.04014,0.03858,0.03411,0.03709,0.04100,0.03979,0.04262,0.04270,0.04065,0.03878,0.03889,0.03860,0.04012,0.03515,0.03512,0.03707,0.00000,0.04419,0.03631,0.03830,0.04039,0.00000,0.00000,0.00000,0.00000,0.00000,0.00000,0.00000,0.00000,0.00000,0.00000,0.00000,0.00000,0.00000,0.00000,0.00000,0.00000,0.00000,0.00000,0.00000,0.00000,0.00000,0.00000,0.00000,0.00000,0.00000,0.00000,0.00000,0.00000,0.00000,0.00000,0.00000,0.00000,0.00000,0.00000,0.00065,0.00000,0.00000,0.00000,0.00000,0.00000,0.00000,0.00000,0.00000,0.00230,0.00000,0.00000,0.00000,0.00104,0.00000,0.00000,0.00000,0.00000,0.00000,0.01502,0.00000,0.01253,0.01566,0.00828,0.00000,0.02922,0.06081,0.00169,0.00500,0.02432,0.01322,0.03131,0.01989,0.03037,0.03443,0.01383,0.02102,0.05026,0.03273,0.02821,0.00465,0.00177,0.02974,0.03078,0.03813,0.00000,0.02628,0.03862,0.04078,0.06156,0.04784,0.00135,0.00429,0.00000,0.00000,0.00170,0.00034,0.00343,0.01535,0.02584,0.03926,0.02650,0.01584,0.01390,0.00392,0.00759,0.00839,0.02724,0.00210,0.00861,0.00000,0.00080,0.02964,0.02331,0.00286,0.00073,0.00698,0.00958,0.00000,0.00000,0.00000,0.00000,0.01096,0.00719,0.00000,0.00000,0.00000,0.00000,0.00000,0.00910,0.05256,0.01184,0.00000,0.00000,0.00000,0.00000,0.00000,0.00000,0.00000,0.00000,0.00000,0.03988,0.00000,0.00000,0.00000,0.00000,0.00000,0.00000,0.73813,0.29084,0.95561,1.00000,0.90905,0.78612,0.00000,0.00000,0.00000,0.00000,0.05760,0.05853,0.00000,0.00000,0.00000,0.00000,0.00000,0.25549,0.95699,0.97666,0.71952,0.48860,0.93029,0.90010,0.00000,0.00000,0.00000,0.03863,0.97336,0.95107,0.09657,0.00000,0.00000,0.00000,0.00000,0.00000,0.00000,0.00000,0.28874,0.25843,0.00000,0.00000,0.00000,0.00000,0.09102,0.01466,0.00000,0.00000,0.00000,0.00000,0.04916,0.05923,0.00000,0.00000,0.00000,0.00000,0.00000,0.00000,0.05344,0.08310,0.17536,0.39140,0.73985,0.03557,0.00000,0.00000,0.00000,0.00000,0.00000,0.00000,0.00000,0.00000,0.00000,0.00000,0.00000,0.00000,0.00000,0.00000,0.00000,0.00000,0.00000,0.00000,0.00000,0.00000,0.00000,0.00167,0.04819,0.21696,0.20528,0.02293,0.01345,0.04171,0.03852
GUST_PhG10_L,0.01224,0.01347,0.00000,0.00921,0.01022,0.01096,0.00765,0.01369,0.01080,0.01001,0.01212,0.00998,0.00921,0.00869,0.01235,0.01109,0.01022,0.00923,0.00989,0.01036,0.00920,0.00953,0.01376,0.01020,0.01299,0.01498,0.01109,0.01100,0.01141,0.01076,0.01072,0.00784,0.01027,0.01202,0.01407,0.01376,0.01367,0.00997,0.01219,0.01095,0.01312,0.01185,0.01030,0.00878,0.00999,0.01097,0.00000,0.00000,0.01310,0.01260,0.01006,0.01336,0.01143,0.01196,0.01288,0.01129,0.01123,0.01077,0.00986,0.01005,0.01056,0.01048,0.01029,0.00950,0.01248,0.01601,0.01263,0.01048,0.00941,0.01013,0.01393,0.01171,0.01218,0.01198,0.01199,0.01265,0.01180,0.01192,0.01039,0.01002,0.01013,0.01091,0.00000,0.01329,0.00995,0.01189,0.01244,0.00000,0.00000,0.00000,0.00000,0.00000,0.00000,0.00000,0.00000,0.00000,0.00000,0.00000,0.00000,0.00000,0.00000,0.00000,0.00000,0.00000,0.00000,0.00000,0.00000,0.00000,0.00000,0.00000,0.00000,0.00000,0.00000,0.00000,0.00000,0.00000,0.00000,0.00000,0.00000,0.00000,0.00000,0.00000,0.00000,0.00000,0.00000,0.00000,0.00000,0.00000,0.00000,0.00000,0.00000,0.00000,0.00000,0.00000,0.00000,0.00000,0.00000,0.00000,0.00000,0.00000,0.00000,0.00000,0.00000,0.00000,0.00202,0.00000,0.00658,0.02079,0.00287,0.00000,0.00715,0.01296,0.00601,0.01334,0.00752,0.01365,0.00105,0.01365,0.03004,0.01839,0.02211,0.00000,0.00000,0.00701,0.02214,0.01323,0.00000,0.00657,0.02404,0.01936,0.02894,0.02602,0.00000,0.00000,0.00000,0.00000,0.00000,0.00000,0.00000,0.00872,0.00857,0.01981,0.01783,0.00163,0.01148,0.00061,0.00339,0.00277,0.01409,0.00000,0.00753,0.00000,0.00000,0.01611,0.01110,0.00255,0.00021,0.00119,0.00018,0.00000,0.00000,0.00000,0.00000,0.00455,0.00791,0.00000,0.00000,0.00000,0.00000,0.00000,0.00000,0.02121,0.01241,0.00000,0.00000,0.00000,0.00000,0.00000,0.00000,0.00000,0.00000,0.00000,0.01762,0.00000,0.00000,0.00000,0.00000,0.00000,0.00000,0.55508,0.22842,0.89462,0.90905,1.00000,0.81380,0.00000,0.00000,0.00000,0.00000,0.02430,0.02217,0.00000,0.00000,0.00000,0.00000,0.00000,0.13685,0.80081,0.89445,0.48049,0.21605,0.76389,0.72923,0.00000,0.00000,0.00000,0.00000,0.90880,0.84823,0.03292,0.00000,0.00000,0.00000,0.00000,0.00000,0.00000,0.00000,0.24973,0.21673,0.00000,0.00000,0.00000,0.00000,0.02834,0.00000,0.00000,0.00000,0.00000,0.00000,0.02852,0.02414,0.00000,0.00000,0.00000,0.00000,0.00000,0.00000,0.01025,0.03018,0.04548,0.38657,0.51849,0.01347,0.00000,0.00000,0.00000,0.00000,0.00000,0.00000,0.00000,0.00000,0.00000,0.00000,0.00000,0.00000,0.00000,0.00000,0.00000,0.00000,0.00000,0.00000,0.00000,0.00000,0.00000,0.00032,0.00000,0.19986,0.19167,0.01002,0.00135,0.01284,0.01320
GUST_PhG10_R,0.04524,0.03581,0.00000,0.03192,0.03387,0.03413,0.03090,0.04109,0.03789,0.03056,0.04270,0.03250,0.03139,0.02785,0.04526,0.03859,0.03330,0.02886,0.04334,0.03293,0.02727,0.03056,0.04059,0.03657,0.04384,0.04709,0.03939,0.03700,0.03840,0.03287,0.03809,0.02594,0.03203,0.04056,0.04150,0.05085,0.04770,0.03575,0.03858,0.03542,0.04640,0.03831,0.03898,0.02753,0.03382,0.03818,0.00000,0.00000,0.03600,0.03206,0.03728,0.04562,0.03561,0.03929,0.03400,0.03308,0.04199,0.03508,0.03654,0.03212,0.03022,0.03599,0.03000,0.02834,0.03666,0.04073,0.03493,0.03599,0.02431,0.02825,0.03848,0.04127,0.04383,0.04877,0.03255,0.03934,0.03743,0.03569,0.04205,0.02912,0.03454,0.03254,0.00000,0.04444,0.02775,0.03699,0.04125,0.00000,0.00000,0.00000,0.00000,0.00000,0.00000,0.00000,0.00000,0.00000,0.00000,0.00000,0.00000,0.00000,0.00000,0.00000,0.00000,0.00000,0.00000,0.00000,0.00000,0.00000,0.00000,0.00000,0.00000,0.00000,0.00000,0.00000,0.00000,0.00000,0.00000,0.00000,0.00000,0.00000,0.00000,0.00000,0.00000,0.00000,0.00000,0.00000,0.00000,0.00000,0.00000,0.00000,0.00000,0.00000,0.00000,0.00000,0.00000,0.00000,0.00000,0.00000,0.00000,0.00000,0.00000,0.00000,0.00000,0.00000,0.00000,0.00000,0.01311,0.00289,0.00000,0.00000,0.00436,0.00000,0.01295,0.00000,0.01930,0.00000,0.00000,0.00000,0.00510,0.00000,0.00000,0.00000,0.00000,0.01976,0.00312,0.01886,0.00000,0.00547,0.01573,0.01819,0.02946,0.02225,0.00000,0.00000,0.00000,0.00000,0.00000,0.00000,0.00000,0.00000,0.01745,0.00298,0.00424,0.00000,0.00000,0.00000,0.00000,0.00000,0.00759,0.00000,0.00000,0.00000,0.00000,0.01501,0.01338,0.00000,0.00000,0.00000,0.00000,0.00000,0.00000,0.00000,0.00000,0.00000,0.00000,0.00000,0.00000,0.00000,0.00000,0.00000,0.00000,0.02159,0.00000,0.00000,0.00000,0.00000,0.00000,0.00000,0.00000,0.00000,0.00000,0.00000,0.02306,0.00000,0.00000,0.00000,0.00000,0.00000,0.00000,0.51662,0.16721,0.74821,0.78612,0.81380,1.00000,0.00000,0.00000,0.00000,0.00000,0.01781,0.02538,0.00000,0.00000,0.00000,0.00000,0.00000,0.17094,0.71904,0.76840,0.45927,0.28821,0.70488,0.69243,0.00000,0.00000,0.00000,0.00000,0.79846,0.74867,0.00000,0.00000,0.00000,0.00000,0.00000,0.00000,0.00000,0.00000,0.16501,0.16010,0.00000,0.00000,0.00000,0.00000,0.12297,0.00000,0.00000,0.00000,0.00000,0.00000,0.01633,0.03015,0.00000,0.00000,0.00000,0.00000,0.00000,0.00000,0.02086,0.00000,0.15870,0.25910,0.52949,0.01543,0.00000,0.00000,0.00000,0.00000,0.00000,0.00000,0.00000,0.00000,0.00000,0.00000,0.00000,0.00000,0.00000,0.00000,0.00000,0.00000,0.00000,0.00000,0.00000,0.00000,0.00000,0.00290,0.00000,0.17217,0.16580,0.00000,0.00000,0.03283,0.02864
GUST_PhG11_L,0.00000,0.00000,0.00000,0.00000,0.00000,0.00000,0.00000,0.00000,0.00000,0.00000,0.00000,0.00000,0.00000,0.00000,0.00000,0.00000,0.00000,0.00000,0.00000,0.00000,0.00000,0.00000,0.00000,0.00000,0.00000,0.00000,0.00000,0.00000,0.00000,0.00000,0.00000,0.00000,0.00000,0.00000,0.00000,0.00000,0.00000,0.00000,0.00000,0.00000,0.00000,0.00000,0.00000,0.00000,0.00000,0.00000,0.00000,0.00000,0.00000,0.00000,0.00000,0.00000,0.00000,0.00000,0.00000,0.00000,0.00000,0.00000,0.00000,0.00000,0.00000,0.00000,0.00000,0.00000,0.00000,0.00000,0.00000,0.00000,0.00000,0.00000,0.00000,0.00000,0.00000,0.00000,0.00000,0.00000,0.00000,0.00000,0.00000,0.00000,0.00000,0.00000,0.00000,0.00000,0.00000,0.00000,0.00000,0.00000,0.00000,0.00000,0.00000,0.00000,0.00000,0.00000,0.00000,0.00000,0.00000,0.00000,0.00000,0.00000,0.00000,0.00000,0.00000,0.00000,0.00000,0.00000,0.00000,0.00000,0.00000,0.00000,0.00000,0.00000,0.00000,0.00000,0.00000,0.00000,0.00000,0.00000,0.00000,0.00000,0.00000,0.00000,0.00000,0.00000,0.00000,0.00000,0.00000,0.00000,0.00000,0.00000,0.00000,0.00000,0.00000,0.00000,0.00000,0.00000,0.00000,0.00000,0.00000,0.00000,0.00000,0.00000,0.00000,0.00000,0.00000,0.00000,0.00000,0.00000,0.00000,0.00000,0.00000,0.00000,0.00000,0.00000,0.00000,0.00000,0.00000,0.00000,0.00000,0.00000,0.00000,0.00000,0.00000,0.00000,0.00000,0.00000,0.00000,0.00000,0.00000,0.00000,0.00000,0.00000,0.00000,0.00000,0.00000,0.00000,0.00000,0.00000,0.00000,0.00000,0.00000,0.00000,0.00000,0.00000,0.00000,0.00000,0.00000,0.00000,0.00000,0.00000,0.00000,0.00000,0.00000,0.00000,0.00000,0.00000,0.00000,0.00000,0.00000,0.00000,0.00000,0.00000,0.00000,0.00000,0.00000,0.00000,0.00000,0.00000,0.00000,0.00000,0.00000,0.00000,0.00000,0.00000,0.00000,0.00000,0.00000,0.00000,0.00000,0.00000,0.00000,0.00000,0.00000,0.00000,0.00000,0.00000,0.00000,0.00000,0.00000,0.00000,0.00000,0.00000,0.00000,0.00000,0.00000,0.00000,0.00000,0.00000,0.00000,0.00000,0.00000,0.00000,0.00000,0.00000,0.00000,0.00000,0.00000,0.00000,0.00000,0.00000,0.00000,0.00000,0.00000,0.00000,0.00000,0.00000,0.00000,0.00000,0.00000,0.00000,0.00000,0.00000,0.00000,0.00000,0.00000,0.00000,0.00000,0.00000,0.00000,0.00000,0.00000,0.00000,0.00000,0.00000,0.00000,0.00000,0.00000,0.00000,0.00000,0.00000,0.00000,0.00000,0.00000,0.00000,0.00000,0.00000,0.00000,0.00000,0.00000,0.00000,0.00000,0.00000,0.00000,0.00000,0.00000,0.00000,0.00000,0.00000,0.00000,0.00000,0.00000,0.00000,0.00000,0.00000,0.00000,0.00000,0.00000,0.00000,0.00000,0.00000,0.00000,0.00000,0.00000,0.00000,0.00000,0.00000,0.00000,0.00000,0.00000,0.00000,0.00000,0.00000
GUST_PhG11_R,0.00000,0.00000,0.00000,0.00000,0.00000,0.00000,0.00000,0.00000,0.00000,0.00000,0.00000,0.00000,0.00000,0.00000,0.00000,0.00000,0.00000,0.00000,0.00000,0.00000,0.00000,0.00000,0.00000,0.00000,0.00000,0.00000,0.00000,0.00000,0.00000,0.00000,0.00000,0.00000,0.00000,0.00000,0.00000,0.00000,0.00000,0.00000,0.00000,0.00000,0.00000,0.00000,0.00000,0.00000,0.00000,0.00000,0.00000,0.00000,0.00000,0.00000,0.00000,0.00000,0.00000,0.00000,0.00000,0.00000,0.00000,0.00000,0.00000,0.00000,0.00000,0.00000,0.00000,0.00000,0.00000,0.00000,0.00000,0.00000,0.00000,0.00000,0.00000,0.00000,0.00000,0.00000,0.00000,0.00000,0.00000,0.00000,0.00000,0.00000,0.00000,0.00000,0.00000,0.00000,0.00000,0.00000,0.00000,0.00000,0.00000,0.00000,0.00000,0.00000,0.00000,0.00000,0.00000,0.00000,0.00000,0.00000,0.00000,0.00000,0.00000,0.00000,0.00000,0.00000,0.00000,0.00000,0.00000,0.00000,0.00000,0.00000,0.00000,0.00000,0.00000,0.00000,0.00000,0.00000,0.00000,0.00000,0.00000,0.00000,0.00000,0.00000,0.00000,0.00000,0.00000,0.00000,0.00000,0.00000,0.00000,0.00000,0.00000,0.00000,0.00000,0.00000,0.00000,0.00000,0.00000,0.00000,0.00000,0.00000,0.00000,0.00000,0.00000,0.00000,0.00000,0.00000,0.00000,0.00000,0.00000,0.00000,0.00000,0.00000,0.00000,0.00000,0.00000,0.00000,0.00000,0.00000,0.00000,0.00000,0.00000,0.00000,0.00000,0.00000,0.00000,0.00000,0.00000,0.00000,0.00000,0.00000,0.00000,0.00000,0.00000,0.00000,0.00000,0.00000,0.00000,0.00000,0.00000,0.00000,0.00000,0.00000,0.00000,0.00000,0.00000,0.00000,0.00000,0.00000,0.00000,0.00000,0.00000,0.00000,0.00000,0.00000,0.00000,0.00000,0.00000,0.00000,0.00000,0.00000,0.00000,0.00000,0.00000,0.00000,0.00000,0.00000,0.00000,0.00000,0.00000,0.00000,0.00000,0.00000,0.00000,0.00000,0.00000,0.00000,0.00000,0.00000,0.00000,0.00000,0.00000,0.00000,0.00000,0.00000,0.00000,0.00000,0.00000,0.00000,0.00000,0.00000,0.00000,0.00000,0.00000,0.00000,0.00000,0.00000,0.00000,0.00000,0.00000,0.00000,0.00000,0.00000,0.00000,0.00000,0.00000,0.00000,0.00000,0.00000,0.00000,0.00000,0.00000,0.00000,0.00000,0.00000,0.00000,0.00000,0.00000,0.00000,0.00000,0.00000,0.00000,0.00000,0.00000,0.00000,0.00000,0.00000,0.00000,0.00000,0.00000,0.00000,0.00000,0.00000,0.00000,0.00000,0.00000,0.00000,0.00000,0.00000,0.00000,0.00000,0.00000,0.00000,0.00000,0.00000,0.00000,0.00000,0.00000,0.00000,0.00000,0.00000,0.00000,0.00000,0.00000,0.00000,0.00000,0.00000,0.00000,0.00000,0.00000,0.00000,0.00000,0.00000,0.00000,0.00000,0.00000,0.00000,0.00000,0.00000,0.00000,0.00000,0.00000,0.00000,0.00000,0.00000,0.00000,0.00000,0.00000,0.00000,0.00000,0.00000,0.00000,0.00000
GUST_PhG12_L,0.00000,0.00000,0.00000,0.00000,0.00000,0.00000,0.00000,0.00000,0.00000,0.00000,0.00000,0.00000,0.00000,0.00000,0.00000,0.00000,0.00000,0.00000,0.00000,0.00000,0.00000,0.00000,0.00000,0.00000,0.00000,0.00000,0.00000,0.00000,0.00000,0.00000,0.00000,0.00000,0.00000,0.00000,0.00000,0.00000,0.00000,0.00000,0.00000,0.00000,0.00000,0.00000,0.00000,0.00000,0.00000,0.00000,0.00000,0.00000,0.00000,0.00000,0.00000,0.00000,0.00000,0.00000,0.00000,0.00000,0.00000,0.00000,0.00000,0.00000,0.00000,0.00000,0.00000,0.00000,0.00000,0.00000,0.00000,0.00000,0.00000,0.00000,0.00000,0.00000,0.00000,0.00000,0.00000,0.00000,0.00000,0.00000,0.00000,0.00000,0.00000,0.00000,0.00000,0.00000,0.00000,0.00000,0.00000,0.00000,0.00000,0.00000,0.00000,0.00000,0.00000,0.00000,0.00000,0.00000,0.00000,0.00000,0.00000,0.00000,0.00000,0.00000,0.00000,0.00000,0.00000,0.00000,0.00000,0.00000,0.00000,0.00000,0.00000,0.00000,0.00000,0.00000,0.00000,0.00000,0.00000,0.00000,0.00000,0.00000,0.00000,0.00000,0.00000,0.00000,0.00000,0.00000,0.00000,0.00000,0.00000,0.00000,0.00000,0.00000,0.00000,0.00000,0.00000,0.00000,0.00000,0.00000,0.00000,0.00000,0.00000,0.00000,0.00000,0.00000,0.00000,0.00000,0.00000,0.00000,0.00000,0.00000,0.00000,0.00000,0.00000,0.00000,0.00000,0.00000,0.00000,0.00000,0.00000,0.00000,0.00000,0.00000,0.00000,0.00000,0.00000,0.00000,0.00000,0.00000,0.00000,0.00000,0.00000,0.00000,0.00000,0.00000,0.00000,0.00000,0.00000,0.00000,0.00000,0.00000,0.00000,0.00000,0.00000,0.00000,0.00000,0.00000,0.00000,0.00000,0.00000,0.00000,0.00000,0.00000,0.00000,0.00000,0.00000,0.00000,0.00000,0.00000,0.00000,0.00000,0.00000,0.00000,0.00000,0.00000,0.00000,0.00000,0.00000,0.00000,0.00000,0.00000,0.00000,0.00000,0.00000,0.00000,0.00000,0.00000,0.00000,0.00000,0.00000,0.00000,0.00000,0.00000,0.00000,0.00000,0.00000,0.00000,0.00000,0.00000,0.00000,0.00000,0.00000,0.00000,0.00000,0.00000,0.00000,0.00000,0.00000,0.00000,0.00000,0.00000,0.00000,0.00000,0.00000,0.00000,0.00000,0.00000,0.00000,0.00000,0.00000,0.00000,0.00000,0.00000,0.00000,0.00000,0.00000,0.00000,0.00000,0.00000,0.00000,0.00000,0.00000,0.00000,0.00000,0.00000,0.00000,0.00000,0.00000,0.00000,0.00000,0.00000,0.00000,0.00000,0.00000,0.00000,0.00000,0.00000,0.00000,0.00000,0.00000,0.00000,0.00000,0.00000,0.00000,0.00000,0.00000,0.00000,0.00000,0.00000,0.00000,0.00000,0.00000,0.00000,0.00000,0.00000,0.00000,0.00000,0.00000,0.00000,0.00000,0.00000,0.00000,0.00000,0.00000,0.00000,0.00000,0.00000,0.00000,0.00000,0.00000,0.00000,0.00000,0.00000,0.00000,0.00000,0.00000,0.00000,0.00000,0.00000,0.00000,0.00000,0.00000,0.00000
GUST_PhG12_R,0.00000,0.00000,0.00000,0.00000,0.00000,0.00000,0.00000,0.00000,0.00000,0.00000,0.00000,0.00000,0.00000,0.00000,0.00000,0.00000,0.00000,0.00000,0.00000,0.00000,0.00000,0.00000,0.00000,0.00000,0.00000,0.00000,0.00000,0.00000,0.00000,0.00000,0.00000,0.00000,0.00000,0.00000,0.00000,0.00000,0.00000,0.00000,0.00000,0.00000,0.00000,0.00000,0.00000,0.00000,0.00000,0.00000,0.00000,0.00000,0.00000,0.00000,0.00000,0.00000,0.00000,0.00000,0.00000,0.00000,0.00000,0.00000,0.00000,0.00000,0.00000,0.00000,0.00000,0.00000,0.00000,0.00000,0.00000,0.00000,0.00000,0.00000,0.00000,0.00000,0.00000,0.00000,0.00000,0.00000,0.00000,0.00000,0.00000,0.00000,0.00000,0.00000,0.00000,0.00000,0.00000,0.00000,0.00000,0.00000,0.00000,0.00000,0.00000,0.00000,0.00000,0.00000,0.00000,0.00000,0.00000,0.00000,0.00000,0.00000,0.00000,0.00000,0.00000,0.00000,0.00000,0.00000,0.00000,0.00000,0.00000,0.00000,0.00000,0.00000,0.00000,0.00000,0.00000,0.00000,0.00000,0.00000,0.00000,0.00000,0.00000,0.00000,0.00000,0.00000,0.00000,0.00000,0.00000,0.00000,0.00000,0.00000,0.00000,0.00000,0.00000,0.00000,0.00000,0.00000,0.00000,0.00000,0.00000,0.00000,0.00000,0.00000,0.00000,0.00000,0.00000,0.00000,0.00000,0.00000,0.00000,0.00000,0.00000,0.00000,0.00000,0.00000,0.00000,0.00000,0.00000,0.00000,0.00000,0.00000,0.00000,0.00000,0.00000,0.00000,0.00000,0.00000,0.00000,0.00000,0.00000,0.00000,0.00000,0.00000,0.00000,0.00000,0.00000,0.00000,0.00000,0.00000,0.00000,0.00000,0.00000,0.00000,0.00000,0.00000,0.00000,0.00000,0.00000,0.00000,0.00000,0.00000,0.00000,0.00000,0.00000,0.00000,0.00000,0.00000,0.00000,0.00000,0.00000,0.00000,0.00000,0.00000,0.00000,0.00000,0.00000,0.00000,0.00000,0.00000,0.00000,0.00000,0.00000,0.00000,0.00000,0.00000,0.00000,0.00000,0.00000,0.00000,0.00000,0.00000,0.00000,0.00000,0.00000,0.00000,0.00000,0.00000,0.00000,0.00000,0.00000,0.00000,0.00000,0.00000,0.00000,0.00000,0.00000,0.00000,0.00000,0.00000,0.00000,0.00000,0.00000,0.00000,0.00000,0.00000,0.00000,0.00000,0.00000,0.00000,0.00000,0.00000,0.00000,0.00000,0.00000,0.00000,0.00000,0.00000,0.00000,0.00000,0.00000,0.00000,0.00000,0.00000,0.00000,0.00000,0.00000,0.00000,0.00000,0.00000,0.00000,0.00000,0.00000,0.00000,0.00000,0.00000,0.00000,0.00000,0.00000,0.00000,0.00000,0.00000,0.00000,0.00000,0.00000,0.00000,0.00000,0.00000,0.00000,0.00000,0.00000,0.00000,0.00000,0.00000,0.00000,0.00000,0.00000,0.00000,0.00000,0.00000,0.00000,0.00000,0.00000,0.00000,0.00000,0.00000,0.00000,0.00000,0.00000,0.00000,0.00000,0.00000,0.00000,0.00000,0.00000,0.00000,0.00000,0.00000,0.00000,0.00000,0.00000,0.00000,0.00000,0.00000
GUST_PhG13_L,0.50695,0.51318,0.00000,0.49567,0.49251,0.49271,0.48863,0.49964,0.48097,0.49506,0.48798,0.47241,0.47151,0.48833,0.48214,0.48966,0.48609,0.47224,0.48690,0.48094,0.47802,0.49271,0.48707,0.48306,0.48632,0.47283,0.47875,0.47110,0.48614,0.49064,0.49672,0.49489,0.49993,0.48305,0.48388,0.49582,0.48208,0.47473,0.48975,0.48362,0.47713,0.49883,0.47963,0.49249,0.49276,0.49396,0.00000,0.00000,0.48667,0.49142,0.49095,0.49587,0.47731,0.48035,0.48119,0.49808,0.49121,0.49347,0.49953,0.49391,0.48769,0.47967,0.47369,0.49686,0.49521,0.49251,0.49730,0.49911,0.48973,0.49910,0.48042,0.49269,0.48171,0.50132,0.50302,0.49425,0.49220,0.50315,0.47830,0.49394,0.48331,0.48869,0.00000,0.48518,0.48642,0.48237,0.49710,0.00000,0.00000,0.00000,0.00000,0.00000,0.00000,0.00000,0.00000,0.00000,0.00000,0.00000,0.00000,0.00000,0.00000,0.00000,0.00000,0.00000,0.00000,0.12148,0.18696,0.00000,0.00000,0.00000,0.00000,0.00000,0.00000,0.00000,0.00000,0.00000,0.00000,0.00000,0.01261,0.00000,0.00000,0.00299,0.00000,0.00000,0.04473,0.00000,0.00000,0.00266,0.03029,0.00000,0.00000,0.00277,0.00000,0.00000,0.00159,0.00000,0.00000,0.00000,0.00000,0.00000,0.00000,0.00000,0.01532,0.27143,0.10310,0.00000,0.30192,0.26166,0.19330,0.21534,0.27692,0.11928,0.34844,0.21607,0.36821,0.25430,0.37392,0.39389,0.41064,0.44645,0.34672,0.19283,0.02434,0.33904,0.43605,0.49619,0.03403,0.41249,0.44314,0.43529,0.52214,0.53562,0.11417,0.31561,0.01973,0.08487,0.36821,0.05115,0.07170,0.18677,0.26932,0.30826,0.33136,0.26911,0.19744,0.27368,0.32157,0.15732,0.28219,0.13794,0.24440,0.11174,0.14987,0.24081,0.37342,0.22244,0.22038,0.18876,0.25944,0.00000,0.00000,0.00000,0.00000,0.12623,0.06529,0.00000,0.00000,0.00000,0.00000,0.04386,0.04176,0.39752,0.06681,0.00000,0.00000,0.00000,0.00000,0.00000,0.00000,0.00000,0.00000,0.00000,0.94158,0.00000,0.00000,0.00000,0.00000,0.00000,0.00000,0.03550,0.45095,0.05198,0.05760,0.02430,0.01781,0.00000,0.00000,0.00000,0.00000,1.00000,0.94868,0.00000,0.00000,0.00000,0.00000,0.00000,0.18972,0.08533,0.05862,0.11994,0.15900,0.07370,0.10770,0.00000,0.00000,0.00000,0.00000,0.06171,0.07213,0.00000,0.00000,0.00000,0.00000,0.00000,0.00000,0.00000,0.00000,0.01763,0.01254,0.00000,0.00000,0.00000,0.00000,0.01338,0.00000,0.00000,0.00000,0.00000,0.00000,0.94180,0.94978,0.00000,0.00000,0.00000,0.00000,0.00000,0.00000,0.00306,0.00625,0.02137,0.00000,0.04899,0.48494,0.00000,0.00000,0.00000,0.00000,0.00000,0.00000,0.00000,0.00000,0.00000,0.00000,0.00000,0.00000,0.00000,0.00000,0.00000,0.00000,0.00000,0.00000,0.00000,0.00000,0.00000,0.05371,0.00609,0.44004,0.47296,0.16090,0.13183,0.58654,0.63879
GUST_PhG13_R,0.51692,0.52288,0.00000,0.50627,0.49828,0.49982,0.49754,0.50945,0.49314,0.50460,0.49514,0.48089,0.48078,0.49389,0.48711,0.49672,0.49488,0.48141,0.49499,0.49113,0.48936,0.49993,0.49509,0.49140,0.49034,0.48708,0.48874,0.48062,0.49317,0.50222,0.50508,0.50280,0.51013,0.49052,0.49360,0.50700,0.49032,0.48295,0.49775,0.49110,0.48523,0.50655,0.48503,0.49780,0.49903,0.50179,0.00000,0.00000,0.49470,0.49765,0.49862,0.50213,0.48596,0.48729,0.49228,0.50625,0.49769,0.49427,0.50253,0.50287,0.49366,0.49195,0.48228,0.50724,0.50233,0.49762,0.50511,0.50715,0.49503,0.50736,0.48992,0.49684,0.48894,0.51047,0.50947,0.50042,0.49891,0.51256,0.48956,0.50172,0.49406,0.49622,0.00000,0.49418,0.49565,0.49112,0.51007,0.00000,0.00000,0.00000,0.00000,0.00000,0.00000,0.00000,0.00000,0.00000,0.00000,0.00000,0.00000,0.00000,0.00000,0.00000,0.00000,0.00000,0.00000,0.10102,0.22844,0.00000,0.00000,0.00000,0.00000,0.00000,0.00000,0.00000,0.00000,0.00000,0.00000,0.00000,0.00899,0.00000,0.00000,0.00474,0.00000,0.00000,0.03719,0.00000,0.00000,0.00506,0.03701,0.00000,0.00000,0.00263,0.00000,0.00000,0.00000,0.00000,0.00000,0.00000,0.00000,0.00000,0.00000,0.00000,0.01092,0.22153,0.07993,0.00000,0.36549,0.23470,0.12859,0.24097,0.33099,0.07013,0.41671,0.18382,0.41560,0.24138,0.38348,0.42476,0.40969,0.46713,0.36639,0.25290,0.02120,0.32634,0.38129,0.47581,0.00746,0.39710,0.40430,0.43568,0.48113,0.51464,0.10262,0.32488,0.01216,0.08958,0.35488,0.04149,0.06648,0.16478,0.28091,0.33033,0.33189,0.31050,0.19192,0.29606,0.35234,0.16799,0.27807,0.16739,0.25356,0.11003,0.18874,0.24538,0.39198,0.19162,0.21756,0.16578,0.30026,0.00000,0.00000,0.00000,0.00000,0.13161,0.04687,0.00000,0.00000,0.00000,0.00000,0.06253,0.01323,0.45213,0.02513,0.00000,0.00000,0.00000,0.00000,0.00000,0.00000,0.00000,0.00000,0.00000,0.92272,0.00000,0.00000,0.00000,0.00000,0.00000,0.00000,0.03846,0.45609,0.05081,0.05853,0.02217,0.02538,0.00000,0.00000,0.00000,0.00000,0.94868,1.00000,0.00000,0.00000,0.00000,0.00000,0.00000,0.18560,0.08900,0.06029,0.11576,0.16451,0.07722,0.11372,0.00000,0.00000,0.00000,0.00000,0.06598,0.06968,0.00000,0.00000,0.00000,0.00000,0.00000,0.00000,0.00000,0.00000,0.01536,0.01093,0.00000,0.00000,0.00000,0.00000,0.01526,0.00000,0.00000,0.00000,0.00000,0.00000,0.92694,0.94003,0.00000,0.00000,0.00000,0.00000,0.00000,0.00000,0.00291,0.00198,0.02585,0.00000,0.05274,0.50106,0.00000,0.00000,0.00000,0.00000,0.00000,0.00000,0.00000,0.00000,0.00000,0.00000,0.00000,0.00000,0.00000,0.00000,0.00000,0.00000,0.00000,0.00000,0.00000,0.00000,0.00000,0.05239,0.00790,0.44753,0.48327,0.17683,0.15977,0.59561,0.64882
GUST_PhG14_L,0.00000,0.00000,0.00000,0.00000,0.00000,0.00000,0.00000,0.00000,0.00000,0.00000,0.00000,0.00000,0.00000,0.00000,0.00000,0.00000,0.00000,0.00000,0.00000,0.00000,0.00000,0.00000,0.00000,0.00000,0.00000,0.00000,0.00000,0.00000,0.00000,0.00000,0.00000,0.00000,0.00000,0.00000,0.00000,0.00000,0.00000,0.00000,0.00000,0.00000,0.00000,0.00000,0.00000,0.00000,0.00000,0.00000,0.00000,0.00000,0.00000,0.00000,0.00000,0.00000,0.00000,0.00000,0.00000,0.00000,0.00000,0.00000,0.00000,0.00000,0.00000,0.00000,0.00000,0.00000,0.00000,0.00000,0.00000,0.00000,0.00000,0.00000,0.00000,0.00000,0.00000,0.00000,0.00000,0.00000,0.00000,0.00000,0.00000,0.00000,0.00000,0.00000,0.00000,0.00000,0.00000,0.00000,0.00000,0.00000,0.00000,0.00000,0.00000,0.00000,0.00000,0.00000,0.00000,0.00000,0.00000,0.00000,0.00000,0.00000,0.00000,0.00000,0.00000,0.00000,0.00000,0.00000,0.00000,0.00000,0.00000,0.00000,0.00000,0.00000,0.00000,0.00000,0.00000,0.00000,0.00000,0.00000,0.00000,0.00000,0.00000,0.00000,0.00000,0.00000,0.00000,0.00000,0.00000,0.00000,0.00000,0.00000,0.00000,0.00000,0.00000,0.00000,0.00000,0.00000,0.00000,0.00000,0.00000,0.00000,0.00000,0.00000,0.00000,0.00000,0.00000,0.00000,0.00000,0.00000,0.00000,0.00000,0.00000,0.00000,0.00000,0.00000,0.00000,0.00000,0.00000,0.00000,0.00000,0.00000,0.00000,0.00000,0.00000,0.00000,0.00000,0.00000,0.00000,0.00000,0.00000,0.00000,0.00000,0.00000,0.00000,0.00000,0.00000,0.00000,0.00000,0.00000,0.00000,0.00000,0.00000,0.00000,0.00000,0.00000,0.00000,0.00000,0.00000,0.00000,0.00000,0.00000,0.00000,0.00000,0.00000,0.00000,0.00000,0.00000,0.00000,0.00000,0.00000,0.00000,0.00000,0.00000,0.00000,0.00000,0.00000,0.00000,0.00000,0.00000,0.00000,0.00000,0.00000,0.00000,0.00000,0.00000,0.00000,0.00000,0.00000,0.00000,0.00000,0.00000,0.00000,0.00000,0.00000,0.00000,0.00000,0.00000,0.00000,0.00000,0.00000,0.00000,0.00000,0.00000,0.00000,0.00000,0.00000,0.00000,0.00000,0.00000,0.00000,0.00000,0.00000,0.00000,0.00000,0.00000,0.00000,0.00000,0.00000,0.00000,0.00000,0.00000,0.00000,0.00000,0.00000,0.00000,0.00000,0.00000,0.00000,0.00000,0.00000,0.00000,0.00000,0.00000,0.00000,0.00000,0.00000,0.00000,0.00000,0.00000,0.00000,0.00000,0.00000,0.00000,0.00000,0.00000,0.00000,0.00000,0.00000,0.00000,0.00000,0.00000,0.00000,0.00000,0.00000,0.00000,0.00000,0.00000,0.00000,0.00000,0.00000,0.00000,0.00000,0.00000,0.00000,0.00000,0.00000,0.00000,0.00000,0.00000,0.00000,0.00000,0.00000,0.00000,0.00000,0.00000,0.00000,0.00000,0.00000,0.00000,0.00000,0.00000,0.00000,0.00000,0.00000,0.00000,0.00000,0.00000,0.00000,0.00000,0.00000,0.00000,0.00000,0.00000
GUST_PhG14_R,0.00000,0.00000,0.00000,0.00000,0.00000,0.00000,0.00000,0.00000,0.00000,0.00000,0.00000,0.00000,0.00000,0.00000,0.00000,0.00000,0.00000,0.00000,0.00000,0.00000,0.00000,0.00000,0.00000,0.00000,0.00000,0.00000,0.00000,0.00000,0.00000,0.00000,0.00000,0.00000,0.00000,0.00000,0.00000,0.00000,0.00000,0.00000,0.00000,0.00000,0.00000,0.00000,0.00000,0.00000,0.00000,0.00000,0.00000,0.00000,0.00000,0.00000,0.00000,0.00000,0.00000,0.00000,0.00000,0.00000,0.00000,0.00000,0.00000,0.00000,0.00000,0.00000,0.00000,0.00000,0.00000,0.00000,0.00000,0.00000,0.00000,0.00000,0.00000,0.00000,0.00000,0.00000,0.00000,0.00000,0.00000,0.00000,0.00000,0.00000,0.00000,0.00000,0.00000,0.00000,0.00000,0.00000,0.00000,0.00000,0.00000,0.00000,0.00000,0.00000,0.00000,0.00000,0.00000,0.00000,0.00000,0.00000,0.00000,0.00000,0.00000,0.00000,0.00000,0.00000,0.00000,0.00000,0.00000,0.00000,0.00000,0.00000,0.00000,0.00000,0.00000,0.00000,0.00000,0.00000,0.00000,0.00000,0.00000,0.00000,0.00000,0.00000,0.00000,0.00000,0.00000,0.00000,0.00000,0.00000,0.00000,0.00000,0.00000,0.00000,0.00000,0.00000,0.00000,0.00000,0.00000,0.00000,0.00000,0.00000,0.00000,0.00000,0.00000,0.00000,0.00000,0.00000,0.00000,0.00000,0.00000,0.00000,0.00000,0.00000,0.00000,0.00000,0.00000,0.00000,0.00000,0.00000,0.00000,0.00000,0.00000,0.00000,0.00000,0.00000,0.00000,0.00000,0.00000,0.00000,0.00000,0.00000,0.00000,0.00000,0.00000,0.00000,0.00000,0.00000,0.00000,0.00000,0.00000,0.00000,0.00000,0.00000,0.00000,0.00000,0.00000,0.00000,0.00000,0.00000,0.00000,0.00000,0.00000,0.00000,0.00000,0.00000,0.00000,0.00000,0.00000,0.00000,0.00000,0.00000,0.00000,0.00000,0.00000,0.00000,0.00000,0.00000,0.00000,0.00000,0.00000,0.00000,0.00000,0.00000,0.00000,0.00000,0.00000,0.00000,0.00000,0.00000,0.00000,0.00000,0.00000,0.00000,0.00000,0.00000,0.00000,0.00000,0.00000,0.00000,0.00000,0.00000,0.00000,0.00000,0.00000,0.00000,0.00000,0.00000,0.00000,0.00000,0.00000,0.00000,0.00000,0.00000,0.00000,0.00000,0.00000,0.00000,0.00000,0.00000,0.00000,0.00000,0.00000,0.00000,0.00000,0.00000,0.00000,0.00000,0.00000,0.00000,0.00000,0.00000,0.00000,0.00000,0.00000,0.00000,0.00000,0.00000,0.00000,0.00000,0.00000,0.00000,0.00000,0.00000,0.00000,0.00000,0.00000,0.00000,0.00000,0.00000,0.00000,0.00000,0.00000,0.00000,0.00000,0.00000,0.00000,0.00000,0.00000,0.00000,0.00000,0.00000,0.00000,0.00000,0.00000,0.00000,0.00000,0.00000,0.00000,0.00000,0.00000,0.00000,0.00000,0.00000,0.00000,0.00000,0.00000,0.00000,0.00000,0.00000,0.00000,0.00000,0.00000,0.00000,0.00000,0.00000,0.00000,0.00000,0.00000,0.00000,0.00000,0.00000,0.00000,0.00000
GUST_PhG15_L,0.00000,0.00000,0.00000,0.00000,0.00000,0.00000,0.00000,0.00000,0.00000,0.00000,0.00000,0.00000,0.00000,0.00000,0.00000,0.00000,0.00000,0.00000,0.00000,0.00000,0.00000,0.00000,0.00000,0.00000,0.00000,0.00000,0.00000,0.00000,0.00000,0.00000,0.00000,0.00000,0.00000,0.00000,0.00000,0.00000,0.00000,0.00000,0.00000,0.00000,0.00000,0.00000,0.00000,0.00000,0.00000,0.00000,0.00000,0.00000,0.00000,0.00000,0.00000,0.00000,0.00000,0.00000,0.00000,0.00000,0.00000,0.00000,0.00000,0.00000,0.00000,0.00000,0.00000,0.00000,0.00000,0.00000,0.00000,0.00000,0.00000,0.00000,0.00000,0.00000,0.00000,0.00000,0.00000,0.00000,0.00000,0.00000,0.00000,0.00000,0.00000,0.00000,0.00000,0.00000,0.00000,0.00000,0.00000,0.00000,0.00000,0.00000,0.00000,0.00000,0.00000,0.00000,0.00000,0.00000,0.00000,0.00000,0.00000,0.00000,0.00000,0.00000,0.00000,0.00000,0.00000,0.00000,0.00000,0.00000,0.00000,0.00000,0.00000,0.00000,0.00000,0.00000,0.00000,0.00000,0.00000,0.00000,0.00000,0.00000,0.00000,0.00000,0.00000,0.00000,0.00000,0.00000,0.00000,0.00000,0.00000,0.00000,0.00000,0.00000,0.00000,0.00000,0.00000,0.00000,0.00000,0.00000,0.00000,0.00000,0.00000,0.00000,0.00000,0.00000,0.00000,0.00000,0.00000,0.00000,0.00000,0.00000,0.00000,0.00000,0.00000,0.00000,0.00000,0.00000,0.00000,0.00000,0.00000,0.00000,0.00000,0.00000,0.00000,0.00000,0.00000,0.00000,0.00000,0.00000,0.00000,0.00000,0.00000,0.00000,0.00000,0.00000,0.00000,0.00000,0.00000,0.00000,0.00000,0.00000,0.00000,0.00000,0.00000,0.00000,0.00000,0.00000,0.00000,0.00000,0.00000,0.00000,0.00000,0.00000,0.00000,0.00000,0.00000,0.00000,0.00000,0.00000,0.00000,0.00000,0.00000,0.00000,0.00000,0.00000,0.00000,0.00000,0.00000,0.00000,0.00000,0.00000,0.00000,0.00000,0.00000,0.00000,0.00000,0.00000,0.00000,0.00000,0.00000,0.00000,0.00000,0.00000,0.00000,0.00000,0.00000,0.00000,0.00000,0.00000,0.00000,0.00000,0.00000,0.00000,0.00000,0.00000,0.00000,0.00000,0.00000,0.00000,0.00000,0.00000,0.00000,0.00000,0.00000,0.00000,0.00000,0.00000,0.00000,0.00000,0.00000,0.00000,0.00000,0.00000,0.00000,0.00000,0.00000,0.00000,0.00000,0.00000,0.00000,0.00000,0.00000,0.00000,0.00000,0.00000,0.00000,0.00000,0.00000,0.00000,0.00000,0.00000,0.00000,0.00000,0.00000,0.00000,0.00000,0.00000,0.00000,0.00000,0.00000,0.00000,0.00000,0.00000,0.00000,0.00000,0.00000,0.00000,0.00000,0.00000,0.00000,0.00000,0.00000,0.00000,0.00000,0.00000,0.00000,0.00000,0.00000,0.00000,0.00000,0.00000,0.00000,0.00000,0.00000,0.00000,0.00000,0.00000,0.00000,0.00000,0.00000,0.00000,0.00000,0.00000,0.00000,0.00000,0.00000,0.00000,0.00000,0.00000,0.00000,0.00000,0.00000,0.00000
GUST_PhG15_R,0.00000,0.00000,0.00000,0.00000,0.00000,0.00000,0.00000,0.00000,0.00000,0.00000,0.00000,0.00000,0.00000,0.00000,0.00000,0.00000,0.00000,0.00000,0.00000,0.00000,0.00000,0.00000,0.00000,0.00000,0.00000,0.00000,0.00000,0.00000,0.00000,0.00000,0.00000,0.00000,0.00000,0.00000,0.00000,0.00000,0.00000,0.00000,0.00000,0.00000,0.00000,0.00000,0.00000,0.00000,0.00000,0.00000,0.00000,0.00000,0.00000,0.00000,0.00000,0.00000,0.00000,0.00000,0.00000,0.00000,0.00000,0.00000,0.00000,0.00000,0.00000,0.00000,0.00000,0.00000,0.00000,0.00000,0.00000,0.00000,0.00000,0.00000,0.00000,0.00000,0.00000,0.00000,0.00000,0.00000,0.00000,0.00000,0.00000,0.00000,0.00000,0.00000,0.00000,0.00000,0.00000,0.00000,0.00000,0.00000,0.00000,0.00000,0.00000,0.00000,0.00000,0.00000,0.00000,0.00000,0.00000,0.00000,0.00000,0.00000,0.00000,0.00000,0.00000,0.00000,0.00000,0.00000,0.00000,0.00000,0.00000,0.00000,0.00000,0.00000,0.00000,0.00000,0.00000,0.00000,0.00000,0.00000,0.00000,0.00000,0.00000,0.00000,0.00000,0.00000,0.00000,0.00000,0.00000,0.00000,0.00000,0.00000,0.00000,0.00000,0.00000,0.00000,0.00000,0.00000,0.00000,0.00000,0.00000,0.00000,0.00000,0.00000,0.00000,0.00000,0.00000,0.00000,0.00000,0.00000,0.00000,0.00000,0.00000,0.00000,0.00000,0.00000,0.00000,0.00000,0.00000,0.00000,0.00000,0.00000,0.00000,0.00000,0.00000,0.00000,0.00000,0.00000,0.00000,0.00000,0.00000,0.00000,0.00000,0.00000,0.00000,0.00000,0.00000,0.00000,0.00000,0.00000,0.00000,0.00000,0.00000,0.00000,0.00000,0.00000,0.00000,0.00000,0.00000,0.00000,0.00000,0.00000,0.00000,0.00000,0.00000,0.00000,0.00000,0.00000,0.00000,0.00000,0.00000,0.00000,0.00000,0.00000,0.00000,0.00000,0.00000,0.00000,0.00000,0.00000,0.00000,0.00000,0.00000,0.00000,0.00000,0.00000,0.00000,0.00000,0.00000,0.00000,0.00000,0.00000,0.00000,0.00000,0.00000,0.00000,0.00000,0.00000,0.00000,0.00000,0.00000,0.00000,0.00000,0.00000,0.00000,0.00000,0.00000,0.00000,0.00000,0.00000,0.00000,0.00000,0.00000,0.00000,0.00000,0.00000,0.00000,0.00000,0.00000,0.00000,0.00000,0.00000,0.00000,0.00000,0.00000,0.00000,0.00000,0.00000,0.00000,0.00000,0.00000,0.00000,0.00000,0.00000,0.00000,0.00000,0.00000,0.00000,0.00000,0.00000,0.00000,0.00000,0.00000,0.00000,0.00000,0.00000,0.00000,0.00000,0.00000,0.00000,0.00000,0.00000,0.00000,0.00000,0.00000,0.00000,0.00000,0.00000,0.00000,0.00000,0.00000,0.00000,0.00000,0.00000,0.00000,0.00000,0.00000,0.00000,0.00000,0.00000,0.00000,0.00000,0.00000,0.00000,0.00000,0.00000,0.00000,0.00000,0.00000,0.00000,0.00000,0.00000,0.00000,0.00000,0.00000,0.00000,0.00000,0.00000,0.00000,0.00000,0.00000,0.00000,0.00000,0.00000
GUST_PhG16_L,0.00000,0.00000,0.00000,0.00000,0.00000,0.00000,0.00000,0.00000,0.00000,0.00000,0.00000,0.00000,0.00000,0.00000,0.00000,0.00000,0.00000,0.00000,0.00000,0.00000,0.00000,0.00000,0.00000,0.00000,0.00000,0.00000,0.00000,0.00000,0.00000,0.00000,0.00000,0.00000,0.00000,0.00000,0.00000,0.00000,0.00000,0.00000,0.00000,0.00000,0.00000,0.00000,0.00000,0.00000,0.00000,0.00000,0.00000,0.00000,0.00000,0.00000,0.00000,0.00000,0.00000,0.00000,0.00000,0.00000,0.00000,0.00000,0.00000,0.00000,0.00000,0.00000,0.00000,0.00000,0.00000,0.00000,0.00000,0.00000,0.00000,0.00000,0.00000,0.00000,0.00000,0.00000,0.00000,0.00000,0.00000,0.00000,0.00000,0.00000,0.00000,0.00000,0.00000,0.00000,0.00000,0.00000,0.00000,0.00000,0.00000,0.00000,0.00000,0.00000,0.00000,0.00000,0.00000,0.00000,0.00000,0.00000,0.00000,0.00000,0.00000,0.00000,0.00000,0.00000,0.00000,0.00000,0.00000,0.00000,0.00000,0.00000,0.00000,0.00000,0.00000,0.00000,0.00000,0.00000,0.00000,0.00000,0.00000,0.00000,0.00000,0.00000,0.00000,0.00000,0.00000,0.00000,0.00000,0.00000,0.00000,0.00000,0.00000,0.00000,0.00000,0.00000,0.00000,0.00000,0.00000,0.00000,0.00000,0.00000,0.00000,0.00000,0.00000,0.00000,0.00000,0.00000,0.00000,0.00000,0.00000,0.00000,0.00000,0.00000,0.00000,0.00000,0.00000,0.00000,0.00000,0.00000,0.00000,0.00000,0.00000,0.00000,0.00000,0.00000,0.00000,0.00000,0.00000,0.00000,0.00000,0.00000,0.00000,0.00000,0.00000,0.00000,0.00000,0.00000,0.00000,0.00000,0.00000,0.00000,0.00000,0.00000,0.00000,0.00000,0.00000,0.00000,0.00000,0.00000,0.00000,0.00000,0.00000,0.00000,0.00000,0.00000,0.00000,0.00000,0.00000,0.00000,0.00000,0.00000,0.00000,0.00000,0.00000,0.00000,0.00000,0.00000,0.00000,0.00000,0.00000,0.00000,0.00000,0.00000,0.00000,0.00000,0.00000,0.00000,0.00000,0.00000,0.00000,0.00000,0.00000,0.00000,0.00000,0.00000,0.00000,0.00000,0.00000,0.00000,0.00000,0.00000,0.00000,0.00000,0.00000,0.00000,0.00000,0.00000,0.00000,0.00000,0.00000,0.00000,0.00000,0.00000,0.00000,0.00000,0.00000,0.00000,0.00000,0.00000,0.00000,0.00000,0.00000,0.00000,0.00000,0.00000,0.00000,0.00000,0.00000,0.00000,0.00000,0.00000,0.00000,0.00000,0.00000,0.00000,0.00000,0.00000,0.00000,0.00000,0.00000,0.00000,0.00000,0.00000,0.00000,0.00000,0.00000,0.00000,0.00000,0.00000,0.00000,0.00000,0.00000,0.00000,0.00000,0.00000,0.00000,0.00000,0.00000,0.00000,0.00000,0.00000,0.00000,0.00000,0.00000,0.00000,0.00000,0.00000,0.00000,0.00000,0.00000,0.00000,0.00000,0.00000,0.00000,0.00000,0.00000,0.00000,0.00000,0.00000,0.00000,0.00000,0.00000,0.00000,0.00000,0.00000,0.00000,0.00000,0.00000,0.00000,0.00000,0.00000,0.00000,0.00000
GUST_PhG16_R,0.03452,0.03616,0.00000,0.02429,0.03122,0.02643,0.02066,0.04067,0.03563,0.02736,0.03078,0.02673,0.02337,0.02493,0.03353,0.03182,0.02348,0.01938,0.03087,0.02186,0.02331,0.02463,0.04285,0.02547,0.03663,0.05134,0.02729,0.02964,0.03075,0.03090,0.03393,0.01751,0.02886,0.03511,0.04792,0.04573,0.03612,0.02738,0.03563,0.02713,0.03569,0.03202,0.02958,0.01858,0.02369,0.02771,0.00000,0.00000,0.03134,0.03215,0.02474,0.03509,0.02757,0.02722,0.03134,0.02721,0.02764,0.02474,0.02425,0.02282,0.02399,0.02757,0.02284,0.02284,0.02703,0.03745,0.04105,0.02707,0.02216,0.02656,0.03428,0.02846,0.03372,0.03184,0.03443,0.03014,0.02607,0.02632,0.02913,0.02386,0.02165,0.02331,0.00000,0.03876,0.02236,0.02705,0.03817,0.00000,0.00000,0.00000,0.00000,0.00000,0.00000,0.00000,0.00000,0.00000,0.00000,0.00000,0.00000,0.00000,0.00000,0.00000,0.00000,0.00000,0.00000,0.00000,0.00000,0.00000,0.00000,0.00000,0.00000,0.00000,0.00000,0.00000,0.00000,0.00000,0.00000,0.00000,0.00000,0.00000,0.00000,0.00000,0.00000,0.00000,0.00000,0.00000,0.00000,0.00000,0.00000,0.00000,0.00000,0.00000,0.00000,0.00000,0.01020,0.00000,0.00000,0.00000,0.00000,0.00000,0.00000,0.00000,0.00000,0.00000,0.01158,0.00000,0.05751,0.16639,0.01650,0.00000,0.06291,0.10028,0.06088,0.12214,0.05356,0.14102,0.01203,0.11756,0.21716,0.15484,0.13249,0.00000,0.00000,0.04334,0.13104,0.07766,0.00000,0.05143,0.14132,0.11116,0.19848,0.17131,0.00000,0.00000,0.00000,0.00000,0.00000,0.00000,0.00000,0.06462,0.09705,0.16037,0.12366,0.01470,0.09065,0.00697,0.02122,0.01325,0.07853,0.00000,0.03188,0.00000,0.00000,0.10662,0.07547,0.01065,0.00000,0.00195,0.00306,0.00000,0.00000,0.00000,0.00000,0.02615,0.03634,0.00000,0.00000,0.00000,0.00000,0.00000,0.08909,0.18947,0.08018,0.00000,0.00000,0.00000,0.00000,0.00000,0.00000,0.00000,0.00000,0.00000,0.15897,0.00000,0.00000,0.00000,0.00000,0.00000,0.00000,0.27609,0.12631,0.23448,0.25549,0.13685,0.17094,0.00000,0.00000,0.00000,0.00000,0.18972,0.18560,0.00000,0.00000,0.00000,0.00000,0.00000,1.00000,0.35966,0.29121,0.55174,0.64430,0.37047,0.48825,0.00000,0.00000,0.00000,0.00000,0.31195,0.37540,0.00000,0.00000,0.00000,0.00000,0.00000,0.00000,0.00000,0.00000,0.16924,0.13380,0.00000,0.00000,0.00000,0.00000,0.08564,0.00000,0.00000,0.00000,0.00000,0.00000,0.19445,0.22678,0.00000,0.00000,0.00000,0.00000,0.00000,0.00000,0.04575,0.13330,0.37302,0.23007,0.31520,0.11603,0.00000,0.00000,0.00000,0.00000,0.00000,0.00000,0.00000,0.00000,0.00000,0.00000,0.00000,0.00000,0.00000,0.00000,0.00000,0.00000,0.00000,0.00000,0.00000,0.00000,0.00000,0.00182,0.00000,0.04808,0.03118,0.08054,0.03096,0.04973,0.04587
GUST_PhG1a_L,0.05678,0.05457,0.00000,0.04788,0.05101,0.04991,0.04591,0.05831,0.05627,0.04882,0.05540,0.05176,0.05076,0.04658,0.05932,0.05428,0.04679,0.04579,0.05572,0.04838,0.04578,0.05077,0.06060,0.05129,0.05823,0.06303,0.05348,0.05391,0.05286,0.05138,0.05280,0.04485,0.05078,0.05847,0.06077,0.06004,0.06086,0.05076,0.05649,0.05289,0.06147,0.05366,0.05404,0.04538,0.04985,0.04988,0.00000,0.00000,0.05470,0.05188,0.05024,0.05720,0.05288,0.05165,0.05384,0.05180,0.05293,0.04998,0.05126,0.05007,0.05047,0.05164,0.04902,0.04757,0.05192,0.05872,0.05580,0.05039,0.04512,0.04827,0.05682,0.05483,0.05861,0.05685,0.05493,0.05127,0.05210,0.05129,0.05527,0.04625,0.04685,0.05053,0.00000,0.06000,0.04881,0.05204,0.05442,0.00000,0.00000,0.00000,0.00000,0.00000,0.00000,0.00000,0.00000,0.00000,0.00000,0.00000,0.00000,0.00000,0.00000,0.00000,0.00000,0.00000,0.00000,0.00000,0.00000,0.00000,0.00000,0.00000,0.00000,0.00000,0.00000,0.00000,0.00000,0.00000,0.00000,0.00000,0.00000,0.00000,0.00000,0.00000,0.00000,0.00000,0.00000,0.00000,0.00000,0.00000,0.00000,0.00000,0.00560,0.00000,0.00000,0.00000,0.00127,0.00000,0.00000,0.00000,0.00000,0.00000,0.03655,0.00000,0.02591,0.00889,0.01763,0.00000,0.04065,0.08893,0.00205,0.00406,0.02924,0.01930,0.04264,0.03526,0.04028,0.04907,0.01346,0.03329,0.08655,0.05491,0.04941,0.00226,0.00430,0.04118,0.04997,0.05038,0.00000,0.03410,0.06384,0.06148,0.09885,0.07640,0.00328,0.00261,0.00000,0.00000,0.00104,0.00000,0.00104,0.02882,0.04240,0.07407,0.04695,0.01512,0.02058,0.00585,0.01099,0.01252,0.04171,0.00256,0.01430,0.00000,0.00048,0.05185,0.03868,0.00439,0.00015,0.01012,0.00583,0.00000,0.00000,0.00000,0.00000,0.01138,0.00819,0.00000,0.00000,0.00000,0.00000,0.00000,0.01108,0.07992,0.01994,0.00000,0.00000,0.00000,0.00000,0.00000,0.00000,0.00000,0.00000,0.00000,0.05300,0.00000,0.00000,0.00000,0.00000,0.00000,0.00000,0.79499,0.30003,0.92893,0.95699,0.80081,0.71904,0.00000,0.00000,0.00000,0.00000,0.08533,0.08900,0.00000,0.00000,0.00000,0.00000,0.00000,0.35966,1.00000,0.95770,0.84216,0.67189,0.98455,0.95656,0.00000,0.00000,0.00000,0.08223,0.95465,0.96624,0.15272,0.00000,0.00000,0.00000,0.00000,0.00000,0.00000,0.00000,0.24986,0.22956,0.00000,0.00000,0.00000,0.00000,0.11924,0.00000,0.00000,0.00000,0.00000,0.00000,0.07189,0.09241,0.00000,0.00000,0.00000,0.00000,0.00000,0.00000,0.08045,0.11021,0.24734,0.32978,0.82210,0.05349,0.00000,0.00000,0.00000,0.00000,0.00000,0.00000,0.00000,0.00000,0.00000,0.00000,0.00000,0.00000,0.00000,0.00000,0.00000,0.00000,0.00000,0.00000,0.00000,0.00000,0.00000,0.00690,0.04364,0.20124,0.18921,0.02933,0.01155,0.05735,0.05095
GUST_PhG1a_R,0.03789,0.03657,0.00000,0.03115,0.03398,0.03266,0.02997,0.03986,0.03745,0.03196,0.03704,0.03364,0.03307,0.03030,0.03933,0.03593,0.03068,0.02918,0.03708,0.03132,0.02973,0.03347,0.04074,0.03354,0.03867,0.04327,0.03535,0.03546,0.03491,0.03382,0.03488,0.02853,0.03374,0.03929,0.04090,0.04063,0.04092,0.03318,0.03752,0.03461,0.04177,0.03567,0.03569,0.02934,0.03246,0.03298,0.00000,0.00000,0.03666,0.03413,0.03265,0.03831,0.03469,0.03364,0.03617,0.03373,0.03498,0.03265,0.03306,0.03231,0.03247,0.03389,0.03128,0.03054,0.03423,0.03990,0.03680,0.03266,0.02878,0.03143,0.03792,0.03630,0.03916,0.03795,0.03679,0.03405,0.03413,0.03395,0.03654,0.02994,0.03055,0.03278,0.00000,0.04074,0.03146,0.03413,0.03649,0.00000,0.00000,0.00000,0.00000,0.00000,0.00000,0.00000,0.00000,0.00000,0.00000,0.00000,0.00000,0.00000,0.00000,0.00000,0.00000,0.00000,0.00000,0.00000,0.00000,0.00000,0.00000,0.00000,0.00000,0.00000,0.00000,0.00000,0.00000,0.00000,0.00000,0.00000,0.00000,0.00000,0.00000,0.00000,0.00000,0.00000,0.00000,0.00000,0.00000,0.00000,0.00000,0.00000,0.00353,0.00000,0.00000,0.00000,0.00080,0.00000,0.00000,0.00000,0.00000,0.00000,0.02305,0.00000,0.01538,0.00000,0.01135,0.00000,0.03491,0.05984,0.00194,0.00512,0.02573,0.01420,0.03643,0.02354,0.03332,0.03916,0.01391,0.02458,0.05759,0.03752,0.03203,0.00286,0.00271,0.02645,0.03358,0.03667,0.00000,0.02285,0.04303,0.04425,0.06550,0.05201,0.00207,0.00000,0.00000,0.00000,0.00000,0.00000,0.00000,0.02001,0.03054,0.05410,0.03023,0.01257,0.01368,0.00451,0.00582,0.00976,0.02743,0.00343,0.00821,0.00000,0.00000,0.03503,0.02485,0.00345,0.00019,0.00581,0.00288,0.00000,0.00000,0.00000,0.00000,0.01271,0.00855,0.00000,0.00000,0.00000,0.00000,0.00000,0.00698,0.06472,0.01048,0.00000,0.00000,0.00000,0.00000,0.00000,0.00000,0.00000,0.00000,0.00000,0.03852,0.00000,0.00000,0.00000,0.00000,0.00000,0.00000,0.70329,0.27243,0.95101,0.97666,0.89445,0.76840,0.00000,0.00000,0.00000,0.00000,0.05862,0.06029,0.00000,0.00000,0.00000,0.00000,0.00000,0.29121,0.95770,1.00000,0.70718,0.52640,0.92984,0.88771,0.00000,0.00000,0.00000,0.07408,0.97550,0.95239,0.07408,0.00000,0.00000,0.00000,0.00000,0.00000,0.00000,0.00000,0.28344,0.26435,0.00000,0.00000,0.00000,0.00000,0.08863,0.00000,0.00000,0.00000,0.00000,0.00000,0.04975,0.06223,0.00000,0.00000,0.00000,0.00000,0.00000,0.00000,0.04766,0.07107,0.15696,0.35121,0.70960,0.03715,0.00000,0.00000,0.00000,0.00000,0.00000,0.00000,0.00000,0.00000,0.00000,0.00000,0.00000,0.00000,0.00000,0.00000,0.00000,0.00000,0.00000,0.00000,0.00000,0.00000,0.00000,0.00114,0.05504,0.20758,0.19693,0.02300,0.01153,0.03698,0.03331
GUST_PhG1b_L,0.04885,0.04837,0.00000,0.03863,0.04320,0.04205,0.03794,0.05418,0.04897,0.04043,0.04741,0.04147,0.04213,0.03915,0.05024,0.04617,0.03811,0.03754,0.04727,0.04037,0.03731,0.04526,0.05194,0.04063,0.05031,0.05560,0.04539,0.04479,0.04401,0.04259,0.04452,0.03570,0.04425,0.05285,0.05449,0.05422,0.05480,0.04160,0.04873,0.04390,0.05350,0.04615,0.04924,0.03610,0.04167,0.04272,0.00000,0.00000,0.04820,0.04431,0.04109,0.05041,0.04519,0.04505,0.04525,0.04417,0.04552,0.04223,0.04231,0.04057,0.04113,0.04293,0.03857,0.03836,0.04335,0.05373,0.04848,0.04319,0.03652,0.04290,0.04690,0.04735,0.04970,0.04984,0.04882,0.04348,0.04290,0.04464,0.04449,0.03795,0.03886,0.04281,0.00000,0.05471,0.04047,0.04347,0.04859,0.00000,0.00000,0.00000,0.00000,0.00000,0.00000,0.00000,0.00000,0.00000,0.00000,0.00000,0.00000,0.00000,0.00000,0.00000,0.00000,0.00000,0.00000,0.00000,0.00000,0.00000,0.00000,0.00000,0.00000,0.00000,0.00000,0.00000,0.00000,0.00000,0.00000,0.00000,0.00000,0.00000,0.00000,0.00107,0.00000,0.00000,0.00000,0.00000,0.00000,0.00000,0.00000,0.00000,0.00000,0.00000,0.00000,0.00000,0.00343,0.00000,0.00000,0.00000,0.00000,0.00000,0.00000,0.00000,0.00000,0.00000,0.00486,0.00000,0.06815,0.15610,0.01800,0.01096,0.05557,0.05052,0.07258,0.06362,0.06209,0.09439,0.03130,0.05922,0.14640,0.09396,0.08250,0.00918,0.00000,0.06134,0.08670,0.07711,0.01969,0.06103,0.10679,0.08974,0.15773,0.10938,0.00739,0.00000,0.00628,0.00000,0.00000,0.00666,0.00000,0.04476,0.05279,0.12056,0.07435,0.03635,0.04821,0.00937,0.01722,0.02358,0.07552,0.00605,0.03097,0.00000,0.00000,0.07951,0.04957,0.01163,0.00040,0.01146,0.00718,0.00000,0.00000,0.00000,0.00000,0.02942,0.02402,0.00000,0.00000,0.00000,0.00000,0.00000,0.02992,0.12272,0.04189,0.00000,0.00000,0.00000,0.00000,0.00000,0.00000,0.00000,0.00000,0.00000,0.07523,0.00000,0.00000,0.00000,0.00000,0.00000,0.00000,0.74827,0.28339,0.70502,0.71952,0.48049,0.45927,0.00000,0.00000,0.00000,0.00000,0.11994,0.11576,0.00000,0.00000,0.00000,0.00000,0.00000,0.55174,0.84216,0.70718,1.00000,0.85137,0.87094,0.90722,0.00000,0.00000,0.00000,0.06347,0.71715,0.80842,0.25387,0.00000,0.00000,0.00000,0.00000,0.00000,0.00000,0.00000,0.15078,0.14267,0.00000,0.00000,0.00000,0.00000,0.13517,0.00000,0.00000,0.00000,0.00000,0.00000,0.10655,0.12165,0.00000,0.00000,0.00000,0.00000,0.00000,0.00000,0.09658,0.13654,0.32572,0.20453,0.81521,0.07794,0.00000,0.00000,0.00000,0.00000,0.00000,0.00000,0.00000,0.00000,0.00000,0.00000,0.00000,0.00000,0.00000,0.00000,0.00000,0.00000,0.00000,0.00000,0.00000,0.00000,0.00000,0.00153,0.03989,0.12074,0.11308,0.05990,0.03120,0.05299,0.04622
GUST_PhG1b_R,0.07462,0.07106,0.00000,0.05951,0.06612,0.06344,0.05704,0.07771,0.07430,0.06113,0.06994,0.06353,0.06220,0.05843,0.07653,0.06954,0.05806,0.05577,0.07119,0.05958,0.05659,0.06366,0.08083,0.06290,0.07633,0.08634,0.06770,0.06800,0.06741,0.06556,0.06822,0.05461,0.06431,0.07572,0.08403,0.08177,0.07918,0.06359,0.07360,0.06633,0.07846,0.06951,0.06917,0.05482,0.06203,0.06350,0.00000,0.00000,0.07080,0.06776,0.06188,0.07472,0.06729,0.06578,0.06847,0.06598,0.06723,0.06233,0.06338,0.06201,0.06174,0.06444,0.05956,0.05820,0.06540,0.07806,0.07429,0.06339,0.05535,0.06013,0.07320,0.06978,0.07537,0.07302,0.07073,0.06560,0.06527,0.06546,0.06876,0.05728,0.05795,0.06263,0.00000,0.07882,0.06032,0.06558,0.07203,0.00000,0.00000,0.00000,0.00000,0.00000,0.00000,0.00000,0.00000,0.00000,0.00000,0.00000,0.00000,0.00000,0.00000,0.00000,0.00000,0.00000,0.00000,0.00000,0.00000,0.00000,0.00000,0.00000,0.00000,0.00000,0.00000,0.00000,0.00000,0.00000,0.00000,0.00000,0.00000,0.00000,0.00000,0.00000,0.00000,0.00000,0.00000,0.00000,0.00000,0.00000,0.00000,0.00000,0.00000,0.00000,0.00000,0.00000,0.00172,0.00000,0.00000,0.00000,0.00000,0.00000,0.00000,0.00000,0.00000,0.00000,0.00293,0.00000,0.07065,0.13234,0.00973,0.00550,0.05857,0.03818,0.07424,0.06876,0.06671,0.08487,0.02180,0.07047,0.16045,0.09730,0.08935,0.00307,0.00000,0.06054,0.09134,0.07629,0.00989,0.05203,0.11498,0.10211,0.18133,0.13232,0.00371,0.00000,0.00315,0.00000,0.00000,0.00335,0.00000,0.05747,0.08136,0.14777,0.08788,0.02478,0.03682,0.00823,0.01759,0.01966,0.06580,0.00391,0.02572,0.00000,0.00000,0.09755,0.06447,0.00988,0.00000,0.01101,0.00721,0.00000,0.00000,0.00000,0.00000,0.01763,0.01532,0.00000,0.00000,0.00000,0.00000,0.00000,0.01502,0.16428,0.02553,0.00000,0.00000,0.00000,0.00000,0.00000,0.00000,0.00000,0.00000,0.00000,0.10721,0.00000,0.00000,0.00000,0.00000,0.00000,0.00000,0.53503,0.21816,0.48189,0.48860,0.21605,0.28821,0.00000,0.00000,0.00000,0.00000,0.15900,0.16451,0.00000,0.00000,0.00000,0.00000,0.00000,0.64430,0.67189,0.52640,0.85137,1.00000,0.69717,0.74034,0.00000,0.00000,0.00000,0.19118,0.50325,0.59060,0.12745,0.00000,0.00000,0.00000,0.00000,0.00000,0.00000,0.00000,0.04359,0.05414,0.00000,0.00000,0.00000,0.00000,0.17326,0.00000,0.00000,0.00000,0.00000,0.00000,0.14321,0.17949,0.00000,0.00000,0.00000,0.00000,0.00000,0.00000,0.09808,0.14608,0.33752,0.07986,0.62056,0.10270,0.00000,0.00000,0.00000,0.00000,0.00000,0.00000,0.00000,0.00000,0.00000,0.00000,0.00000,0.00000,0.00000,0.00000,0.00000,0.00000,0.00000,0.00000,0.00000,0.00000,0.00000,0.00215,0.07891,0.08358,0.07289,0.05626,0.01958,0.07836,0.06860
GUST_PhG1c_L,0.06251,0.05945,0.00000,0.05386,0.05721,0.05521,0.05092,0.06516,0.06155,0.05386,0.06173,0.05660,0.05618,0.05157,0.06555,0.06028,0.05152,0.05079,0.06125,0.05351,0.05116,0.05685,0.06540,0.05661,0.06238,0.06880,0.05894,0.05903,0.05798,0.05641,0.05765,0.05035,0.05675,0.06598,0.06484,0.06482,0.06621,0.05606,0.06240,0.05816,0.06882,0.05931,0.06098,0.05062,0.05568,0.05543,0.00000,0.00000,0.06178,0.05645,0.05544,0.06339,0.05870,0.05645,0.06041,0.05719,0.05876,0.05596,0.05686,0.05501,0.05573,0.05676,0.05383,0.05233,0.05765,0.06426,0.06136,0.05504,0.04998,0.05475,0.06290,0.05992,0.06477,0.06270,0.06178,0.05667,0.05694,0.05673,0.06086,0.05192,0.05257,0.05585,0.00000,0.06742,0.05395,0.05685,0.05910,0.00000,0.00000,0.00000,0.00000,0.00000,0.00000,0.00000,0.00000,0.00000,0.00000,0.00000,0.00000,0.00000,0.00000,0.00000,0.00000,0.00000,0.00000,0.00000,0.00000,0.00000,0.00000,0.00000,0.00000,0.00000,0.00000,0.00000,0.00000,0.00000,0.00000,0.00000,0.00000,0.00000,0.00000,0.00000,0.00000,0.00000,0.00000,0.00000,0.00000,0.00000,0.00000,0.00000,0.00581,0.00000,0.00000,0.00000,0.00066,0.00000,0.00000,0.00000,0.00000,0.00000,0.03788,0.00000,0.02528,0.00922,0.01753,0.00000,0.03515,0.09718,0.00159,0.00315,0.02273,0.01459,0.03517,0.02934,0.03495,0.05578,0.01007,0.02756,0.07099,0.04036,0.04055,0.00176,0.00446,0.03790,0.04272,0.04504,0.00000,0.02739,0.05527,0.05399,0.08669,0.06558,0.00340,0.00210,0.00000,0.00000,0.00000,0.00000,0.00000,0.02311,0.03347,0.06020,0.03667,0.01128,0.01531,0.00460,0.00854,0.00973,0.03465,0.00199,0.01174,0.00000,0.00050,0.04415,0.03253,0.00463,0.00000,0.01043,0.00866,0.00000,0.00000,0.00000,0.00000,0.00910,0.00688,0.00000,0.00000,0.00000,0.00000,0.00000,0.00574,0.06278,0.01320,0.00000,0.00000,0.00000,0.00000,0.00000,0.00000,0.00000,0.00000,0.00000,0.04469,0.00000,0.00000,0.00000,0.00000,0.00000,0.00000,0.81608,0.31314,0.90646,0.93029,0.76389,0.70488,0.00000,0.00000,0.00000,0.00000,0.07370,0.07722,0.00000,0.00000,0.00000,0.00000,0.00000,0.37047,0.98455,0.92984,0.87094,0.69717,1.00000,0.95814,0.00000,0.00000,0.00000,0.07306,0.93423,0.96046,0.14611,0.00000,0.00000,0.00000,0.00000,0.00000,0.00000,0.00000,0.21717,0.20345,0.00000,0.00000,0.00000,0.00000,0.12525,0.00000,0.00000,0.00000,0.00000,0.00000,0.06198,0.07671,0.00000,0.00000,0.00000,0.00000,0.00000,0.00000,0.09602,0.10821,0.27559,0.29646,0.85563,0.04361,0.00000,0.00000,0.00000,0.00000,0.00000,0.00000,0.00000,0.00000,0.00000,0.00000,0.00000,0.00000,0.00000,0.00000,0.00000,0.00000,0.00000,0.00000,0.00000,0.00000,0.00000,0.00703,0.03518,0.19536,0.18459,0.02595,0.00798,0.05967,0.05410
GUST_PhG1c_R,0.06025,0.05827,0.00000,0.04942,0.05368,0.05217,0.04765,0.06420,0.05966,0.05049,0.05859,0.05278,0.05263,0.04846,0.06245,0.05744,0.04849,0.04769,0.05869,0.05067,0.04693,0.05391,0.06377,0.05291,0.06184,0.06777,0.05631,0.05653,0.05579,0.05327,0.05603,0.04581,0.05371,0.06295,0.06582,0.06563,0.06567,0.05305,0.06016,0.05488,0.06520,0.05722,0.05826,0.04637,0.05193,0.05323,0.00000,0.00000,0.05813,0.05446,0.05208,0.06097,0.05631,0.05466,0.05634,0.05396,0.05621,0.05256,0.05357,0.05157,0.05156,0.05408,0.04981,0.04910,0.05471,0.06403,0.05906,0.05322,0.04604,0.05141,0.05921,0.05744,0.06170,0.06123,0.05822,0.05460,0.05404,0.05433,0.05689,0.04792,0.04969,0.05220,0.00000,0.06493,0.05073,0.05432,0.05963,0.00000,0.00000,0.00000,0.00000,0.00000,0.00000,0.00000,0.00000,0.00000,0.00000,0.00000,0.00000,0.00000,0.00000,0.00000,0.00000,0.00000,0.00000,0.00000,0.00000,0.00000,0.00000,0.00000,0.00000,0.00000,0.00000,0.00000,0.00000,0.00000,0.00000,0.00000,0.00000,0.00000,0.00000,0.00000,0.00000,0.00000,0.00000,0.00000,0.00000,0.00000,0.00000,0.00000,0.00201,0.00000,0.00000,0.00000,0.00091,0.00000,0.00000,0.00000,0.00000,0.00000,0.01313,0.00000,0.00876,0.01278,0.00776,0.00000,0.05447,0.11845,0.00590,0.00583,0.03959,0.02515,0.05585,0.04329,0.05048,0.06930,0.01854,0.04523,0.11614,0.07201,0.06659,0.00326,0.00155,0.04730,0.06448,0.06336,0.00524,0.03952,0.08575,0.08060,0.12641,0.09522,0.00315,0.00292,0.00167,0.00000,0.00000,0.00177,0.00000,0.03681,0.05338,0.10348,0.06249,0.02137,0.02639,0.00732,0.01548,0.01776,0.05273,0.00391,0.02075,0.00000,0.00070,0.06991,0.04961,0.00750,0.00000,0.00915,0.00828,0.00000,0.00000,0.00000,0.00000,0.01635,0.01238,0.00000,0.00000,0.00000,0.00000,0.00000,0.00796,0.10520,0.01831,0.00000,0.00000,0.00000,0.00000,0.00000,0.00000,0.00000,0.00000,0.00000,0.07619,0.00000,0.00000,0.00000,0.00000,0.00000,0.00000,0.80131,0.31168,0.85733,0.90010,0.72923,0.69243,0.00000,0.00000,0.00000,0.00000,0.10770,0.11372,0.00000,0.00000,0.00000,0.00000,0.00000,0.48825,0.95656,0.88771,0.90722,0.74034,0.95814,1.00000,0.00000,0.00000,0.00000,0.03377,0.90880,0.95055,0.16886,0.00000,0.00000,0.00000,0.00000,0.00000,0.00000,0.00000,0.21003,0.19786,0.00000,0.00000,0.00000,0.00000,0.12013,0.00000,0.00000,0.00000,0.00000,0.00000,0.09693,0.12158,0.00000,0.00000,0.00000,0.00000,0.00000,0.00000,0.07067,0.11553,0.25332,0.27450,0.83747,0.06998,0.00000,0.00000,0.00000,0.00000,0.00000,0.00000,0.00000,0.00000,0.00000,0.00000,0.00000,0.00000,0.00000,0.00000,0.00000,0.00000,0.00000,0.00000,0.00000,0.00000,0.00000,0.00211,0.03485,0.17747,0.17280,0.03856,0.01522,0.06283,0.05578
GUST_PhG2_L,0.00000,0.00000,0.00000,0.00000,0.00000,0.00000,0.00000,0.00000,0.00000,0.00000,0.00000,0.00000,0.00000,0.00000,0.00000,0.00000,0.00000,0.00000,0.00000,0.00000,0.00000,0.00000,0.00000,0.00000,0.00000,0.00000,0.00000,0.00000,0.00000,0.00000,0.00000,0.00000,0.00000,0.00000,0.00000,0.00000,0.00000,0.00000,0.00000,0.00000,0.00000,0.00000,0.00000,0.00000,0.00000,0.00000,0.00000,0.00000,0.00000,0.00000,0.00000,0.00000,0.00000,0.00000,0.00000,0.00000,0.00000,0.00000,0.00000,0.00000,0.00000,0.00000,0.00000,0.00000,0.00000,0.00000,0.00000,0.00000,0.00000,0.00000,0.00000,0.00000,0.00000,0.00000,0.00000,0.00000,0.00000,0.00000,0.00000,0.00000,0.00000,0.00000,0.00000,0.00000,0.00000,0.00000,0.00000,0.00000,0.00000,0.00000,0.00000,0.00000,0.00000,0.00000,0.00000,0.00000,0.00000,0.00000,0.00000,0.00000,0.00000,0.00000,0.00000,0.00000,0.00000,0.00000,0.00000,0.00000,0.00000,0.00000,0.00000,0.00000,0.00000,0.00000,0.00000,0.00000,0.00000,0.00000,0.00000,0.00000,0.00000,0.00000,0.00000,0.00000,0.00000,0.00000,0.00000,0.00000,0.00000,0.00000,0.00000,0.00000,0.00000,0.00000,0.00000,0.00000,0.00000,0.00000,0.00000,0.00000,0.00000,0.00000,0.00000,0.00000,0.00000,0.00000,0.00000,0.00000,0.00000,0.00000,0.00000,0.00000,0.00000,0.00000,0.00000,0.00000,0.00000,0.00000,0.00000,0.00000,0.00000,0.00000,0.00000,0.00000,0.00000,0.00000,0.00000,0.00000,0.00000,0.00000,0.00000,0.00000,0.00000,0.00000,0.00000,0.00000,0.00000,0.00000,0.00000,0.00000,0.00000,0.00000,0.00000,0.00000,0.00000,0.00000,0.00000,0.00000,0.00000,0.00000,0.00000,0.00000,0.00000,0.00000,0.00000,0.00000,0.00000,0.00000,0.00000,0.00000,0.00000,0.00000,0.00000,0.00000,0.00000,0.00000,0.00000,0.00000,0.00000,0.00000,0.00000,0.00000,0.00000,0.00000,0.00000,0.00000,0.00000,0.00000,0.00000,0.00000,0.00000,0.00000,0.00000,0.00000,0.00000,0.00000,0.00000,0.00000,0.00000,0.00000,0.00000,0.00000,0.00000,0.00000,0.00000,0.00000,0.00000,0.00000,0.00000,0.00000,0.00000,0.00000,0.00000,0.00000,0.00000,0.00000,0.00000,0.00000,0.00000,0.00000,0.00000,0.00000,0.00000,0.00000,0.00000,0.00000,0.00000,0.00000,0.00000,0.00000,0.00000,0.00000,0.00000,0.00000,0.00000,0.00000,0.00000,0.00000,0.00000,0.00000,0.00000,0.00000,0.00000,0.00000,0.00000,0.00000,0.00000,0.00000,0.00000,0.00000,0.00000,0.00000,0.00000,0.00000,0.00000,0.00000,0.00000,0.00000,0.00000,0.00000,0.00000,0.00000,0.00000,0.00000,0.00000,0.00000,0.00000,0.00000,0.00000,0.00000,0.00000,0.00000,0.00000,0.00000,0.00000,0.00000,0.00000,0.00000,0.00000,0.00000,0.00000,0.00000,0.00000,0.00000,0.00000,0.00000,0.00000,0.00000,0.00000,0.00000,0.00000,0.00000
GUST_PhG2_R,0.00000,0.00000,0.00000,0.00000,0.00000,0.00000,0.00000,0.00000,0.00000,0.00000,0.00000,0.00000,0.00000,0.00000,0.00000,0.00000,0.00000,0.00000,0.00000,0.00000,0.00000,0.00000,0.00000,0.00000,0.00000,0.00000,0.00000,0.00000,0.00000,0.00000,0.00000,0.00000,0.00000,0.00000,0.00000,0.00000,0.00000,0.00000,0.00000,0.00000,0.00000,0.00000,0.00000,0.00000,0.00000,0.00000,0.00000,0.00000,0.00000,0.00000,0.00000,0.00000,0.00000,0.00000,0.00000,0.00000,0.00000,0.00000,0.00000,0.00000,0.00000,0.00000,0.00000,0.00000,0.00000,0.00000,0.00000,0.00000,0.00000,0.00000,0.00000,0.00000,0.00000,0.00000,0.00000,0.00000,0.00000,0.00000,0.00000,0.00000,0.00000,0.00000,0.00000,0.00000,0.00000,0.00000,0.00000,0.00000,0.00000,0.00000,0.00000,0.00000,0.00000,0.00000,0.00000,0.00000,0.00000,0.00000,0.00000,0.00000,0.00000,0.00000,0.00000,0.00000,0.00000,0.00000,0.00000,0.00000,0.00000,0.00000,0.00000,0.00000,0.00000,0.00000,0.00000,0.00000,0.00000,0.00000,0.00000,0.00000,0.00000,0.00000,0.00000,0.00000,0.00000,0.00000,0.00000,0.00000,0.00000,0.00000,0.00000,0.00000,0.00000,0.00000,0.00000,0.00000,0.00000,0.00000,0.00000,0.00000,0.00000,0.00000,0.00000,0.00000,0.00000,0.00000,0.00000,0.00000,0.00000,0.00000,0.00000,0.00000,0.00000,0.00000,0.00000,0.00000,0.00000,0.00000,0.00000,0.00000,0.00000,0.00000,0.00000,0.00000,0.00000,0.00000,0.00000,0.00000,0.00000,0.00000,0.00000,0.00000,0.00000,0.00000,0.00000,0.00000,0.00000,0.00000,0.00000,0.00000,0.00000,0.00000,0.00000,0.00000,0.00000,0.00000,0.00000,0.00000,0.00000,0.00000,0.00000,0.00000,0.00000,0.00000,0.00000,0.00000,0.00000,0.00000,0.00000,0.00000,0.00000,0.00000,0.00000,0.00000,0.00000,0.00000,0.00000,0.00000,0.00000,0.00000,0.00000,0.00000,0.00000,0.00000,0.00000,0.00000,0.00000,0.00000,0.00000,0.00000,0.00000,0.00000,0.00000,0.00000,0.00000,0.00000,0.00000,0.00000,0.00000,0.00000,0.00000,0.00000,0.00000,0.00000,0.00000,0.00000,0.00000,0.00000,0.00000,0.00000,0.00000,0.00000,0.00000,0.00000,0.00000,0.00000,0.00000,0.00000,0.00000,0.00000,0.00000,0.00000,0.00000,0.00000,0.00000,0.00000,0.00000,0.00000,0.00000,0.00000,0.00000,0.00000,0.00000,0.00000,0.00000,0.00000,0.00000,0.00000,0.00000,0.00000,0.00000,0.00000,0.00000,0.00000,0.00000,0.00000,0.00000,0.00000,0.00000,0.00000,0.00000,0.00000,0.00000,0.00000,0.00000,0.00000,0.00000,0.00000,0.00000,0.00000,0.00000,0.00000,0.00000,0.00000,0.00000,0.00000,0.00000,0.00000,0.00000,0.00000,0.00000,0.00000,0.00000,0.00000,0.00000,0.00000,0.00000,0.00000,0.00000,0.00000,0.00000,0.00000,0.00000,0.00000,0.00000,0.00000,0.00000,0.00000,0.00000,0.00000,0.00000,0.00000
GUST_PhG3_L,0.00000,0.00000,0.00000,0.00000,0.00000,0.00000,0.00000,0.00000,0.00000,0.00000,0.00000,0.00000,0.00000,0.00000,0.00000,0.00000,0.00000,0.00000,0.00000,0.00000,0.00000,0.00000,0.00000,0.00000,0.00000,0.00000,0.00000,0.00000,0.00000,0.00000,0.00000,0.00000,0.00000,0.00000,0.00000,0.00000,0.00000,0.00000,0.00000,0.00000,0.00000,0.00000,0.00000,0.00000,0.00000,0.00000,0.00000,0.00000,0.00000,0.00000,0.00000,0.00000,0.00000,0.00000,0.00000,0.00000,0.00000,0.00000,0.00000,0.00000,0.00000,0.00000,0.00000,0.00000,0.00000,0.00000,0.00000,0.00000,0.00000,0.00000,0.00000,0.00000,0.00000,0.00000,0.00000,0.00000,0.00000,0.00000,0.00000,0.00000,0.00000,0.00000,0.00000,0.00000,0.00000,0.00000,0.00000,0.00000,0.00000,0.00000,0.00000,0.00000,0.00000,0.00000,0.00000,0.00000,0.00000,0.00000,0.00000,0.00000,0.00000,0.00000,0.00000,0.00000,0.00000,0.00000,0.00000,0.00000,0.00000,0.00000,0.00000,0.00000,0.00000,0.00000,0.00000,0.00000,0.00000,0.00000,0.00000,0.00000,0.00000,0.00000,0.00000,0.00000,0.00000,0.00000,0.00000,0.00000,0.00000,0.00000,0.00000,0.00000,0.00000,0.00000,0.00000,0.00000,0.00000,0.00000,0.00000,0.00000,0.00000,0.00000,0.00000,0.00000,0.00000,0.00000,0.00000,0.00000,0.00000,0.00000,0.00000,0.00000,0.00000,0.00000,0.00000,0.00000,0.00000,0.00000,0.00000,0.00000,0.00000,0.00000,0.00000,0.00000,0.00000,0.00000,0.00000,0.00000,0.00000,0.00000,0.00000,0.00000,0.00000,0.00000,0.00000,0.00000,0.00000,0.00000,0.00000,0.00000,0.00000,0.00000,0.00000,0.00000,0.00000,0.00000,0.00000,0.00000,0.00000,0.00000,0.00000,0.00000,0.00000,0.00000,0.00000,0.00000,0.00000,0.00000,0.00000,0.00000,0.00000,0.00000,0.00000,0.00000,0.00000,0.00000,0.00000,0.00000,0.00000,0.00000,0.00000,0.00000,0.00000,0.00000,0.00000,0.00000,0.00000,0.00000,0.00000,0.00000,0.00000,0.00000,0.00000,0.00000,0.00000,0.00000,0.00000,0.00000,0.00000,0.00000,0.00000,0.00000,0.00000,0.00000,0.00000,0.00000,0.00000,0.00000,0.00000,0.00000,0.00000,0.00000,0.00000,0.00000,0.00000,0.00000,0.00000,0.00000,0.00000,0.00000,0.00000,0.00000,0.00000,0.00000,0.00000,0.00000,0.00000,0.00000,0.00000,0.00000,0.00000,0.00000,0.00000,0.00000,0.00000,0.00000,0.00000,0.00000,0.00000,0.00000,0.00000,0.00000,0.00000,0.00000,0.00000,0.00000,0.00000,0.00000,0.00000,0.00000,0.00000,0.00000,0.00000,0.00000,0.00000,0.00000,0.00000,0.00000,0.00000,0.00000,0.00000,0.00000,0.00000,0.00000,0.00000,0.00000,0.00000,0.00000,0.00000,0.00000,0.00000,0.00000,0.00000,0.00000,0.00000,0.00000,0.00000,0.00000,0.00000,0.00000,0.00000,0.00000,0.00000,0.00000,0.00000,0.00000,0.00000,0.00000,0.00000,0.00000,0.00000,0.00000
GUST_PhG3_R,0.00000,0.00000,0.00000,0.00000,0.00000,0.00000,0.00000,0.00000,0.00000,0.00000,0.00000,0.00000,0.00000,0.00000,0.00000,0.00000,0.00000,0.00000,0.00000,0.00000,0.00000,0.00000,0.00000,0.00000,0.00000,0.00000,0.00000,0.00000,0.00000,0.00000,0.00000,0.00000,0.00000,0.00000,0.00000,0.00000,0.00000,0.00000,0.00000,0.00000,0.00000,0.00000,0.00000,0.00000,0.00000,0.00000,0.00000,0.00000,0.00000,0.00000,0.00000,0.00000,0.00000,0.00000,0.00000,0.00000,0.00000,0.00000,0.00000,0.00000,0.00000,0.00000,0.00000,0.00000,0.00000,0.00000,0.00000,0.00000,0.00000,0.00000,0.00000,0.00000,0.00000,0.00000,0.00000,0.00000,0.00000,0.00000,0.00000,0.00000,0.00000,0.00000,0.00000,0.00000,0.00000,0.00000,0.00000,0.00000,0.00000,0.00000,0.00000,0.00000,0.00000,0.00000,0.00000,0.00000,0.00000,0.00000,0.00000,0.00000,0.00000,0.00000,0.00000,0.00000,0.00000,0.00000,0.00000,0.00000,0.00000,0.00000,0.00000,0.00000,0.00000,0.00000,0.00000,0.00000,0.00000,0.00000,0.00000,0.00000,0.00000,0.00000,0.00000,0.00000,0.00000,0.00000,0.00000,0.00000,0.00000,0.00000,0.00000,0.00000,0.00000,0.00000,0.00000,0.00000,0.00000,0.00000,0.00000,0.00000,0.00000,0.00000,0.00000,0.00000,0.00000,0.00000,0.00000,0.00000,0.00000,0.00000,0.00000,0.00000,0.00000,0.00000,0.00000,0.00000,0.00000,0.00000,0.00000,0.00000,0.00000,0.00000,0.00000,0.00000,0.00000,0.00000,0.00000,0.00000,0.00000,0.00000,0.00000,0.00000,0.00000,0.00000,0.00000,0.00000,0.00000,0.00000,0.00000,0.00000,0.00000,0.00000,0.00000,0.00000,0.00000,0.00000,0.00000,0.00000,0.00000,0.00000,0.00000,0.00000,0.00000,0.00000,0.00000,0.00000,0.00000,0.00000,0.00000,0.00000,0.00000,0.00000,0.00000,0.00000,0.00000,0.00000,0.00000,0.00000,0.00000,0.00000,0.00000,0.00000,0.00000,0.00000,0.00000,0.00000,0.00000,0.00000,0.00000,0.00000,0.00000,0.00000,0.00000,0.00000,0.00000,0.00000,0.00000,0.00000,0.00000,0.00000,0.00000,0.06707,0.03863,0.00000,0.00000,0.00000,0.00000,0.00000,0.00000,0.00000,0.00000,0.00000,0.00000,0.00000,0.00000,0.00000,0.00000,0.08223,0.07408,0.06347,0.19118,0.07306,0.03377,0.00000,0.00000,0.00000,1.00000,0.03563,0.02684,0.00000,0.00000,0.00000,0.00000,0.00000,0.00000,0.00000,0.00000,0.00000,0.00000,0.00000,0.00000,0.00000,0.00000,0.00000,0.00000,0.00000,0.00000,0.00000,0.00000,0.00000,0.00000,0.00000,0.00000,0.00000,0.00000,0.00000,0.00000,0.00000,0.00000,0.00000,0.00000,0.00882,0.00000,0.00000,0.00000,0.00000,0.00000,0.00000,0.00000,0.00000,0.00000,0.00000,0.00000,0.00000,0.00000,0.00000,0.00000,0.00000,0.00000,0.00000,0.00000,0.00000,0.00000,0.00000,0.00000,0.00000,0.00565,0.00000,0.00000,0.00000,0.00000,0.00000
GUST_PhG4_L,0.04199,0.03926,0.00000,0.03403,0.03736,0.03550,0.03221,0.04361,0.04104,0.03465,0.04087,0.03568,0.03593,0.03259,0.04376,0.03951,0.03328,0.03167,0.04089,0.03426,0.03222,0.03602,0.04468,0.03641,0.04242,0.04782,0.03920,0.03895,0.03848,0.03689,0.03766,0.03096,0.03698,0.04343,0.04465,0.04519,0.04548,0.03645,0.04127,0.03743,0.04569,0.03957,0.03952,0.03161,0.03526,0.03617,0.00000,0.00000,0.04041,0.03729,0.03585,0.04247,0.03836,0.03698,0.03930,0.03689,0.03845,0.03584,0.03615,0.03551,0.03499,0.03709,0.03359,0.03317,0.03746,0.04428,0.03964,0.03582,0.03099,0.03361,0.04156,0.04015,0.04308,0.04178,0.04014,0.03753,0.03718,0.03713,0.04001,0.03246,0.03359,0.03570,0.00000,0.04498,0.03396,0.03755,0.04016,0.00000,0.00000,0.00000,0.00000,0.00000,0.00000,0.00000,0.00000,0.00000,0.00000,0.00000,0.00000,0.00000,0.00000,0.00000,0.00000,0.00000,0.00000,0.00000,0.00000,0.00000,0.00000,0.00000,0.00000,0.00000,0.00000,0.00000,0.00000,0.00000,0.00000,0.00000,0.00000,0.00000,0.00000,0.00040,0.00000,0.00000,0.00000,0.00000,0.00000,0.00000,0.00000,0.00000,0.00142,0.00000,0.00000,0.00000,0.00064,0.00000,0.00000,0.00000,0.00000,0.00000,0.00924,0.00000,0.00616,0.00000,0.00546,0.00000,0.03738,0.06376,0.00207,0.00512,0.02819,0.01443,0.03915,0.02472,0.03691,0.04061,0.01474,0.02545,0.06482,0.04002,0.03781,0.00401,0.00109,0.02801,0.03798,0.03904,0.00000,0.02327,0.04853,0.04809,0.07237,0.05745,0.00083,0.00000,0.00000,0.00000,0.00000,0.00000,0.00000,0.02335,0.03410,0.05801,0.03175,0.01520,0.01485,0.00427,0.00689,0.00999,0.02916,0.00259,0.01002,0.00000,0.00000,0.03971,0.02877,0.00452,0.00022,0.00637,0.00346,0.00000,0.00000,0.00000,0.00000,0.01216,0.00870,0.00000,0.00000,0.00000,0.00000,0.00000,0.00560,0.06718,0.01064,0.00000,0.00000,0.00000,0.00000,0.00000,0.00000,0.00000,0.00000,0.00000,0.04177,0.00000,0.00000,0.00000,0.00000,0.00000,0.00000,0.73338,0.28379,0.93664,0.97336,0.90880,0.79846,0.00000,0.00000,0.00000,0.00000,0.06171,0.06598,0.00000,0.00000,0.00000,0.00000,0.00000,0.31195,0.95465,0.97550,0.71715,0.50325,0.93423,0.90880,0.00000,0.00000,0.00000,0.03563,1.00000,0.97881,0.07125,0.00000,0.00000,0.00000,0.00000,0.00000,0.00000,0.00000,0.27444,0.25307,0.00000,0.00000,0.00000,0.00000,0.08179,0.00000,0.00000,0.00000,0.00000,0.00000,0.05466,0.06690,0.00000,0.00000,0.00000,0.00000,0.00000,0.00000,0.05093,0.07957,0.18830,0.35632,0.73179,0.03949,0.00000,0.00000,0.00000,0.00000,0.00000,0.00000,0.00000,0.00000,0.00000,0.00000,0.00000,0.00000,0.00000,0.00000,0.00000,0.00000,0.00000,0.00000,0.00000,0.00000,0.00000,0.00651,0.01003,0.20806,0.20067,0.02675,0.01362,0.04127,0.03634
GUST_PhG4_R,0.05227,0.05128,0.00000,0.04486,0.04816,0.04647,0.04301,0.05574,0.05239,0.04567,0.05246,0.04810,0.04777,0.04418,0.05541,0.05108,0.04382,0.04313,0.05209,0.04502,0.04304,0.04868,0.05611,0.04739,0.05399,0.05879,0.05011,0.05024,0.04938,0.04801,0.04909,0.04219,0.04857,0.05623,0.05601,0.05511,0.05742,0.04739,0.05315,0.04957,0.05840,0.05060,0.05179,0.04261,0.04703,0.04688,0.00000,0.00000,0.05235,0.04852,0.04706,0.05391,0.05016,0.04842,0.05146,0.04850,0.04926,0.04724,0.04756,0.04671,0.04726,0.04832,0.04522,0.04425,0.04905,0.05694,0.05161,0.04679,0.04220,0.04590,0.05311,0.05108,0.05499,0.05256,0.05288,0.04826,0.04832,0.04879,0.05093,0.04367,0.04440,0.04759,0.00000,0.05729,0.04553,0.04876,0.05072,0.00000,0.00000,0.00000,0.00000,0.00000,0.00000,0.00000,0.00000,0.00000,0.00000,0.00000,0.00000,0.00000,0.00000,0.00000,0.00000,0.00000,0.00000,0.00000,0.00000,0.00000,0.00000,0.00000,0.00000,0.00000,0.00000,0.00000,0.00000,0.00000,0.00000,0.00000,0.00000,0.00000,0.00000,0.00000,0.00000,0.00000,0.00000,0.00000,0.00000,0.00000,0.00000,0.00000,0.00480,0.00000,0.00000,0.00000,0.00145,0.00000,0.00000,0.00000,0.00000,0.00000,0.03132,0.00000,0.02090,0.01016,0.01603,0.00000,0.03735,0.09312,0.00586,0.00463,0.02584,0.02412,0.03704,0.03455,0.03509,0.05745,0.01324,0.03224,0.07553,0.04549,0.04587,0.00259,0.00369,0.03474,0.04945,0.04545,0.00416,0.02995,0.05765,0.05273,0.08687,0.06677,0.00438,0.00232,0.00133,0.00000,0.00000,0.00141,0.00000,0.02811,0.03456,0.06476,0.03881,0.01405,0.02283,0.00532,0.00980,0.01204,0.03786,0.00329,0.01488,0.00000,0.00055,0.04332,0.03085,0.00596,0.00000,0.01018,0.00615,0.00000,0.00000,0.00000,0.00000,0.01486,0.01226,0.00000,0.00000,0.00000,0.00000,0.00000,0.01265,0.06728,0.02025,0.00000,0.00000,0.00000,0.00000,0.00000,0.00000,0.00000,0.00000,0.00000,0.04721,0.00000,0.00000,0.00000,0.00000,0.00000,0.00000,0.78225,0.31072,0.91279,0.95107,0.84823,0.74867,0.00000,0.00000,0.00000,0.00000,0.07213,0.06968,0.00000,0.00000,0.00000,0.00000,0.00000,0.37540,0.96624,0.95239,0.80842,0.59060,0.96046,0.95055,0.00000,0.00000,0.00000,0.02684,0.97881,1.00000,0.12080,0.00000,0.00000,0.00000,0.00000,0.00000,0.00000,0.00000,0.25475,0.24422,0.00000,0.00000,0.00000,0.00000,0.09001,0.00000,0.00000,0.00000,0.00000,0.00000,0.06323,0.07382,0.00000,0.00000,0.00000,0.00000,0.00000,0.00000,0.07520,0.08804,0.22342,0.32487,0.79370,0.04258,0.00000,0.00000,0.00000,0.00000,0.00000,0.00000,0.00000,0.00000,0.00000,0.00000,0.00000,0.00000,0.00000,0.00000,0.00000,0.00000,0.00000,0.00000,0.00000,0.00000,0.00000,0.01318,0.01108,0.20010,0.19440,0.02901,0.01210,0.05262,0.04703
GUST_PhG5_L,0.00000,0.00000,0.00000,0.00000,0.00000,0.00000,0.00000,0.00000,0.00000,0.00000,0.00000,0.00000,0.00000,0.00000,0.00000,0.00000,0.00000,0.00000,0.00000,0.00000,0.00000,0.00000,0.00000,0.00000,0.00000,0.00000,0.00000,0.00000,0.00000,0.00000,0.00000,0.00000,0.00000,0.00000,0.00000,0.00000,0.00000,0.00000,0.00000,0.00000,0.00000,0.00000,0.00000,0.00000,0.00000,0.00000,0.00000,0.00000,0.00000,0.00000,0.00000,0.00000,0.00000,0.00000,0.00000,0.00000,0.00000,0.00000,0.00000,0.00000,0.00000,0.00000,0.00000,0.00000,0.00000,0.00000,0.00000,0.00000,0.00000,0.00000,0.00000,0.00000,0.00000,0.00000,0.00000,0.00000,0.00000,0.00000,0.00000,0.00000,0.00000,0.00000,0.00000,0.00000,0.00000,0.00000,0.00000,0.00000,0.00000,0.00000,0.00000,0.00000,0.00000,0.00000,0.00000,0.00000,0.00000,0.00000,0.00000,0.00000,0.00000,0.00000,0.00000,0.00000,0.00000,0.00000,0.00000,0.00000,0.00000,0.00000,0.00000,0.00000,0.00000,0.00000,0.00000,0.00000,0.00000,0.00000,0.00000,0.00000,0.00000,0.00000,0.00000,0.00000,0.00000,0.00000,0.00000,0.00000,0.00000,0.00000,0.00000,0.00000,0.00000,0.00000,0.00000,0.00000,0.00000,0.00000,0.00000,0.00000,0.00000,0.00000,0.00000,0.00000,0.00000,0.00000,0.00000,0.03828,0.00000,0.00000,0.00000,0.00000,0.00000,0.00000,0.00000,0.01036,0.00000,0.00000,0.00000,0.00000,0.00000,0.00000,0.00000,0.00000,0.00000,0.00000,0.00000,0.00000,0.00000,0.00000,0.01221,0.00000,0.00000,0.00000,0.00000,0.00000,0.00000,0.00000,0.00000,0.00000,0.00000,0.00000,0.00000,0.00000,0.00000,0.00000,0.00000,0.00000,0.00000,0.00000,0.00000,0.00000,0.00000,0.00000,0.00000,0.00000,0.00000,0.00000,0.00000,0.00000,0.00000,0.00000,0.00000,0.00000,0.00000,0.00000,0.00000,0.00000,0.00000,0.00000,0.00000,0.00000,0.00000,0.00000,0.00000,0.00000,0.00000,0.00000,0.00000,0.00000,0.00000,0.00000,0.00000,0.00000,0.00000,0.00000,0.00000,0.00000,0.00000,0.19239,0.04977,0.08384,0.09657,0.03292,0.00000,0.00000,0.00000,0.00000,0.00000,0.00000,0.00000,0.00000,0.00000,0.00000,0.00000,0.00000,0.00000,0.15272,0.07408,0.25387,0.12745,0.14611,0.16886,0.00000,0.00000,0.00000,0.00000,0.07125,0.12080,1.00000,0.00000,0.00000,0.00000,0.00000,0.00000,0.00000,0.00000,0.00000,0.00000,0.00000,0.00000,0.00000,0.00000,0.04531,0.00000,0.00000,0.00000,0.00000,0.00000,0.00000,0.00000,0.00000,0.00000,0.00000,0.00000,0.00000,0.00000,0.00000,0.00000,0.00000,0.00000,0.21179,0.00000,0.00000,0.00000,0.00000,0.00000,0.00000,0.00000,0.00000,0.00000,0.00000,0.00000,0.00000,0.00000,0.00000,0.00000,0.00000,0.00000,0.00000,0.00000,0.00000,0.00000,0.00000,0.00000,0.00000,0.00000,0.00000,0.00000,0.00000,0.00000,0.00000
GUST_PhG5_R,0.00000,0.00000,0.00000,0.00000,0.00000,0.00000,0.00000,0.00000,0.00000,0.00000,0.00000,0.00000,0.00000,0.00000,0.00000,0.00000,0.00000,0.00000,0.00000,0.00000,0.00000,0.00000,0.00000,0.00000,0.00000,0.00000,0.00000,0.00000,0.00000,0.00000,0.00000,0.00000,0.00000,0.00000,0.00000,0.00000,0.00000,0.00000,0.00000,0.00000,0.00000,0.00000,0.00000,0.00000,0.00000,0.00000,0.00000,0.00000,0.00000,0.00000,0.00000,0.00000,0.00000,0.00000,0.00000,0.00000,0.00000,0.00000,0.00000,0.00000,0.00000,0.00000,0.00000,0.00000,0.00000,0.00000,0.00000,0.00000,0.00000,0.00000,0.00000,0.00000,0.00000,0.00000,0.00000,0.00000,0.00000,0.00000,0.00000,0.00000,0.00000,0.00000,0.00000,0.00000,0.00000,0.00000,0.00000,0.00000,0.00000,0.00000,0.00000,0.00000,0.00000,0.00000,0.00000,0.00000,0.00000,0.00000,0.00000,0.00000,0.00000,0.00000,0.00000,0.00000,0.00000,0.00000,0.00000,0.00000,0.00000,0.00000,0.00000,0.00000,0.00000,0.00000,0.00000,0.00000,0.00000,0.00000,0.00000,0.00000,0.00000,0.00000,0.00000,0.00000,0.00000,0.00000,0.00000,0.00000,0.00000,0.00000,0.00000,0.00000,0.00000,0.00000,0.00000,0.00000,0.00000,0.00000,0.00000,0.00000,0.00000,0.00000,0.00000,0.00000,0.00000,0.00000,0.00000,0.00000,0.00000,0.00000,0.00000,0.00000,0.00000,0.00000,0.00000,0.00000,0.00000,0.00000,0.00000,0.00000,0.00000,0.00000,0.00000,0.00000,0.00000,0.00000,0.00000,0.00000,0.00000,0.00000,0.00000,0.00000,0.00000,0.00000,0.00000,0.00000,0.00000,0.00000,0.00000,0.00000,0.00000,0.00000,0.00000,0.00000,0.00000,0.00000,0.00000,0.00000,0.00000,0.00000,0.00000,0.00000,0.00000,0.00000,0.00000,0.00000,0.00000,0.00000,0.00000,0.00000,0.00000,0.00000,0.00000,0.00000,0.00000,0.00000,0.00000,0.00000,0.00000,0.00000,0.00000,0.00000,0.00000,0.00000,0.00000,0.00000,0.00000,0.00000,0.00000,0.00000,0.00000,0.00000,0.00000,0.00000,0.00000,0.00000,0.00000,0.00000,0.00000,0.00000,0.00000,0.00000,0.00000,0.00000,0.00000,0.00000,0.00000,0.00000,0.00000,0.00000,0.00000,0.00000,0.00000,0.00000,0.00000,0.00000,0.00000,0.00000,0.00000,0.00000,0.00000,0.00000,0.00000,0.00000,0.00000,0.00000,0.00000,0.00000,0.00000,0.00000,0.00000,0.00000,0.00000,0.00000,0.00000,0.00000,0.00000,0.00000,0.00000,0.00000,0.00000,0.00000,0.00000,0.00000,0.00000,0.00000,0.00000,0.00000,0.00000,0.00000,0.00000,0.00000,0.00000,0.00000,0.00000,0.00000,0.00000,0.00000,0.00000,0.00000,0.00000,0.00000,0.00000,0.00000,0.00000,0.00000,0.00000,0.00000,0.00000,0.00000,0.00000,0.00000,0.00000,0.00000,0.00000,0.00000,0.00000,0.00000,0.00000,0.00000,0.00000,0.00000,0.00000,0.00000,0.00000,0.00000,0.00000,0.00000,0.00000,0.00000,0.00000,0.00000
GUST_PhG6_L,0.00000,0.00000,0.00000,0.00000,0.00000,0.00000,0.00000,0.00000,0.00000,0.00000,0.00000,0.00000,0.00000,0.00000,0.00000,0.00000,0.00000,0.00000,0.00000,0.00000,0.00000,0.00000,0.00000,0.00000,0.00000,0.00000,0.00000,0.00000,0.00000,0.00000,0.00000,0.00000,0.00000,0.00000,0.00000,0.00000,0.00000,0.00000,0.00000,0.00000,0.00000,0.00000,0.00000,0.00000,0.00000,0.00000,0.00000,0.00000,0.00000,0.00000,0.00000,0.00000,0.00000,0.00000,0.00000,0.00000,0.00000,0.00000,0.00000,0.00000,0.00000,0.00000,0.00000,0.00000,0.00000,0.00000,0.00000,0.00000,0.00000,0.00000,0.00000,0.00000,0.00000,0.00000,0.00000,0.00000,0.00000,0.00000,0.00000,0.00000,0.00000,0.00000,0.00000,0.00000,0.00000,0.00000,0.00000,0.00000,0.00000,0.00000,0.00000,0.00000,0.00000,0.00000,0.00000,0.00000,0.00000,0.00000,0.00000,0.00000,0.00000,0.00000,0.00000,0.00000,0.00000,0.00000,0.00000,0.00000,0.00000,0.00000,0.00000,0.00000,0.00000,0.00000,0.00000,0.00000,0.00000,0.00000,0.00000,0.00000,0.00000,0.00000,0.00000,0.00000,0.00000,0.00000,0.00000,0.00000,0.00000,0.00000,0.00000,0.00000,0.00000,0.00000,0.00000,0.00000,0.00000,0.00000,0.00000,0.00000,0.00000,0.00000,0.00000,0.00000,0.00000,0.00000,0.00000,0.00000,0.00000,0.00000,0.00000,0.00000,0.00000,0.00000,0.00000,0.00000,0.00000,0.00000,0.00000,0.00000,0.00000,0.00000,0.00000,0.00000,0.00000,0.00000,0.00000,0.00000,0.00000,0.00000,0.00000,0.00000,0.00000,0.00000,0.00000,0.00000,0.00000,0.00000,0.00000,0.00000,0.00000,0.00000,0.00000,0.00000,0.00000,0.00000,0.00000,0.00000,0.00000,0.00000,0.00000,0.00000,0.00000,0.00000,0.00000,0.00000,0.00000,0.00000,0.00000,0.00000,0.00000,0.00000,0.00000,0.00000,0.00000,0.00000,0.00000,0.00000,0.00000,0.00000,0.00000,0.00000,0.00000,0.00000,0.00000,0.00000,0.00000,0.00000,0.00000,0.00000,0.00000,0.00000,0.00000,0.00000,0.00000,0.00000,0.00000,0.00000,0.00000,0.00000,0.00000,0.00000,0.00000,0.00000,0.00000,0.00000,0.00000,0.00000,0.00000,0.00000,0.00000,0.00000,0.00000,0.00000,0.00000,0.00000,0.00000,0.00000,0.00000,0.00000,0.00000,0.00000,0.00000,0.00000,0.00000,0.00000,0.00000,0.00000,0.00000,0.00000,0.00000,0.00000,0.00000,0.00000,0.00000,0.00000,0.00000,0.00000,0.00000,0.00000,0.00000,0.00000,0.00000,0.00000,0.00000,0.00000,0.00000,0.00000,0.00000,0.00000,0.00000,0.00000,0.00000,0.00000,0.00000,0.00000,0.00000,0.00000,0.00000,0.00000,0.00000,0.00000,0.00000,0.00000,0.00000,0.00000,0.00000,0.00000,0.00000,0.00000,0.00000,0.00000,0.00000,0.00000,0.00000,0.00000,0.00000,0.00000,0.00000,0.00000,0.00000,0.00000,0.00000,0.00000,0.00000,0.00000,0.00000,0.00000,0.00000,0.00000,0.00000,0.00000
GUST_PhG6_R,0.00000,0.00000,0.00000,0.00000,0.00000,0.00000,0.00000,0.00000,0.00000,0.00000,0.00000,0.00000,0.00000,0.00000,0.00000,0.00000,0.00000,0.00000,0.00000,0.00000,0.00000,0.00000,0.00000,0.00000,0.00000,0.00000,0.00000,0.00000,0.00000,0.00000,0.00000,0.00000,0.00000,0.00000,0.00000,0.00000,0.00000,0.00000,0.00000,0.00000,0.00000,0.00000,0.00000,0.00000,0.00000,0.00000,0.00000,0.00000,0.00000,0.00000,0.00000,0.00000,0.00000,0.00000,0.00000,0.00000,0.00000,0.00000,0.00000,0.00000,0.00000,0.00000,0.00000,0.00000,0.00000,0.00000,0.00000,0.00000,0.00000,0.00000,0.00000,0.00000,0.00000,0.00000,0.00000,0.00000,0.00000,0.00000,0.00000,0.00000,0.00000,0.00000,0.00000,0.00000,0.00000,0.00000,0.00000,0.00000,0.00000,0.00000,0.00000,0.00000,0.00000,0.00000,0.00000,0.00000,0.00000,0.00000,0.00000,0.00000,0.00000,0.00000,0.00000,0.00000,0.00000,0.00000,0.00000,0.00000,0.00000,0.00000,0.00000,0.00000,0.00000,0.00000,0.00000,0.00000,0.00000,0.00000,0.00000,0.00000,0.00000,0.00000,0.00000,0.00000,0.00000,0.00000,0.00000,0.00000,0.00000,0.00000,0.00000,0.00000,0.00000,0.00000,0.00000,0.00000,0.00000,0.00000,0.00000,0.00000,0.00000,0.00000,0.00000,0.00000,0.00000,0.00000,0.00000,0.00000,0.00000,0.00000,0.00000,0.00000,0.00000,0.00000,0.00000,0.00000,0.00000,0.00000,0.00000,0.00000,0.00000,0.00000,0.00000,0.00000,0.00000,0.00000,0.00000,0.00000,0.00000,0.00000,0.00000,0.00000,0.00000,0.00000,0.00000,0.00000,0.00000,0.00000,0.00000,0.00000,0.00000,0.00000,0.00000,0.00000,0.00000,0.00000,0.00000,0.00000,0.00000,0.00000,0.00000,0.00000,0.00000,0.00000,0.00000,0.00000,0.00000,0.00000,0.00000,0.00000,0.00000,0.00000,0.00000,0.00000,0.00000,0.00000,0.00000,0.00000,0.00000,0.00000,0.00000,0.00000,0.00000,0.00000,0.00000,0.00000,0.00000,0.00000,0.00000,0.00000,0.00000,0.00000,0.00000,0.00000,0.00000,0.00000,0.00000,0.00000,0.00000,0.00000,0.00000,0.00000,0.00000,0.00000,0.00000,0.00000,0.00000,0.00000,0.00000,0.00000,0.00000,0.00000,0.00000,0.00000,0.00000,0.00000,0.00000,0.00000,0.00000,0.00000,0.00000,0.00000,0.00000,0.00000,0.00000,0.00000,0.00000,0.00000,0.00000,0.00000,0.00000,0.00000,0.00000,0.00000,0.00000,0.00000,0.00000,0.00000,0.00000,0.00000,0.00000,0.00000,0.00000,0.00000,0.00000,0.00000,0.00000,0.00000,0.00000,0.00000,0.00000,0.00000,0.00000,0.00000,0.00000,0.00000,0.00000,0.00000,0.00000,0.00000,0.00000,0.00000,0.00000,0.00000,0.00000,0.00000,0.00000,0.00000,0.00000,0.00000,0.00000,0.00000,0.00000,0.00000,0.00000,0.00000,0.00000,0.00000,0.00000,0.00000,0.00000,0.00000,0.00000,0.00000,0.00000,0.00000,0.00000,0.00000,0.00000,0.00000,0.00000,0.00000
GUST_PhG7_L,0.00000,0.00000,0.00000,0.00000,0.00000,0.00000,0.00000,0.00000,0.00000,0.00000,0.00000,0.00000,0.00000,0.00000,0.00000,0.00000,0.00000,0.00000,0.00000,0.00000,0.00000,0.00000,0.00000,0.00000,0.00000,0.00000,0.00000,0.00000,0.00000,0.00000,0.00000,0.00000,0.00000,0.00000,0.00000,0.00000,0.00000,0.00000,0.00000,0.00000,0.00000,0.00000,0.00000,0.00000,0.00000,0.00000,0.00000,0.00000,0.00000,0.00000,0.00000,0.00000,0.00000,0.00000,0.00000,0.00000,0.00000,0.00000,0.00000,0.00000,0.00000,0.00000,0.00000,0.00000,0.00000,0.00000,0.00000,0.00000,0.00000,0.00000,0.00000,0.00000,0.00000,0.00000,0.00000,0.00000,0.00000,0.00000,0.00000,0.00000,0.00000,0.00000,0.00000,0.00000,0.00000,0.00000,0.00000,0.00000,0.00000,0.00000,0.00000,0.00000,0.00000,0.00000,0.00000,0.00000,0.00000,0.00000,0.00000,0.00000,0.00000,0.00000,0.00000,0.00000,0.00000,0.00000,0.00000,0.00000,0.00000,0.00000,0.00000,0.00000,0.00000,0.00000,0.00000,0.00000,0.00000,0.00000,0.00000,0.00000,0.00000,0.00000,0.00000,0.00000,0.00000,0.00000,0.00000,0.00000,0.00000,0.00000,0.00000,0.00000,0.00000,0.00000,0.00000,0.00000,0.00000,0.00000,0.00000,0.00000,0.00000,0.00000,0.00000,0.00000,0.00000,0.00000,0.00000,0.00000,0.00000,0.00000,0.00000,0.00000,0.00000,0.00000,0.00000,0.00000,0.00000,0.00000,0.00000,0.00000,0.00000,0.00000,0.00000,0.00000,0.00000,0.00000,0.00000,0.00000,0.00000,0.00000,0.00000,0.00000,0.00000,0.00000,0.00000,0.00000,0.00000,0.00000,0.00000,0.00000,0.00000,0.00000,0.00000,0.00000,0.00000,0.00000,0.00000,0.00000,0.00000,0.00000,0.00000,0.00000,0.00000,0.00000,0.00000,0.00000,0.00000,0.00000,0.00000,0.00000,0.00000,0.00000,0.00000,0.00000,0.00000,0.00000,0.00000,0.00000,0.00000,0.00000,0.00000,0.00000,0.00000,0.00000,0.00000,0.00000,0.00000,0.00000,0.00000,0.00000,0.00000,0.00000,0.00000,0.00000,0.00000,0.00000,0.00000,0.00000,0.00000,0.00000,0.00000,0.00000,0.00000,0.00000,0.00000,0.00000,0.00000,0.00000,0.00000,0.00000,0.00000,0.00000,0.00000,0.00000,0.00000,0.00000,0.00000,0.00000,0.00000,0.00000,0.00000,0.00000,0.00000,0.00000,0.00000,0.00000,0.00000,0.00000,0.00000,0.00000,0.00000,0.00000,0.00000,0.00000,0.00000,0.00000,0.00000,0.00000,0.00000,0.00000,0.00000,0.00000,0.00000,0.00000,0.00000,0.00000,0.00000,0.00000,0.00000,0.00000,0.00000,0.00000,0.00000,0.00000,0.00000,0.00000,0.00000,0.00000,0.00000,0.00000,0.00000,0.00000,0.00000,0.00000,0.00000,0.00000,0.00000,0.00000,0.00000,0.00000,0.00000,0.00000,0.00000,0.00000,0.00000,0.00000,0.00000,0.00000,0.00000,0.00000,0.00000,0.00000,0.00000,0.00000,0.00000,0.00000,0.00000,0.00000,0.00000,0.00000,0.00000,0.00000
GUST_PhG7_R,0.00000,0.00000,0.00000,0.00000,0.00000,0.00000,0.00000,0.00000,0.00000,0.00000,0.00000,0.00000,0.00000,0.00000,0.00000,0.00000,0.00000,0.00000,0.00000,0.00000,0.00000,0.00000,0.00000,0.00000,0.00000,0.00000,0.00000,0.00000,0.00000,0.00000,0.00000,0.00000,0.00000,0.00000,0.00000,0.00000,0.00000,0.00000,0.00000,0.00000,0.00000,0.00000,0.00000,0.00000,0.00000,0.00000,0.00000,0.00000,0.00000,0.00000,0.00000,0.00000,0.00000,0.00000,0.00000,0.00000,0.00000,0.00000,0.00000,0.00000,0.00000,0.00000,0.00000,0.00000,0.00000,0.00000,0.00000,0.00000,0.00000,0.00000,0.00000,0.00000,0.00000,0.00000,0.00000,0.00000,0.00000,0.00000,0.00000,0.00000,0.00000,0.00000,0.00000,0.00000,0.00000,0.00000,0.00000,0.00000,0.00000,0.00000,0.00000,0.00000,0.00000,0.00000,0.00000,0.00000,0.00000,0.00000,0.00000,0.00000,0.00000,0.00000,0.00000,0.00000,0.00000,0.00000,0.00000,0.00000,0.00000,0.00000,0.00000,0.00000,0.00000,0.00000,0.00000,0.00000,0.00000,0.00000,0.00000,0.00000,0.00000,0.00000,0.00000,0.00000,0.00000,0.00000,0.00000,0.00000,0.00000,0.00000,0.00000,0.00000,0.00000,0.00000,0.00000,0.00000,0.00000,0.00000,0.00000,0.00000,0.00000,0.00000,0.00000,0.00000,0.00000,0.00000,0.00000,0.00000,0.00000,0.00000,0.00000,0.00000,0.00000,0.00000,0.00000,0.00000,0.00000,0.00000,0.00000,0.00000,0.00000,0.00000,0.00000,0.00000,0.00000,0.00000,0.00000,0.00000,0.00000,0.00000,0.00000,0.00000,0.00000,0.00000,0.00000,0.00000,0.00000,0.00000,0.00000,0.00000,0.00000,0.00000,0.00000,0.00000,0.00000,0.00000,0.00000,0.00000,0.00000,0.00000,0.00000,0.00000,0.00000,0.00000,0.00000,0.00000,0.00000,0.00000,0.00000,0.00000,0.00000,0.00000,0.00000,0.00000,0.00000,0.00000,0.00000,0.00000,0.00000,0.00000,0.00000,0.00000,0.00000,0.00000,0.00000,0.00000,0.00000,0.00000,0.00000,0.00000,0.00000,0.00000,0.00000,0.00000,0.00000,0.00000,0.00000,0.00000,0.00000,0.00000,0.00000,0.00000,0.00000,0.00000,0.00000,0.00000,0.00000,0.00000,0.00000,0.00000,0.00000,0.00000,0.00000,0.00000,0.00000,0.00000,0.00000,0.00000,0.00000,0.00000,0.00000,0.00000,0.00000,0.00000,0.00000,0.00000,0.00000,0.00000,0.00000,0.00000,0.00000,0.00000,0.00000,0.00000,0.00000,0.00000,0.00000,0.00000,0.00000,0.00000,0.00000,0.00000,0.00000,0.00000,0.00000,0.00000,0.00000,0.00000,0.00000,0.00000,0.00000,0.00000,0.00000,0.00000,0.00000,0.00000,0.00000,0.00000,0.00000,0.00000,0.00000,0.00000,0.00000,0.00000,0.00000,0.00000,0.00000,0.00000,0.00000,0.00000,0.00000,0.00000,0.00000,0.00000,0.00000,0.00000,0.00000,0.00000,0.00000,0.00000,0.00000,0.00000,0.00000,0.00000,0.00000,0.00000,0.00000,0.00000,0.00000,0.00000,0.00000,0.00000
GUST_PhG8_L,0.00000,0.00000,0.00000,0.00000,0.00000,0.00000,0.00000,0.00000,0.00000,0.00000,0.00000,0.00000,0.00000,0.00000,0.00000,0.00000,0.00000,0.00000,0.00000,0.00000,0.00000,0.00000,0.00000,0.00000,0.00000,0.00000,0.00000,0.00000,0.00000,0.00000,0.00000,0.00000,0.00000,0.00000,0.00000,0.00000,0.00442,0.00000,0.00000,0.00000,0.00000,0.00000,0.00000,0.00000,0.00000,0.00000,0.00000,0.00000,0.00000,0.00000,0.00000,0.00000,0.00000,0.00000,0.00000,0.00000,0.00000,0.00000,0.00000,0.00000,0.00000,0.00000,0.00000,0.00000,0.00000,0.00000,0.00000,0.00000,0.00000,0.00000,0.00000,0.00000,0.00000,0.00000,0.00000,0.00000,0.00000,0.00000,0.00000,0.00000,0.00000,0.00000,0.00000,0.00000,0.00000,0.00000,0.00000,0.00000,0.00000,0.00000,0.00000,0.00000,0.00000,0.00000,0.00000,0.00000,0.00000,0.00000,0.00000,0.00000,0.00000,0.00000,0.00000,0.00000,0.00000,0.00000,0.00000,0.00000,0.00000,0.00000,0.00000,0.00000,0.00000,0.00000,0.00000,0.00000,0.00000,0.00000,0.00000,0.00000,0.00000,0.00000,0.00000,0.00000,0.00000,0.00000,0.00000,0.00000,0.00000,0.00000,0.00000,0.00000,0.00000,0.00000,0.00000,0.00000,0.00000,0.00000,0.00000,0.00000,0.00000,0.00000,0.00000,0.00000,0.00000,0.00000,0.00000,0.00000,0.00000,0.00000,0.00000,0.00000,0.00000,0.00000,0.00000,0.00000,0.00000,0.00000,0.00000,0.00000,0.00000,0.00000,0.00000,0.00000,0.00000,0.00000,0.00000,0.00000,0.00000,0.00000,0.00000,0.00000,0.00000,0.00000,0.00000,0.00000,0.00000,0.00000,0.00000,0.00000,0.00000,0.00000,0.00000,0.00000,0.00000,0.00000,0.00000,0.00000,0.00000,0.00000,0.00000,0.00000,0.00000,0.00000,0.00000,0.00000,0.00000,0.00000,0.00000,0.00000,0.00000,0.00000,0.00000,0.00000,0.00000,0.00000,0.00000,0.00000,0.00000,0.00000,0.00000,0.00000,0.00000,0.00000,0.00000,0.00000,0.00000,0.00000,0.00000,0.17963,0.13166,0.00000,0.00000,0.00000,0.00000,0.00000,0.00000,0.00000,0.00000,0.00000,0.00000,0.00000,0.00000,0.00000,0.00000,0.00000,0.00000,0.00000,0.00000,0.00000,0.00000,0.00000,0.00000,0.00000,0.00000,0.00000,0.00000,0.00000,0.00000,0.00000,0.00000,0.00000,0.00000,0.00000,0.00000,0.00000,0.00000,0.00000,0.00000,0.00000,0.00000,0.00000,0.00000,0.00000,0.00000,1.00000,0.96566,0.00000,0.00000,0.00000,0.00000,0.00000,0.00000,0.00000,0.00000,0.00000,0.00000,0.00000,0.04509,0.00000,0.00000,0.00000,0.00000,0.00000,0.00000,0.00000,0.00000,0.00000,0.00000,0.00000,0.00000,0.00000,0.00000,0.00000,0.00000,0.00000,0.00000,0.00000,0.00000,0.00000,0.00000,0.00000,0.00000,0.00000,0.00000,0.00000,0.00000,0.00000,0.00000,0.00000,0.00000,0.00000,0.00000,0.00000,0.00000,0.00000,0.00000,0.00000,0.00000,0.00000,0.00000,0.00000
GUST_PhG8_R,0.00000,0.00000,0.00000,0.00000,0.00000,0.00000,0.00000,0.00000,0.00000,0.00000,0.00000,0.00000,0.00000,0.00000,0.00000,0.00000,0.00000,0.00000,0.00000,0.00000,0.00000,0.00000,0.00000,0.00000,0.00000,0.00000,0.00000,0.00000,0.00000,0.00000,0.00000,0.00000,0.00000,0.00000,0.00000,0.00000,0.00428,0.00000,0.00000,0.00000,0.00000,0.00000,0.00000,0.00000,0.00000,0.00000,0.00000,0.00000,0.00000,0.00000,0.00000,0.00000,0.00000,0.00000,0.00000,0.00000,0.00000,0.00000,0.00000,0.00000,0.00000,0.00000,0.00000,0.00000,0.00000,0.00000,0.00000,0.00000,0.00000,0.00000,0.00000,0.00000,0.00000,0.00000,0.00000,0.00000,0.00000,0.00000,0.00000,0.00000,0.00000,0.00000,0.00000,0.00000,0.00000,0.00000,0.00000,0.00000,0.00000,0.00000,0.00000,0.00000,0.00000,0.00000,0.00000,0.00000,0.00000,0.00000,0.00000,0.00000,0.00000,0.00000,0.00000,0.00000,0.00000,0.00000,0.00000,0.00000,0.00000,0.00000,0.00000,0.00000,0.00000,0.00000,0.00000,0.00000,0.00000,0.00000,0.00000,0.00000,0.00000,0.00000,0.00000,0.00000,0.00000,0.00000,0.00000,0.00000,0.00000,0.00000,0.00000,0.00000,0.00000,0.00000,0.00000,0.00000,0.00000,0.00000,0.00000,0.00000,0.00000,0.00000,0.00000,0.00000,0.00000,0.00000,0.00000,0.00000,0.00000,0.00000,0.00000,0.00000,0.00000,0.00000,0.00000,0.00000,0.00000,0.00000,0.00000,0.00000,0.00000,0.00000,0.00000,0.00000,0.00000,0.00000,0.00000,0.00000,0.00000,0.00000,0.00000,0.00000,0.00000,0.00000,0.00000,0.00000,0.00000,0.00000,0.00000,0.00000,0.00000,0.00000,0.00000,0.00000,0.00000,0.00000,0.00000,0.00000,0.00000,0.00000,0.00000,0.00000,0.00000,0.00000,0.00000,0.00000,0.00000,0.00000,0.00000,0.00000,0.00000,0.00000,0.00000,0.00000,0.00000,0.00000,0.00000,0.00000,0.00000,0.00000,0.00000,0.00000,0.00000,0.00000,0.00000,0.00000,0.00000,0.00000,0.00000,0.22136,0.12748,0.00000,0.00000,0.00000,0.00000,0.00000,0.00000,0.00000,0.00000,0.00000,0.00000,0.00000,0.00000,0.00000,0.00000,0.00000,0.00000,0.00000,0.00000,0.00000,0.00000,0.00000,0.00000,0.00000,0.00000,0.00000,0.00000,0.00000,0.00000,0.00000,0.00000,0.00000,0.00000,0.00000,0.00000,0.00000,0.00000,0.00000,0.00000,0.00000,0.00000,0.00000,0.00000,0.00000,0.00000,0.96566,1.00000,0.00000,0.00000,0.00000,0.00000,0.00000,0.00000,0.00000,0.00000,0.00000,0.00000,0.00000,0.02425,0.00000,0.00000,0.00000,0.00000,0.00000,0.00000,0.00000,0.00000,0.00000,0.00000,0.00000,0.00000,0.00000,0.00000,0.00000,0.00000,0.00000,0.00000,0.00000,0.00000,0.00000,0.00000,0.00000,0.00000,0.00000,0.00000,0.00000,0.00000,0.00000,0.00000,0.00000,0.00000,0.00000,0.00000,0.00000,0.00000,0.00000,0.00000,0.00000,0.00000,0.00000,0.00000,0.00000
GUST_PhG9_L,0.02953,0.02823,0.00000,0.02784,0.02828,0.02717,0.02686,0.02837,0.02640,0.02773,0.02889,0.02715,0.02687,0.02691,0.02784,0.02815,0.02713,0.02790,0.02860,0.02749,0.02659,0.02755,0.02750,0.02682,0.02721,0.02568,0.02600,0.02680,0.02710,0.02847,0.02680,0.02765,0.02890,0.02757,0.02631,0.02773,0.02853,0.02589,0.02814,0.02792,0.02628,0.02775,0.02861,0.02830,0.02626,0.02852,0.00000,0.00000,0.02788,0.02786,0.02823,0.02806,0.02661,0.02764,0.02838,0.02763,0.02841,0.02714,0.02802,0.02721,0.02792,0.02903,0.02688,0.02739,0.02633,0.02823,0.02666,0.02970,0.02771,0.02913,0.02807,0.02724,0.02630,0.02850,0.02870,0.02705,0.02848,0.02702,0.02739,0.02735,0.02529,0.02608,0.00000,0.02726,0.02682,0.02747,0.02658,0.00000,0.00000,0.00000,0.00000,0.00000,0.00000,0.00000,0.00000,0.00000,0.00000,0.00000,0.00000,0.00000,0.00000,0.00000,0.00000,0.00000,0.00000,0.00000,0.00000,0.00000,0.00000,0.00000,0.00000,0.00000,0.00000,0.00000,0.00000,0.00000,0.00000,0.00000,0.00000,0.00000,0.00000,0.00000,0.00000,0.00000,0.00000,0.00000,0.00000,0.00000,0.00000,0.00000,0.00000,0.00000,0.00000,0.00000,0.00000,0.00000,0.00000,0.00000,0.00000,0.00000,0.00000,0.00000,0.00646,0.00538,0.00152,0.00000,0.00000,0.00571,0.00000,0.00000,0.00000,0.00000,0.00000,0.00000,0.00364,0.00851,0.00000,0.00860,0.01976,0.02177,0.00000,0.00000,0.00000,0.00244,0.00051,0.00267,0.00000,0.00632,0.00000,0.00113,0.01914,0.01757,0.00000,0.00246,0.00000,0.00000,0.00438,0.00174,0.01645,0.00085,0.00108,0.00098,0.00070,0.00387,0.00145,0.00000,0.00000,0.00000,0.00000,0.00000,0.00000,0.00000,0.00000,0.00000,0.00397,0.00000,0.00250,0.00821,0.01757,0.00000,0.00000,0.00000,0.00000,0.00000,0.00000,0.00000,0.00000,0.00000,0.00000,0.00000,0.00000,0.00000,0.00000,0.00000,0.00000,0.00000,0.00000,0.00000,0.00000,0.00000,0.00000,0.00000,0.01141,0.00000,0.00000,0.00000,0.00000,0.00000,0.00000,0.19128,0.09109,0.25860,0.28874,0.24973,0.16501,0.00000,0.00000,0.00000,0.00000,0.01763,0.01536,0.00000,0.00000,0.00000,0.00000,0.00000,0.16924,0.24986,0.28344,0.15078,0.04359,0.21717,0.21003,0.00000,0.00000,0.00000,0.00000,0.27444,0.25475,0.00000,0.00000,0.00000,0.00000,0.00000,0.00000,0.00000,0.00000,1.00000,0.95281,0.00000,0.00000,0.00000,0.00000,0.01127,0.00000,0.00000,0.00000,0.00000,0.00000,0.00808,0.00498,0.00000,0.00000,0.00000,0.00000,0.00000,0.00000,0.00430,0.00702,0.37972,0.42932,0.16640,0.00509,0.00000,0.00000,0.00000,0.00000,0.00000,0.00000,0.00000,0.00000,0.00000,0.00000,0.00000,0.00000,0.00000,0.00000,0.00000,0.00000,0.00000,0.00000,0.00000,0.00000,0.00000,0.00048,0.00000,0.15119,0.09124,0.00000,0.00000,0.02619,0.02678
GUST_PhG9_R,0.02101,0.02009,0.00000,0.01981,0.02012,0.01933,0.01911,0.02057,0.01878,0.01973,0.02080,0.01932,0.01912,0.01915,0.01981,0.02003,0.01930,0.01985,0.02035,0.01956,0.01892,0.01999,0.01957,0.01908,0.01936,0.01827,0.01850,0.01907,0.01929,0.02026,0.01907,0.01968,0.02092,0.01995,0.01872,0.01973,0.02030,0.01842,0.02003,0.01987,0.01907,0.01974,0.02072,0.02014,0.01869,0.02029,0.00000,0.00000,0.02019,0.01982,0.02008,0.01996,0.01894,0.01967,0.02019,0.01966,0.02021,0.01931,0.01994,0.01936,0.01987,0.02066,0.01912,0.01949,0.01874,0.02009,0.01897,0.02113,0.01972,0.02108,0.01998,0.01938,0.01871,0.02028,0.02078,0.01925,0.02026,0.01923,0.01949,0.01946,0.01800,0.01856,0.00000,0.01974,0.01908,0.01954,0.01891,0.00000,0.00000,0.00000,0.00000,0.00000,0.00000,0.00000,0.00000,0.00000,0.00000,0.00000,0.00000,0.00000,0.00000,0.00000,0.00000,0.00000,0.00000,0.00000,0.00000,0.00000,0.00000,0.00000,0.00000,0.00000,0.00000,0.00000,0.00000,0.00000,0.00000,0.00000,0.00000,0.00000,0.00000,0.00000,0.00000,0.00000,0.00000,0.00000,0.00000,0.00000,0.00000,0.00000,0.00000,0.00000,0.00000,0.00000,0.00000,0.00000,0.00000,0.00000,0.00000,0.00000,0.00000,0.00000,0.00459,0.00383,0.00108,0.00000,0.00000,0.00813,0.00000,0.00000,0.00000,0.00000,0.00000,0.00000,0.00259,0.00991,0.00000,0.00612,0.01256,0.01384,0.00000,0.00000,0.00000,0.00174,0.00037,0.00190,0.00000,0.00450,0.00000,0.00080,0.01383,0.01157,0.00000,0.00175,0.00000,0.00000,0.00312,0.00124,0.01363,0.00061,0.00077,0.00070,0.00050,0.00275,0.00103,0.00000,0.00000,0.00000,0.00000,0.00000,0.00000,0.00000,0.00000,0.00000,0.00314,0.00000,0.00223,0.00584,0.01279,0.00000,0.00000,0.00000,0.00000,0.00000,0.00000,0.00000,0.00000,0.00000,0.00000,0.00000,0.00000,0.00000,0.00000,0.00000,0.00000,0.00000,0.00000,0.00000,0.00000,0.00000,0.00000,0.00000,0.00812,0.00000,0.00000,0.00000,0.00000,0.00000,0.00000,0.17452,0.07979,0.22139,0.25843,0.21673,0.16010,0.00000,0.00000,0.00000,0.00000,0.01254,0.01093,0.00000,0.00000,0.00000,0.00000,0.00000,0.13380,0.22956,0.26435,0.14267,0.05414,0.20345,0.19786,0.00000,0.00000,0.00000,0.00000,0.25307,0.24422,0.00000,0.00000,0.00000,0.00000,0.00000,0.00000,0.00000,0.00000,0.95281,1.00000,0.00000,0.00000,0.00000,0.00000,0.00962,0.00000,0.00000,0.00000,0.00000,0.00000,0.00575,0.00354,0.00000,0.00000,0.00000,0.00000,0.00000,0.00000,0.00735,0.00499,0.29114,0.26618,0.16619,0.00362,0.00000,0.00000,0.00000,0.00000,0.00000,0.00000,0.00000,0.00000,0.00000,0.00000,0.00000,0.00000,0.00000,0.00000,0.00000,0.00000,0.00000,0.00000,0.00000,0.00000,0.00000,0.00034,0.00000,0.11007,0.06930,0.00000,0.00000,0.01863,0.01905
GUST_SA_VTV_1_L,0.00000,0.00000,0.00000,0.00000,0.00000,0.00000,0.00000,0.00000,0.00000,0.00000,0.00000,0.00000,0.00000,0.00000,0.00000,0.00000,0.00000,0.00000,0.00000,0.00000,0.00000,0.00000,0.00000,0.00000,0.00000,0.00000,0.00000,0.00000,0.00000,0.00000,0.00000,0.00000,0.00000,0.00000,0.00000,0.00000,0.00000,0.00000,0.00000,0.00000,0.00000,0.00000,0.00000,0.00000,0.00000,0.00000,0.00000,0.00000,0.00000,0.00000,0.00000,0.00000,0.00000,0.00000,0.00000,0.00000,0.00000,0.00000,0.00000,0.00000,0.00000,0.00000,0.00000,0.00000,0.00000,0.00000,0.00000,0.00000,0.00000,0.00000,0.00000,0.00000,0.00000,0.00000,0.00000,0.00000,0.00000,0.00000,0.00000,0.00000,0.00000,0.00000,0.00000,0.00000,0.00000,0.00000,0.00000,0.00000,0.00000,0.00000,0.00000,0.00000,0.00000,0.00000,0.00000,0.00000,0.00000,0.00000,0.00000,0.00000,0.00000,0.00000,0.00000,0.00000,0.00000,0.00000,0.00000,0.00000,0.00000,0.00000,0.00000,0.00000,0.00000,0.00000,0.00000,0.00000,0.00000,0.00000,0.00000,0.00000,0.00000,0.00000,0.00000,0.00000,0.00000,0.00000,0.00000,0.00000,0.00000,0.00000,0.00000,0.00000,0.00000,0.00000,0.00000,0.00000,0.00000,0.00000,0.00000,0.00000,0.00000,0.00000,0.00000,0.00000,0.00000,0.00000,0.00000,0.00000,0.00000,0.00000,0.00000,0.00000,0.00000,0.00000,0.00000,0.00000,0.00000,0.00000,0.00000,0.00000,0.00000,0.00000,0.00000,0.00000,0.00000,0.00000,0.00000,0.00000,0.00000,0.00000,0.00000,0.00000,0.00000,0.00000,0.00000,0.00000,0.00000,0.00000,0.00000,0.00000,0.00000,0.00000,0.00000,0.00000,0.00000,0.00000,0.00000,0.00000,0.00000,0.00000,0.00000,0.00000,0.00000,0.00000,0.00000,0.00000,0.00000,0.00000,0.00000,0.00000,0.00000,0.00000,0.00000,0.00000,0.00000,0.00000,0.00000,0.00000,0.00000,0.00000,0.00000,0.00000,0.00000,0.00000,0.00000,0.00000,0.00000,0.00000,0.00000,0.00000,0.00000,0.00000,0.00000,0.00000,0.00000,0.00000,0.00000,0.00000,0.00000,0.00000,0.00000,0.00000,0.00000,0.00000,0.00000,0.00000,0.00000,0.00000,0.00000,0.00000,0.00000,0.00000,0.00000,0.00000,0.00000,0.00000,0.00000,0.00000,0.00000,0.00000,0.00000,0.00000,0.00000,0.00000,0.00000,0.00000,0.00000,0.00000,0.00000,0.00000,0.00000,0.00000,0.00000,0.00000,0.00000,0.00000,0.00000,0.00000,0.00000,0.00000,0.00000,0.00000,0.00000,0.00000,0.00000,0.00000,0.00000,0.00000,0.00000,0.00000,0.00000,0.00000,0.00000,0.00000,0.00000,0.00000,0.00000,0.00000,0.00000,0.00000,0.00000,0.00000,0.00000,0.00000,0.00000,0.00000,0.00000,0.00000,0.00000,0.00000,0.00000,0.00000,0.00000,0.00000,0.00000,0.00000,0.00000,0.00000,0.00000,0.00000,0.00000,0.00000,0.00000,0.00000,0.00000,0.00000,0.00000,0.00000,0.00000,0.00000,0.00000,0.00000
GUST_SA_VTV_1_R,0.00000,0.00000,0.00000,0.00000,0.00000,0.00000,0.00000,0.00000,0.00000,0.00000,0.00000,0.00000,0.00000,0.00000,0.00000,0.00000,0.00000,0.00000,0.00000,0.00000,0.00000,0.00000,0.00000,0.00000,0.00000,0.00000,0.00000,0.00000,0.00000,0.00000,0.00000,0.00000,0.00000,0.00000,0.00000,0.00000,0.00000,0.00000,0.00000,0.00000,0.00000,0.00000,0.00000,0.00000,0.00000,0.00000,0.00000,0.00000,0.00000,0.00000,0.00000,0.00000,0.00000,0.00000,0.00000,0.00000,0.00000,0.00000,0.00000,0.00000,0.00000,0.00000,0.00000,0.00000,0.00000,0.00000,0.00000,0.00000,0.00000,0.00000,0.00000,0.00000,0.00000,0.00000,0.00000,0.00000,0.00000,0.00000,0.00000,0.00000,0.00000,0.00000,0.00000,0.00000,0.00000,0.00000,0.00000,0.00000,0.00000,0.00000,0.00000,0.00000,0.00000,0.00000,0.00000,0.00000,0.00000,0.00000,0.00000,0.00000,0.00000,0.00000,0.00000,0.00000,0.00000,0.00000,0.00000,0.00000,0.00000,0.00000,0.00000,0.00000,0.00000,0.00000,0.00000,0.00000,0.00000,0.00000,0.00000,0.00000,0.00000,0.00000,0.00000,0.00000,0.00000,0.00000,0.00000,0.00000,0.00000,0.00000,0.00000,0.00000,0.00000,0.00000,0.00000,0.00000,0.00000,0.00000,0.00000,0.00000,0.00000,0.00000,0.00000,0.00000,0.00000,0.00000,0.00000,0.00000,0.00000,0.00000,0.00000,0.00000,0.00000,0.00000,0.00000,0.00000,0.00000,0.00000,0.00000,0.00000,0.00000,0.00000,0.00000,0.00000,0.00000,0.00000,0.00000,0.00000,0.00000,0.00000,0.00000,0.00000,0.00000,0.00000,0.00000,0.00000,0.00000,0.00000,0.00000,0.00000,0.00000,0.00000,0.00000,0.00000,0.00000,0.00000,0.00000,0.00000,0.00000,0.00000,0.00000,0.00000,0.00000,0.00000,0.00000,0.00000,0.00000,0.00000,0.00000,0.00000,0.00000,0.00000,0.00000,0.00000,0.00000,0.00000,0.00000,0.00000,0.00000,0.00000,0.00000,0.00000,0.00000,0.00000,0.00000,0.00000,0.00000,0.00000,0.00000,0.00000,0.00000,0.00000,0.00000,0.00000,0.00000,0.00000,0.00000,0.00000,0.00000,0.00000,0.00000,0.00000,0.00000,0.00000,0.00000,0.00000,0.00000,0.00000,0.00000,0.00000,0.00000,0.00000,0.00000,0.00000,0.00000,0.00000,0.00000,0.00000,0.00000,0.00000,0.00000,0.00000,0.00000,0.00000,0.00000,0.00000,0.00000,0.00000,0.00000,0.00000,0.00000,0.00000,0.00000,0.00000,0.00000,0.00000,0.00000,0.00000,0.00000,0.00000,0.00000,0.00000,0.00000,0.00000,0.00000,0.00000,0.00000,0.00000,0.00000,0.00000,0.00000,0.00000,0.00000,0.00000,0.00000,0.00000,0.00000,0.00000,0.00000,0.00000,0.00000,0.00000,0.00000,0.00000,0.00000,0.00000,0.00000,0.00000,0.00000,0.00000,0.00000,0.00000,0.00000,0.00000,0.00000,0.00000,0.00000,0.00000,0.00000,0.00000,0.00000,0.00000,0.00000,0.00000,0.00000,0.00000,0.00000,0.00000,0.00000,0.00000,0.00000,0.00000
GUST_SA_VTV_10_L,0.00000,0.00000,0.00000,0.00000,0.00000,0.00000,0.00000,0.00000,0.00000,0.00000,0.00000,0.00000,0.00000,0.00000,0.00000,0.00000,0.00000,0.00000,0.00000,0.00000,0.00000,0.00000,0.00000,0.00000,0.00000,0.00000,0.00000,0.00000,0.00000,0.00000,0.00000,0.00000,0.00000,0.00000,0.00000,0.00000,0.00000,0.00000,0.00000,0.00000,0.00000,0.00000,0.00000,0.00000,0.00000,0.00000,0.00000,0.00000,0.00000,0.00000,0.00000,0.00000,0.00000,0.00000,0.00000,0.00000,0.00000,0.00000,0.00000,0.00000,0.00000,0.00000,0.00000,0.00000,0.00000,0.00000,0.00000,0.00000,0.00000,0.00000,0.00000,0.00000,0.00000,0.00000,0.00000,0.00000,0.00000,0.00000,0.00000,0.00000,0.00000,0.00000,0.00000,0.00000,0.00000,0.00000,0.00000,0.00000,0.00000,0.00000,0.00000,0.00000,0.00000,0.00000,0.00000,0.00000,0.00000,0.00000,0.00000,0.00000,0.00000,0.00000,0.00000,0.00000,0.00000,0.00000,0.00000,0.00000,0.00000,0.00000,0.00000,0.00000,0.00000,0.00000,0.00000,0.00000,0.00000,0.00000,0.00000,0.00000,0.00000,0.00000,0.00000,0.00000,0.00000,0.00000,0.00000,0.00000,0.00000,0.00000,0.00000,0.00000,0.00000,0.00000,0.00000,0.00000,0.00000,0.00000,0.00000,0.00000,0.00000,0.00000,0.00000,0.00000,0.00000,0.00000,0.00000,0.00000,0.00000,0.00000,0.00000,0.00000,0.00000,0.00000,0.00000,0.00000,0.00000,0.00000,0.00000,0.00000,0.00000,0.00000,0.00000,0.00000,0.00000,0.00000,0.00000,0.00000,0.00000,0.00000,0.00000,0.00000,0.00000,0.00000,0.00000,0.00000,0.00000,0.00000,0.00000,0.00000,0.00000,0.00000,0.00000,0.00000,0.00000,0.00000,0.00000,0.00000,0.00000,0.00000,0.00000,0.00000,0.00000,0.00000,0.00000,0.00000,0.00000,0.00000,0.00000,0.00000,0.00000,0.00000,0.00000,0.00000,0.00000,0.00000,0.00000,0.00000,0.00000,0.00000,0.00000,0.00000,0.00000,0.00000,0.00000,0.00000,0.00000,0.00000,0.00000,0.00000,0.00000,0.00000,0.00000,0.00000,0.00000,0.00000,0.00000,0.00000,0.00000,0.00000,0.00000,0.00000,0.00000,0.00000,0.00000,0.00000,0.00000,0.00000,0.00000,0.00000,0.00000,0.00000,0.00000,0.00000,0.00000,0.00000,0.00000,0.00000,0.00000,0.00000,0.00000,0.00000,0.00000,0.00000,0.00000,0.00000,0.00000,0.00000,0.00000,0.00000,0.00000,0.00000,0.00000,0.00000,0.00000,0.00000,0.00000,0.00000,0.00000,0.00000,0.00000,0.00000,0.00000,0.00000,0.00000,0.00000,0.00000,0.00000,0.00000,0.00000,0.00000,0.00000,0.00000,0.00000,0.00000,0.00000,0.00000,0.00000,0.00000,0.00000,0.00000,0.00000,0.00000,0.00000,0.00000,0.00000,0.00000,0.00000,0.00000,0.00000,0.00000,0.00000,0.00000,0.00000,0.00000,0.00000,0.00000,0.00000,0.00000,0.00000,0.00000,0.00000,0.00000,0.00000,0.00000,0.00000,0.00000,0.00000,0.00000,0.00000,0.00000,0.00000
GUST_SA_VTV_10_R,0.00000,0.00000,0.00000,0.00000,0.00000,0.00000,0.00000,0.00000,0.00000,0.00000,0.00000,0.00000,0.00000,0.00000,0.00000,0.00000,0.00000,0.00000,0.00000,0.00000,0.00000,0.00000,0.00000,0.00000,0.00000,0.00000,0.00000,0.00000,0.00000,0.00000,0.00000,0.00000,0.00000,0.00000,0.00000,0.00000,0.00000,0.00000,0.00000,0.00000,0.00000,0.00000,0.00000,0.00000,0.00000,0.00000,0.00000,0.00000,0.00000,0.00000,0.00000,0.00000,0.00000,0.00000,0.00000,0.00000,0.00000,0.00000,0.00000,0.00000,0.00000,0.00000,0.00000,0.00000,0.00000,0.00000,0.00000,0.00000,0.00000,0.00000,0.00000,0.00000,0.00000,0.00000,0.00000,0.00000,0.00000,0.00000,0.00000,0.00000,0.00000,0.00000,0.00000,0.00000,0.00000,0.00000,0.00000,0.00000,0.00000,0.00000,0.00000,0.00000,0.00000,0.00000,0.00000,0.00000,0.00000,0.00000,0.00000,0.00000,0.00000,0.00000,0.00000,0.00000,0.00000,0.00000,0.00000,0.00000,0.00000,0.00000,0.00000,0.00000,0.00000,0.00000,0.00000,0.00000,0.00000,0.00000,0.00000,0.00000,0.00000,0.00000,0.00000,0.00000,0.00000,0.00000,0.00000,0.00000,0.00000,0.00000,0.00000,0.00000,0.00000,0.00000,0.00000,0.00000,0.00000,0.00000,0.00000,0.00000,0.00000,0.00000,0.00000,0.00000,0.00000,0.00000,0.00000,0.00000,0.00000,0.00000,0.00000,0.00000,0.00000,0.00000,0.00000,0.00000,0.00000,0.00000,0.00000,0.00000,0.00000,0.00000,0.00000,0.00000,0.00000,0.00000,0.00000,0.00000,0.00000,0.00000,0.00000,0.00000,0.00000,0.00000,0.00000,0.00000,0.00000,0.00000,0.00000,0.00000,0.00000,0.00000,0.00000,0.00000,0.00000,0.00000,0.00000,0.00000,0.00000,0.00000,0.00000,0.00000,0.00000,0.00000,0.00000,0.00000,0.00000,0.00000,0.00000,0.00000,0.00000,0.00000,0.00000,0.00000,0.00000,0.00000,0.00000,0.00000,0.00000,0.00000,0.00000,0.00000,0.00000,0.00000,0.00000,0.00000,0.00000,0.00000,0.00000,0.00000,0.00000,0.00000,0.00000,0.00000,0.00000,0.00000,0.00000,0.00000,0.00000,0.00000,0.00000,0.00000,0.00000,0.00000,0.00000,0.00000,0.00000,0.00000,0.00000,0.00000,0.00000,0.00000,0.00000,0.00000,0.00000,0.00000,0.00000,0.00000,0.00000,0.00000,0.00000,0.00000,0.00000,0.00000,0.00000,0.00000,0.00000,0.00000,0.00000,0.00000,0.00000,0.00000,0.00000,0.00000,0.00000,0.00000,0.00000,0.00000,0.00000,0.00000,0.00000,0.00000,0.00000,0.00000,0.00000,0.00000,0.00000,0.00000,0.00000,0.00000,0.00000,0.00000,0.00000,0.00000,0.00000,0.00000,0.00000,0.00000,0.00000,0.00000,0.00000,0.00000,0.00000,0.00000,0.00000,0.00000,0.00000,0.00000,0.00000,0.00000,0.00000,0.00000,0.00000,0.00000,0.00000,0.00000,0.00000,0.00000,0.00000,0.00000,0.00000,0.00000,0.00000,0.00000,0.00000,0.00000,0.00000,0.00000,0.00000,0.00000,0.00000,0.00000
GUST_SA_VTV_2_L,0.03399,0.02960,0.00000,0.02673,0.02785,0.02806,0.02632,0.03153,0.02942,0.02657,0.03209,0.02808,0.02713,0.02511,0.03432,0.03022,0.02753,0.02541,0.03286,0.02795,0.02496,0.02624,0.03179,0.02962,0.03263,0.03447,0.03085,0.03028,0.03078,0.02809,0.02953,0.02459,0.02738,0.03193,0.03152,0.03489,0.03465,0.02985,0.03082,0.02957,0.03487,0.03007,0.03115,0.02546,0.02811,0.02960,0.00000,0.00000,0.02945,0.02762,0.03032,0.03366,0.02865,0.03108,0.02825,0.02828,0.03219,0.02867,0.03004,0.02800,0.02695,0.02945,0.02609,0.02556,0.02949,0.03102,0.02855,0.02993,0.02358,0.02577,0.03044,0.03194,0.03264,0.03482,0.02843,0.02989,0.03031,0.02872,0.03193,0.02525,0.02790,0.02829,0.00000,0.03311,0.02562,0.02934,0.03129,0.00000,0.00000,0.00000,0.00000,0.00000,0.00000,0.00000,0.00000,0.00000,0.00000,0.00000,0.00000,0.00000,0.00000,0.00000,0.00000,0.00000,0.00000,0.00000,0.00000,0.00000,0.00000,0.00000,0.00000,0.00000,0.00000,0.00000,0.00000,0.00000,0.00000,0.00000,0.00000,0.00000,0.00000,0.00000,0.00000,0.00000,0.00000,0.00000,0.00000,0.00000,0.00000,0.00000,0.00000,0.00000,0.00000,0.00000,0.00000,0.00000,0.00000,0.00000,0.00000,0.00000,0.00000,0.00000,0.00588,0.00000,0.00139,0.00000,0.01024,0.00477,0.00000,0.00000,0.00262,0.00000,0.00779,0.00000,0.01450,0.00047,0.00000,0.00000,0.00459,0.00169,0.00000,0.00000,0.00104,0.01113,0.00188,0.01174,0.00000,0.00658,0.00749,0.01025,0.01660,0.01528,0.00000,0.00224,0.00000,0.00000,0.00399,0.00000,0.00403,0.00232,0.00951,0.00626,0.00319,0.00096,0.00066,0.00000,0.00000,0.00254,0.00342,0.00000,0.00000,0.00000,0.00000,0.00714,0.00885,0.00000,0.00086,0.00444,0.00293,0.00000,0.00000,0.00000,0.00000,0.00000,0.00000,0.00000,0.00000,0.00000,0.00000,0.00000,0.00000,0.02921,0.00000,0.00000,0.00000,0.00000,0.00000,0.00000,0.00000,0.00000,0.00000,0.00000,0.01386,0.00000,0.00000,0.00000,0.00000,0.00000,0.00000,0.26263,0.12694,0.25909,0.09102,0.02834,0.12297,0.00000,0.00000,0.00000,0.00000,0.01338,0.01526,0.00000,0.00000,0.00000,0.00000,0.00000,0.08564,0.11924,0.08863,0.13517,0.17326,0.12525,0.12013,0.00000,0.00000,0.00000,0.00000,0.08179,0.09001,0.04531,0.00000,0.00000,0.00000,0.00000,0.00000,0.00000,0.00000,0.01127,0.00962,0.00000,0.00000,0.00000,0.00000,1.00000,0.91420,0.00000,0.00000,0.00000,0.00000,0.00982,0.01510,0.00000,0.00000,0.00000,0.00000,0.00000,0.00000,0.04388,0.00639,0.08646,0.00000,0.36110,0.00927,0.00000,0.00000,0.00000,0.00000,0.00000,0.00000,0.00000,0.00000,0.00000,0.00000,0.00000,0.00000,0.00000,0.00000,0.00000,0.00000,0.00000,0.00000,0.00000,0.00000,0.00000,0.00174,0.00000,0.02869,0.02392,0.00000,0.00000,0.02755,0.02487
GUST_SA_VTV_2_R,0.00000,0.00000,0.00000,0.00000,0.00000,0.00000,0.00000,0.00000,0.00000,0.00000,0.00000,0.00000,0.00000,0.00000,0.00000,0.00000,0.00000,0.00000,0.00000,0.00000,0.00000,0.00000,0.00000,0.00000,0.00000,0.00000,0.00000,0.00000,0.00000,0.00000,0.00000,0.00000,0.00000,0.00000,0.00000,0.00000,0.00000,0.00000,0.00000,0.00000,0.00000,0.00000,0.00000,0.00000,0.00000,0.00000,0.00000,0.00000,0.00000,0.00000,0.00000,0.00000,0.00000,0.00000,0.00000,0.00000,0.00000,0.00000,0.00000,0.00000,0.00000,0.00000,0.00000,0.00000,0.00000,0.00000,0.00000,0.00000,0.00000,0.00000,0.00000,0.00000,0.00000,0.00000,0.00000,0.00000,0.00000,0.00000,0.00000,0.00000,0.00000,0.00000,0.00000,0.00000,0.00000,0.00000,0.00000,0.00000,0.00000,0.00000,0.00000,0.00000,0.00000,0.00000,0.00000,0.00000,0.00000,0.00000,0.00000,0.00000,0.00000,0.00000,0.00000,0.00000,0.00000,0.00000,0.00000,0.00000,0.00000,0.00000,0.00000,0.00000,0.00000,0.00000,0.00000,0.00000,0.00000,0.00000,0.00000,0.00000,0.00000,0.00000,0.00000,0.00000,0.00000,0.00000,0.00000,0.00000,0.00000,0.00000,0.00000,0.00000,0.00000,0.00000,0.00000,0.00000,0.00000,0.00000,0.00000,0.00000,0.00000,0.00000,0.00000,0.00000,0.00000,0.00000,0.00000,0.00000,0.00000,0.00000,0.00000,0.00000,0.00000,0.00000,0.00000,0.00000,0.00000,0.00000,0.00000,0.00000,0.00000,0.00000,0.00000,0.00000,0.00000,0.00000,0.00000,0.00000,0.00000,0.00000,0.00000,0.00000,0.00000,0.00000,0.00000,0.00000,0.00000,0.00000,0.00000,0.00000,0.00000,0.00000,0.00000,0.00000,0.00000,0.00000,0.00000,0.00000,0.00000,0.00000,0.00000,0.00000,0.00000,0.00000,0.00000,0.00000,0.00000,0.00000,0.00000,0.00000,0.00000,0.00000,0.00000,0.00000,0.00000,0.00000,0.00000,0.00000,0.00000,0.00000,0.00000,0.00000,0.00000,0.00000,0.00000,0.00000,0.00000,0.00000,0.00000,0.00000,0.00000,0.00000,0.00000,0.00000,0.00000,0.00000,0.00000,0.00000,0.00000,0.18259,0.11105,0.17277,0.01466,0.00000,0.00000,0.00000,0.00000,0.00000,0.00000,0.00000,0.00000,0.00000,0.00000,0.00000,0.00000,0.00000,0.00000,0.00000,0.00000,0.00000,0.00000,0.00000,0.00000,0.00000,0.00000,0.00000,0.00000,0.00000,0.00000,0.00000,0.00000,0.00000,0.00000,0.00000,0.00000,0.00000,0.00000,0.00000,0.00000,0.00000,0.00000,0.00000,0.00000,0.91420,1.00000,0.00000,0.00000,0.00000,0.00000,0.00000,0.00000,0.00000,0.00000,0.00000,0.00000,0.00000,0.00000,0.00000,0.00000,0.00000,0.00000,0.26227,0.00000,0.00000,0.00000,0.00000,0.00000,0.00000,0.00000,0.00000,0.00000,0.00000,0.00000,0.00000,0.00000,0.00000,0.00000,0.00000,0.00000,0.00000,0.00000,0.00000,0.00000,0.00000,0.00000,0.00000,0.00000,0.00000,0.00000,0.00000,0.00000,0.00000
GUST_SA_VTV_3_L,0.00000,0.00000,0.00000,0.00000,0.00000,0.00000,0.00000,0.00000,0.00000,0.00000,0.00000,0.00000,0.00000,0.00000,0.00000,0.00000,0.00000,0.00000,0.00000,0.00000,0.00000,0.00000,0.00000,0.00000,0.00000,0.00000,0.00000,0.00000,0.00000,0.00000,0.00000,0.00000,0.00000,0.00000,0.00000,0.00000,0.00000,0.00000,0.00000,0.00000,0.00000,0.00000,0.00000,0.00000,0.00000,0.00000,0.00000,0.00000,0.00000,0.00000,0.00000,0.00000,0.00000,0.00000,0.00000,0.00000,0.00000,0.00000,0.00000,0.00000,0.00000,0.00000,0.00000,0.00000,0.00000,0.00000,0.00000,0.00000,0.00000,0.00000,0.00000,0.00000,0.00000,0.00000,0.00000,0.00000,0.00000,0.00000,0.00000,0.00000,0.00000,0.00000,0.00000,0.00000,0.00000,0.00000,0.00000,0.00000,0.00000,0.00000,0.00000,0.00000,0.00000,0.00000,0.00000,0.00000,0.00000,0.00000,0.00000,0.00000,0.00000,0.00000,0.00000,0.00000,0.00000,0.00000,0.00000,0.00000,0.00000,0.00000,0.00000,0.00000,0.00000,0.00000,0.00000,0.00000,0.00000,0.00000,0.00000,0.00000,0.00000,0.00000,0.00000,0.00000,0.00000,0.00000,0.00000,0.00000,0.00000,0.00000,0.00000,0.00000,0.00000,0.00000,0.00000,0.00000,0.00000,0.00000,0.00000,0.00000,0.00000,0.00000,0.00000,0.00000,0.00000,0.00000,0.00000,0.00000,0.00000,0.00000,0.00000,0.00000,0.00000,0.00000,0.00000,0.00000,0.00000,0.00000,0.00000,0.00000,0.00000,0.00000,0.00000,0.00000,0.00000,0.00000,0.00000,0.00000,0.00000,0.00000,0.00000,0.00000,0.00000,0.00000,0.00000,0.00000,0.00000,0.00000,0.00000,0.00000,0.00000,0.00000,0.00000,0.00000,0.00000,0.00000,0.00000,0.00000,0.00000,0.00000,0.00000,0.00000,0.00000,0.00000,0.00000,0.00000,0.00000,0.00000,0.00000,0.00000,0.00000,0.00000,0.00000,0.00000,0.00000,0.00000,0.00000,0.00000,0.00000,0.00000,0.00000,0.00000,0.00000,0.00000,0.00000,0.00000,0.00000,0.00000,0.00000,0.00000,0.00000,0.00000,0.00000,0.00000,0.00000,0.00000,0.00000,0.00000,0.00000,0.00000,0.00000,0.00000,0.00000,0.00000,0.00000,0.00000,0.00000,0.00000,0.00000,0.00000,0.00000,0.00000,0.00000,0.00000,0.00000,0.00000,0.00000,0.00000,0.00000,0.00000,0.00000,0.00000,0.00000,0.00000,0.00000,0.00000,0.00000,0.00000,0.00000,0.00000,0.00000,0.00000,0.00000,0.00000,0.00000,0.00000,0.00000,0.00000,0.00000,0.00000,0.00000,0.00000,0.00000,0.00000,0.00000,0.00000,0.00000,0.00000,0.00000,0.00000,0.00000,0.00000,0.00000,0.00000,0.00000,0.00000,0.00000,0.00000,0.00000,0.00000,0.00000,0.00000,0.00000,0.00000,0.00000,0.00000,0.00000,0.00000,0.00000,0.00000,0.00000,0.00000,0.00000,0.00000,0.00000,0.00000,0.00000,0.00000,0.00000,0.00000,0.00000,0.00000,0.00000,0.00000,0.00000,0.00000,0.00000,0.00000,0.00000,0.00000,0.00000,0.00000
GUST_SA_VTV_3_R,0.00000,0.00000,0.00000,0.00000,0.00661,0.00000,0.00000,0.00000,0.00000,0.00000,0.00000,0.00000,0.00651,0.00000,0.00000,0.00674,0.00000,0.00000,0.00000,0.00000,0.00000,0.00000,0.00709,0.00674,0.00000,0.00000,0.00000,0.00000,0.00708,0.00000,0.00665,0.00000,0.00000,0.00000,0.00000,0.00000,0.00659,0.00000,0.00673,0.00000,0.00000,0.00000,0.00000,0.00000,0.00000,0.00000,0.00000,0.00000,0.00000,0.00000,0.00000,0.00000,0.00000,0.00000,0.00000,0.00000,0.00000,0.00000,0.00000,0.00000,0.00000,0.00000,0.00000,0.00000,0.00000,0.00000,0.00000,0.00000,0.00000,0.00000,0.00000,0.00000,0.00000,0.00000,0.00000,0.00000,0.00000,0.00000,0.00000,0.00000,0.00000,0.00000,0.00000,0.00000,0.00000,0.00000,0.00000,0.00000,0.00000,0.00000,0.00000,0.00000,0.00000,0.00000,0.00000,0.00000,0.00000,0.00000,0.00000,0.00000,0.00000,0.00000,0.00000,0.00000,0.00000,0.00000,0.00000,0.00000,0.00000,0.00000,0.00000,0.00000,0.00000,0.00000,0.00000,0.00000,0.00000,0.00000,0.00000,0.00000,0.00000,0.00000,0.00000,0.00000,0.00000,0.00000,0.00000,0.00000,0.00000,0.00000,0.00000,0.00000,0.00000,0.00000,0.00000,0.00000,0.00000,0.00000,0.00000,0.00000,0.00000,0.00000,0.00000,0.00000,0.00000,0.00000,0.00000,0.00000,0.00000,0.00000,0.00000,0.00000,0.00000,0.00000,0.00000,0.00000,0.00000,0.00000,0.00000,0.00000,0.00000,0.00000,0.00000,0.00000,0.00000,0.12507,0.00000,0.00000,0.00000,0.00000,0.00000,0.00000,0.00000,0.09874,0.00000,0.06116,0.00000,0.00000,0.00000,0.00000,0.00000,0.00000,0.00000,0.00000,0.00000,0.00000,0.02807,0.00000,0.02518,0.00000,0.02410,0.00000,0.00000,0.00000,0.00000,0.00000,0.00000,0.00000,0.00000,0.00000,0.00000,0.00000,0.00000,0.00000,0.00000,0.00000,0.00000,0.00000,0.00000,0.00000,0.00000,0.00000,0.00000,0.00000,0.00000,0.00000,0.44721,0.00000,0.00000,0.00000,0.00000,0.00000,0.00000,0.00000,0.00000,0.00000,0.00000,0.00000,0.00000,0.00000,0.00711,0.00000,0.00000,0.00000,0.00000,0.00000,0.00000,0.00000,0.00000,0.00000,0.00000,0.00000,0.00000,0.00000,0.00000,0.00000,0.00000,0.00000,0.00000,0.00000,0.00000,0.00000,0.00000,0.00000,0.00000,0.00000,0.00000,0.00000,0.00000,0.00000,0.00000,0.00000,0.00000,0.00000,0.00000,0.00000,0.00000,0.00000,0.00000,0.00000,0.00000,0.00000,0.00000,0.00000,0.00000,0.00000,1.00000,0.30679,0.38806,0.00000,0.00000,0.00000,0.00000,0.00000,0.00000,0.00000,0.00000,0.00000,0.00000,0.00000,0.00000,0.00000,0.00000,0.34816,0.00000,0.00000,0.00000,0.00000,0.00000,0.00000,0.00000,0.00000,0.00000,0.00000,0.00000,0.00000,0.00000,0.00000,0.00000,0.00000,0.00000,0.00000,0.00000,0.00000,0.00000,0.00000,0.00000,0.00000,0.00000,0.00000,0.00000,0.00000
GUST_SA_VTV_4_L,0.00000,0.00000,0.00000,0.00000,0.00203,0.00000,0.00000,0.00000,0.00000,0.00000,0.00000,0.00000,0.00200,0.00000,0.00000,0.00207,0.00000,0.00000,0.00000,0.00000,0.00000,0.00000,0.00217,0.00207,0.00000,0.00000,0.00000,0.00000,0.00217,0.00000,0.00204,0.00000,0.00000,0.00000,0.00000,0.00000,0.00202,0.00000,0.00207,0.00000,0.00000,0.00000,0.00000,0.00000,0.00000,0.00000,0.00000,0.00000,0.00000,0.00000,0.00000,0.00000,0.00000,0.00000,0.00000,0.00000,0.00000,0.00000,0.00000,0.00000,0.00000,0.00000,0.00000,0.00000,0.00000,0.00000,0.00000,0.00000,0.00000,0.00000,0.00000,0.00000,0.00000,0.00000,0.00000,0.00000,0.00000,0.00000,0.00000,0.00000,0.00000,0.00000,0.00000,0.00000,0.00000,0.00000,0.00000,0.00000,0.00000,0.00000,0.00000,0.00000,0.00000,0.00000,0.00000,0.00000,0.00000,0.00000,0.00000,0.00000,0.00000,0.00000,0.00000,0.00000,0.00000,0.00000,0.00000,0.00000,0.00000,0.00000,0.00000,0.00000,0.00000,0.00000,0.00000,0.00000,0.00000,0.00000,0.00000,0.00000,0.00000,0.00000,0.00000,0.00000,0.00000,0.00000,0.00000,0.00000,0.00000,0.00000,0.00000,0.00000,0.00000,0.00000,0.00000,0.00000,0.00000,0.00000,0.00000,0.00000,0.00000,0.00000,0.00000,0.00000,0.00000,0.00000,0.00000,0.00000,0.00000,0.00000,0.00000,0.00000,0.00000,0.00000,0.00000,0.00000,0.00000,0.00000,0.00000,0.00000,0.00000,0.00000,0.00000,0.00000,0.00000,0.03837,0.00000,0.00000,0.00000,0.00000,0.00000,0.00000,0.00000,0.03029,0.00000,0.01876,0.00000,0.00000,0.00000,0.00000,0.00000,0.00000,0.00000,0.00000,0.00000,0.00000,0.00861,0.00000,0.00773,0.00000,0.00739,0.00000,0.00000,0.00000,0.00000,0.00000,0.00000,0.00000,0.00000,0.00000,0.00000,0.00000,0.00000,0.00000,0.00000,0.00000,0.00000,0.00000,0.00000,0.00000,0.00000,0.00000,0.00000,0.00000,0.00000,0.00000,0.13720,0.00000,0.00000,0.00000,0.00000,0.00000,0.00000,0.00000,0.00000,0.00000,0.00000,0.00000,0.00000,0.00000,0.00218,0.00000,0.00000,0.00000,0.00000,0.00000,0.00000,0.00000,0.00000,0.00000,0.00000,0.00000,0.00000,0.00000,0.00000,0.00000,0.00000,0.00000,0.00000,0.00000,0.00000,0.00000,0.00000,0.00000,0.00000,0.00000,0.00000,0.00000,0.00000,0.00000,0.00000,0.00000,0.00000,0.00000,0.00000,0.00000,0.00000,0.00000,0.00000,0.00000,0.00000,0.00000,0.00000,0.00000,0.00000,0.00000,0.30679,1.00000,0.26414,0.00000,0.00000,0.00000,0.00000,0.00000,0.00000,0.00000,0.00000,0.00000,0.00000,0.00000,0.00000,0.00000,0.35317,0.10681,0.00000,0.00000,0.00000,0.00000,0.00000,0.00000,0.00000,0.00000,0.00000,0.00000,0.00000,0.00000,0.00000,0.00000,0.00000,0.00000,0.00000,0.00000,0.00000,0.00000,0.00000,0.00000,0.00000,0.00000,0.00000,0.00000,0.00000,0.00000
GUST_SA_VTV_4_R,0.00000,0.00000,0.00000,0.00000,0.00256,0.00000,0.00000,0.00000,0.00000,0.00000,0.00000,0.00000,0.00253,0.00000,0.00000,0.00261,0.00000,0.00000,0.00000,0.00000,0.00000,0.00000,0.00275,0.00261,0.00000,0.00000,0.00000,0.00000,0.00275,0.00000,0.00258,0.00000,0.00000,0.00000,0.00000,0.00000,0.00256,0.00000,0.00261,0.00000,0.00000,0.00000,0.00000,0.00000,0.00000,0.00000,0.00000,0.00000,0.00000,0.00000,0.00000,0.00000,0.00000,0.00000,0.00000,0.00000,0.00000,0.00000,0.00000,0.00000,0.00000,0.00000,0.00000,0.00000,0.00000,0.00000,0.00000,0.00000,0.00000,0.00000,0.00000,0.00000,0.00000,0.00000,0.00000,0.00000,0.00000,0.00000,0.00000,0.00000,0.00000,0.00000,0.00000,0.00000,0.00000,0.00000,0.00000,0.00000,0.00000,0.00000,0.00000,0.00000,0.00000,0.00000,0.00000,0.00000,0.00000,0.00000,0.00000,0.00000,0.00000,0.00000,0.00000,0.00000,0.00000,0.00000,0.00000,0.00000,0.00000,0.00000,0.00000,0.00000,0.00000,0.00000,0.00000,0.00000,0.00000,0.00000,0.00000,0.00000,0.00000,0.00000,0.00000,0.00000,0.00000,0.00000,0.00000,0.00000,0.00000,0.00000,0.00000,0.00000,0.00000,0.00000,0.00000,0.00000,0.00000,0.00000,0.00000,0.00000,0.00000,0.00000,0.00000,0.00000,0.00000,0.00000,0.00000,0.00000,0.00000,0.00000,0.00000,0.00000,0.00000,0.00000,0.00000,0.00000,0.00000,0.00000,0.00000,0.00000,0.00000,0.00000,0.00000,0.00000,0.00000,0.04854,0.00000,0.00000,0.00000,0.00000,0.00000,0.00000,0.00000,0.03832,0.00000,0.02373,0.00000,0.00000,0.00000,0.00000,0.00000,0.00000,0.00000,0.00000,0.00000,0.00000,0.01089,0.00000,0.00977,0.00000,0.00935,0.00000,0.00000,0.00000,0.00000,0.00000,0.00000,0.00000,0.00000,0.00000,0.00000,0.00000,0.00000,0.00000,0.00000,0.00000,0.00000,0.00000,0.00000,0.00000,0.00000,0.00000,0.00000,0.00000,0.00000,0.00000,0.17354,0.00000,0.00000,0.73629,0.76104,0.00000,0.00000,0.00000,0.00000,0.00000,0.00000,0.00000,0.00000,0.00000,0.00276,0.00000,0.00000,0.00000,0.00000,0.00000,0.00000,0.00000,0.00000,0.00000,0.00000,0.00000,0.00000,0.00000,0.00000,0.00000,0.00000,0.00000,0.00000,0.00000,0.00000,0.00000,0.00000,0.00000,0.00000,0.00000,0.00000,0.00000,0.00000,0.00000,0.00000,0.00000,0.00000,0.00000,0.00000,0.04509,0.02425,0.00000,0.00000,0.00000,0.00000,0.00000,0.00000,0.00000,0.00000,0.00000,0.38806,0.26414,1.00000,0.00000,0.00000,0.00000,0.00000,0.00000,0.00000,0.00000,0.00000,0.00000,0.00000,0.00000,0.00000,0.00000,0.38220,0.81062,0.00000,0.00000,0.00000,0.00000,0.00000,0.00000,0.00000,0.00000,0.00000,0.00000,0.00000,0.00000,0.00000,0.00000,0.00000,0.00000,0.00000,0.00000,0.00000,0.00000,0.00000,0.00000,0.00000,0.00000,0.00000,0.00000,0.00000,0.00000
GUST_SA_VTV_5_L,0.42248,0.43272,0.00000,0.41768,0.41120,0.40963,0.40627,0.42108,0.40003,0.41634,0.40339,0.38961,0.38657,0.40940,0.39317,0.40525,0.40482,0.39473,0.40050,0.39736,0.39850,0.40811,0.39676,0.39955,0.40791,0.38394,0.39322,0.38622,0.40154,0.41063,0.41913,0.41350,0.41889,0.39475,0.40292,0.41814,0.39978,0.39093,0.40626,0.40073,0.39169,0.41825,0.38952,0.40884,0.41238,0.41363,0.00000,0.00000,0.40300,0.40919,0.40885,0.41115,0.39726,0.40261,0.39833,0.41070,0.41179,0.40328,0.41541,0.41349,0.40163,0.40144,0.39377,0.41599,0.40860,0.41457,0.41682,0.41632,0.40603,0.42217,0.39835,0.40547,0.39897,0.42231,0.41579,0.41810,0.40784,0.42349,0.39309,0.42036,0.41024,0.40785,0.00000,0.40154,0.40298,0.40340,0.41703,0.00000,0.00000,0.00000,0.00000,0.00000,0.00000,0.00000,0.00000,0.00000,0.00000,0.00000,0.00000,0.00000,0.00000,0.00000,0.00000,0.00000,0.00000,0.05570,0.19593,0.00000,0.00000,0.00000,0.00000,0.00000,0.00000,0.00000,0.00000,0.00000,0.00000,0.00000,0.01734,0.00000,0.00000,0.00457,0.00000,0.00000,0.02051,0.00000,0.00000,0.00488,0.03175,0.00000,0.00000,0.00102,0.00000,0.00000,0.00000,0.00000,0.00000,0.00000,0.00000,0.00000,0.00000,0.00000,0.00703,0.26647,0.07795,0.00000,0.29947,0.24876,0.17017,0.22200,0.29548,0.12050,0.34598,0.22187,0.33270,0.25368,0.30584,0.40706,0.42186,0.44873,0.36224,0.21402,0.02356,0.32022,0.43601,0.47074,0.03120,0.37826,0.44168,0.42714,0.50857,0.51371,0.11984,0.30747,0.01340,0.09472,0.23385,0.05211,0.06843,0.18655,0.26244,0.30085,0.32196,0.28985,0.19719,0.23623,0.31009,0.15337,0.27821,0.14087,0.25250,0.10124,0.14972,0.24980,0.38160,0.23089,0.23106,0.11568,0.27265,0.00000,0.00000,0.00000,0.00000,0.10265,0.08199,0.00000,0.00000,0.00000,0.00000,0.06034,0.02553,0.33351,0.06127,0.00000,0.00000,0.00000,0.00000,0.00000,0.00000,0.00000,0.00000,0.00000,0.92348,0.00000,0.00000,0.00000,0.00000,0.00000,0.00000,0.02637,0.37310,0.04449,0.04916,0.02852,0.01633,0.00000,0.00000,0.00000,0.00000,0.94180,0.92694,0.00000,0.00000,0.00000,0.00000,0.00000,0.19445,0.07189,0.04975,0.10655,0.14321,0.06198,0.09693,0.00000,0.00000,0.00000,0.00000,0.05466,0.06323,0.00000,0.00000,0.00000,0.00000,0.00000,0.00000,0.00000,0.00000,0.00808,0.00575,0.00000,0.00000,0.00000,0.00000,0.00982,0.00000,0.00000,0.00000,0.00000,0.00000,1.00000,0.94948,0.00000,0.00000,0.00000,0.00000,0.00000,0.00000,0.00187,0.00764,0.01425,0.00000,0.03584,0.49596,0.00000,0.00000,0.00000,0.00000,0.00000,0.00000,0.00000,0.00000,0.00000,0.00000,0.00000,0.00000,0.00000,0.00000,0.00000,0.00000,0.00000,0.00000,0.00000,0.00000,0.00000,0.05264,0.00813,0.36494,0.40498,0.18464,0.16858,0.50814,0.56749
GUST_SA_VTV_5_R,0.43140,0.44099,0.00000,0.42345,0.41546,0.41461,0.41315,0.42560,0.41031,0.41723,0.40809,0.39364,0.39629,0.41143,0.40214,0.41290,0.41416,0.39796,0.40811,0.40394,0.40563,0.41313,0.40932,0.40832,0.41355,0.40384,0.40340,0.39524,0.41108,0.41627,0.42511,0.41929,0.42273,0.40333,0.41199,0.42628,0.40251,0.40135,0.41371,0.40697,0.40386,0.42288,0.39606,0.41623,0.41749,0.41634,0.00000,0.00000,0.40968,0.41514,0.41677,0.41652,0.40014,0.40488,0.40592,0.41897,0.41689,0.41114,0.42039,0.41718,0.41002,0.40447,0.39970,0.41946,0.41720,0.41760,0.42190,0.42391,0.41361,0.42202,0.40351,0.41430,0.40571,0.42553,0.42326,0.42119,0.41334,0.42734,0.40442,0.41846,0.41028,0.41293,0.00000,0.41080,0.40845,0.40984,0.42588,0.00000,0.00000,0.00000,0.00000,0.00000,0.00000,0.00000,0.00000,0.00000,0.00000,0.00000,0.00000,0.00000,0.00000,0.00000,0.00000,0.00000,0.00000,0.08571,0.18091,0.00000,0.00000,0.00000,0.00000,0.00000,0.00000,0.00000,0.00000,0.00000,0.00000,0.00000,0.01245,0.00000,0.00000,0.00113,0.00000,0.00000,0.03156,0.00000,0.00000,0.00300,0.02931,0.00000,0.00000,0.00312,0.00000,0.00000,0.00000,0.00000,0.00000,0.00000,0.00000,0.00000,0.00000,0.00000,0.00432,0.25775,0.07453,0.00000,0.34200,0.24531,0.15566,0.27187,0.32178,0.08901,0.39766,0.18952,0.37575,0.22041,0.35689,0.33926,0.40049,0.45125,0.33494,0.19279,0.02900,0.33743,0.40671,0.48541,0.00886,0.39914,0.42375,0.44440,0.50641,0.53334,0.09939,0.32421,0.01444,0.11457,0.29230,0.04229,0.06647,0.17067,0.28764,0.30327,0.34406,0.28211,0.16741,0.25792,0.30034,0.15423,0.27408,0.15163,0.26225,0.13907,0.12792,0.24088,0.39553,0.21236,0.22782,0.13415,0.23090,0.00000,0.00000,0.00000,0.00000,0.12590,0.05207,0.00000,0.00000,0.00000,0.00000,0.06190,0.01571,0.40819,0.02828,0.00000,0.00000,0.00000,0.00000,0.00000,0.00000,0.00000,0.00000,0.00000,0.93041,0.00000,0.00000,0.00000,0.00000,0.00000,0.00000,0.03347,0.38015,0.05533,0.05923,0.02414,0.03015,0.00000,0.00000,0.00000,0.00000,0.94978,0.94003,0.00000,0.00000,0.00000,0.00000,0.00000,0.22678,0.09241,0.06223,0.12165,0.17949,0.07671,0.12158,0.00000,0.00000,0.00000,0.00000,0.06690,0.07382,0.00000,0.00000,0.00000,0.00000,0.00000,0.00000,0.00000,0.00000,0.00498,0.00354,0.00000,0.00000,0.00000,0.00000,0.01510,0.00000,0.00000,0.00000,0.00000,0.00000,0.94948,1.00000,0.00000,0.00000,0.00000,0.00000,0.00000,0.00000,0.00231,0.00000,0.02193,0.00000,0.04648,0.49630,0.00000,0.00000,0.00000,0.00000,0.00000,0.00000,0.00000,0.00000,0.00000,0.00000,0.00000,0.00000,0.00000,0.00000,0.00000,0.00000,0.00000,0.00000,0.00000,0.00000,0.00000,0.05550,0.00750,0.36899,0.40655,0.15425,0.14883,0.51666,0.57374
GUST_SA_VTV_7_L,0.00000,0.00000,0.00000,0.00000,0.00000,0.00000,0.00000,0.00000,0.00000,0.00000,0.00000,0.00000,0.00000,0.00000,0.00000,0.00000,0.00000,0.00000,0.00000,0.00000,0.00000,0.00000,0.00000,0.00000,0.00000,0.00000,0.00000,0.00000,0.00000,0.00000,0.00000,0.00000,0.00000,0.00000,0.00000,0.00000,0.00000,0.00000,0.00000,0.00000,0.00000,0.00000,0.00000,0.00000,0.00000,0.00000,0.00000,0.00000,0.00000,0.00000,0.00000,0.00000,0.00000,0.00000,0.00000,0.00000,0.00000,0.00000,0.00000,0.00000,0.00000,0.00000,0.00000,0.00000,0.00000,0.00000,0.00000,0.00000,0.00000,0.00000,0.00000,0.00000,0.00000,0.00000,0.00000,0.00000,0.00000,0.00000,0.00000,0.00000,0.00000,0.00000,0.00000,0.00000,0.00000,0.00000,0.00000,0.00000,0.00000,0.00000,0.00000,0.00000,0.00000,0.00000,0.00000,0.00000,0.00000,0.00000,0.00000,0.00000,0.00000,0.00000,0.00000,0.00000,0.00000,0.00000,0.00000,0.00000,0.00000,0.00000,0.00000,0.00000,0.00000,0.00000,0.00000,0.00000,0.00000,0.00000,0.00000,0.00000,0.00000,0.00000,0.00000,0.00000,0.00000,0.00000,0.00000,0.00000,0.00000,0.00000,0.00000,0.00000,0.00000,0.00000,0.00000,0.00000,0.00000,0.00000,0.00000,0.00000,0.00000,0.00000,0.00000,0.00000,0.00000,0.00000,0.00000,0.00000,0.00000,0.00000,0.00000,0.00000,0.00000,0.00000,0.00000,0.00000,0.00000,0.00000,0.00000,0.00000,0.00000,0.00000,0.00000,0.00000,0.00000,0.00000,0.00000,0.00000,0.00000,0.00000,0.00000,0.00000,0.00000,0.00000,0.00000,0.00000,0.00000,0.00000,0.00000,0.00000,0.00000,0.00000,0.00000,0.00000,0.00000,0.00000,0.00000,0.00000,0.00000,0.00000,0.00000,0.00000,0.00000,0.00000,0.00000,0.00000,0.00000,0.00000,0.00000,0.00000,0.00000,0.00000,0.00000,0.00000,0.00000,0.00000,0.00000,0.00000,0.00000,0.00000,0.00000,0.00000,0.00000,0.00000,0.00000,0.00000,0.00000,0.00000,0.00000,0.00000,0.00000,0.00000,0.00000,0.00000,0.00000,0.00000,0.00000,0.00000,0.00000,0.00000,0.00000,0.00000,0.00000,0.00000,0.00000,0.00000,0.00000,0.00000,0.00000,0.00000,0.00000,0.00000,0.00000,0.00000,0.00000,0.00000,0.00000,0.00000,0.00000,0.00000,0.00000,0.00000,0.00000,0.00000,0.00000,0.00000,0.00000,0.00000,0.00000,0.00000,0.00000,0.00000,0.00000,0.00000,0.00000,0.00000,0.00000,0.00000,0.00000,0.00000,0.00000,0.00000,0.00000,0.00000,0.00000,0.00000,0.00000,0.00000,0.00000,0.00000,0.00000,0.00000,0.00000,0.00000,0.00000,0.00000,0.00000,0.00000,0.00000,0.00000,0.00000,0.00000,0.00000,0.00000,0.00000,0.00000,0.00000,0.00000,0.00000,0.00000,0.00000,0.00000,0.00000,0.00000,0.00000,0.00000,0.00000,0.00000,0.00000,0.00000,0.00000,0.00000,0.00000,0.00000,0.00000,0.00000,0.00000,0.00000,0.00000,0.00000,0.00000,0.00000
GUST_SA_VTV_7_R,0.00000,0.00000,0.00000,0.00000,0.00000,0.00000,0.00000,0.00000,0.00000,0.00000,0.00000,0.00000,0.00000,0.00000,0.00000,0.00000,0.00000,0.00000,0.00000,0.00000,0.00000,0.00000,0.00000,0.00000,0.00000,0.00000,0.00000,0.00000,0.00000,0.00000,0.00000,0.00000,0.00000,0.00000,0.00000,0.00000,0.00000,0.00000,0.00000,0.00000,0.00000,0.00000,0.00000,0.00000,0.00000,0.00000,0.00000,0.00000,0.00000,0.00000,0.00000,0.00000,0.00000,0.00000,0.00000,0.00000,0.00000,0.00000,0.00000,0.00000,0.00000,0.00000,0.00000,0.00000,0.00000,0.00000,0.00000,0.00000,0.00000,0.00000,0.00000,0.00000,0.00000,0.00000,0.00000,0.00000,0.00000,0.00000,0.00000,0.00000,0.00000,0.00000,0.00000,0.00000,0.00000,0.00000,0.00000,0.00000,0.00000,0.00000,0.00000,0.00000,0.00000,0.00000,0.00000,0.00000,0.00000,0.00000,0.00000,0.00000,0.00000,0.00000,0.00000,0.00000,0.00000,0.00000,0.00000,0.00000,0.00000,0.00000,0.00000,0.00000,0.00000,0.00000,0.00000,0.00000,0.00000,0.00000,0.00000,0.00000,0.00000,0.00000,0.00000,0.00000,0.00000,0.00000,0.00000,0.00000,0.00000,0.00000,0.00000,0.00000,0.00000,0.00000,0.00000,0.00000,0.00000,0.00000,0.00000,0.00000,0.00000,0.00000,0.00000,0.00000,0.00000,0.00000,0.00000,0.00000,0.00000,0.00000,0.00000,0.00000,0.00000,0.00000,0.00000,0.00000,0.00000,0.00000,0.00000,0.00000,0.00000,0.00000,0.00000,0.00000,0.00000,0.00000,0.00000,0.00000,0.00000,0.00000,0.00000,0.00000,0.00000,0.00000,0.00000,0.00000,0.00000,0.00000,0.00000,0.00000,0.00000,0.00000,0.00000,0.00000,0.00000,0.00000,0.00000,0.00000,0.00000,0.00000,0.00000,0.00000,0.00000,0.00000,0.00000,0.00000,0.00000,0.00000,0.00000,0.00000,0.00000,0.00000,0.00000,0.00000,0.00000,0.00000,0.00000,0.00000,0.00000,0.00000,0.00000,0.00000,0.00000,0.00000,0.00000,0.00000,0.00000,0.00000,0.00000,0.00000,0.00000,0.00000,0.00000,0.00000,0.00000,0.00000,0.00000,0.00000,0.00000,0.00000,0.00000,0.00000,0.00000,0.00000,0.00000,0.00000,0.00000,0.00000,0.00000,0.00000,0.00000,0.00000,0.00000,0.00000,0.00000,0.00000,0.00000,0.00000,0.00000,0.00000,0.00000,0.00000,0.00000,0.00000,0.00000,0.00000,0.00000,0.00000,0.00000,0.00000,0.00000,0.00000,0.00000,0.00000,0.00000,0.00000,0.00000,0.00000,0.00000,0.00000,0.00000,0.00000,0.00000,0.00000,0.00000,0.00000,0.00000,0.00000,0.00000,0.00000,0.00000,0.00000,0.00000,0.00000,0.00000,0.00000,0.00000,0.00000,0.00000,0.00000,0.00000,0.00000,0.00000,0.00000,0.00000,0.00000,0.00000,0.00000,0.00000,0.00000,0.00000,0.00000,0.00000,0.00000,0.00000,0.00000,0.00000,0.00000,0.00000,0.00000,0.00000,0.00000,0.00000,0.00000,0.00000,0.00000,0.00000,0.00000,0.00000,0.00000,0.00000,0.00000
GUST_SA_VTV_8_L,0.00000,0.00000,0.00000,0.00000,0.00000,0.00000,0.00000,0.00000,0.00000,0.00000,0.00000,0.00000,0.00000,0.00000,0.00000,0.00000,0.00000,0.00000,0.00000,0.00000,0.00000,0.00000,0.00000,0.00000,0.00000,0.00000,0.00000,0.00000,0.00000,0.00000,0.00000,0.00000,0.00000,0.00000,0.00000,0.00000,0.00000,0.00000,0.00000,0.00000,0.00000,0.00000,0.00000,0.00000,0.00000,0.00000,0.00000,0.00000,0.00000,0.00000,0.00000,0.00000,0.00000,0.00000,0.00000,0.00000,0.00000,0.00000,0.00000,0.00000,0.00000,0.00000,0.00000,0.00000,0.00000,0.00000,0.00000,0.00000,0.00000,0.00000,0.00000,0.00000,0.00000,0.00000,0.00000,0.00000,0.00000,0.00000,0.00000,0.00000,0.00000,0.00000,0.00000,0.00000,0.00000,0.00000,0.00000,0.00000,0.00000,0.00000,0.00000,0.00000,0.00000,0.00000,0.00000,0.00000,0.00000,0.00000,0.00000,0.00000,0.00000,0.00000,0.00000,0.00000,0.00000,0.00000,0.00000,0.00000,0.00000,0.00000,0.00000,0.00000,0.00000,0.00000,0.00000,0.00000,0.00000,0.00000,0.00000,0.00000,0.00000,0.00000,0.00000,0.00000,0.00000,0.00000,0.00000,0.00000,0.00000,0.00000,0.00000,0.00000,0.00000,0.00000,0.00000,0.00000,0.00000,0.00000,0.00000,0.00000,0.00000,0.00000,0.00000,0.00000,0.00000,0.00000,0.00000,0.00000,0.00000,0.00000,0.00000,0.00000,0.00000,0.00000,0.00000,0.00000,0.00000,0.00000,0.00000,0.00000,0.00000,0.00000,0.00000,0.00000,0.00000,0.00000,0.00000,0.00000,0.00000,0.00000,0.00000,0.00000,0.00000,0.00000,0.00000,0.00000,0.00000,0.00000,0.00000,0.00000,0.00000,0.00000,0.00000,0.00000,0.00000,0.00000,0.00000,0.00000,0.00000,0.00000,0.00000,0.00000,0.00000,0.00000,0.00000,0.00000,0.00000,0.00000,0.00000,0.00000,0.00000,0.00000,0.00000,0.00000,0.00000,0.00000,0.00000,0.00000,0.00000,0.00000,0.00000,0.00000,0.00000,0.00000,0.00000,0.00000,0.00000,0.00000,0.00000,0.00000,0.00000,0.00000,0.00000,0.00000,0.00000,0.00000,0.00000,0.00000,0.00000,0.00000,0.00000,0.00000,0.00000,0.00000,0.00000,0.00000,0.00000,0.00000,0.00000,0.00000,0.00000,0.00000,0.00000,0.00000,0.00000,0.00000,0.00000,0.00000,0.00000,0.00000,0.00000,0.00000,0.00000,0.00000,0.00000,0.00000,0.00000,0.00000,0.00000,0.00000,0.00000,0.00000,0.00000,0.00000,0.00000,0.00000,0.00000,0.00000,0.00000,0.00000,0.00000,0.00000,0.00000,0.00000,0.00000,0.00000,0.00000,0.00000,0.00000,0.00000,0.00000,0.00000,0.00000,0.00000,0.00000,0.00000,0.00000,0.00000,0.00000,0.00000,0.00000,0.00000,0.00000,0.00000,0.00000,0.00000,0.00000,0.00000,0.00000,0.00000,0.00000,0.00000,0.00000,0.00000,0.00000,0.00000,0.00000,0.00000,0.00000,0.00000,0.00000,0.00000,0.00000,0.00000,0.00000,0.00000,0.00000,0.00000,0.00000,0.00000,0.00000,0.00000
GUST_SA_VTV_8_R,0.00000,0.00000,0.00000,0.00000,0.00000,0.00000,0.00000,0.00000,0.00000,0.00000,0.00000,0.00000,0.00000,0.00000,0.00000,0.00000,0.00000,0.00000,0.00000,0.00000,0.00000,0.00000,0.00000,0.00000,0.00000,0.00000,0.00000,0.00000,0.00000,0.00000,0.00000,0.00000,0.00000,0.00000,0.00000,0.00000,0.00000,0.00000,0.00000,0.00000,0.00000,0.00000,0.00000,0.00000,0.00000,0.00000,0.00000,0.00000,0.00000,0.00000,0.00000,0.00000,0.00000,0.00000,0.00000,0.00000,0.00000,0.00000,0.00000,0.00000,0.00000,0.00000,0.00000,0.00000,0.00000,0.00000,0.00000,0.00000,0.00000,0.00000,0.00000,0.00000,0.00000,0.00000,0.00000,0.00000,0.00000,0.00000,0.00000,0.00000,0.00000,0.00000,0.00000,0.00000,0.00000,0.00000,0.00000,0.00000,0.00000,0.00000,0.00000,0.00000,0.00000,0.00000,0.00000,0.00000,0.00000,0.00000,0.00000,0.00000,0.00000,0.00000,0.00000,0.00000,0.00000,0.00000,0.00000,0.00000,0.00000,0.00000,0.00000,0.00000,0.00000,0.00000,0.00000,0.00000,0.00000,0.00000,0.00000,0.00000,0.00000,0.00000,0.00000,0.00000,0.00000,0.00000,0.00000,0.00000,0.00000,0.00000,0.00000,0.00000,0.00000,0.00000,0.00000,0.00000,0.00000,0.00000,0.00000,0.00000,0.00000,0.00000,0.00000,0.00000,0.00000,0.00000,0.00000,0.00000,0.00000,0.00000,0.00000,0.00000,0.00000,0.00000,0.00000,0.00000,0.00000,0.00000,0.00000,0.00000,0.00000,0.00000,0.00000,0.00000,0.00000,0.00000,0.00000,0.00000,0.00000,0.00000,0.00000,0.00000,0.00000,0.00000,0.00000,0.00000,0.00000,0.00000,0.00000,0.00000,0.00000,0.00000,0.00000,0.00000,0.00000,0.00000,0.00000,0.00000,0.00000,0.00000,0.00000,0.00000,0.00000,0.00000,0.00000,0.00000,0.00000,0.00000,0.00000,0.00000,0.00000,0.00000,0.00000,0.00000,0.00000,0.00000,0.00000,0.00000,0.00000,0.00000,0.00000,0.00000,0.00000,0.00000,0.00000,0.00000,0.00000,0.00000,0.00000,0.00000,0.00000,0.00000,0.00000,0.00000,0.00000,0.00000,0.00000,0.00000,0.00000,0.00000,0.00000,0.00000,0.00000,0.00000,0.00000,0.00000,0.00000,0.00000,0.00000,0.00000,0.00000,0.00000,0.00000,0.00000,0.00000,0.00000,0.00000,0.00000,0.00000,0.00000,0.00000,0.00000,0.00000,0.00000,0.00000,0.00000,0.00000,0.00000,0.00000,0.00000,0.00000,0.00000,0.00000,0.00000,0.00000,0.00000,0.00000,0.00000,0.00000,0.00000,0.00000,0.00000,0.00000,0.00000,0.00000,0.00000,0.00000,0.00000,0.00000,0.00000,0.00000,0.00000,0.00000,0.00000,0.00000,0.00000,0.00000,0.00000,0.00000,0.00000,0.00000,0.00000,0.00000,0.00000,0.00000,0.00000,0.00000,0.00000,0.00000,0.00000,0.00000,0.00000,0.00000,0.00000,0.00000,0.00000,0.00000,0.00000,0.00000,0.00000,0.00000,0.00000,0.00000,0.00000,0.00000,0.00000,0.00000,0.00000,0.00000,0.00000,0.00000,0.00000
GUST_SA_VTV_9_L,0.00000,0.00000,0.00000,0.00000,0.00000,0.00000,0.00000,0.00000,0.00000,0.00000,0.00000,0.00000,0.00000,0.00000,0.00000,0.00000,0.00000,0.00000,0.00000,0.00000,0.00000,0.00000,0.00000,0.00000,0.00000,0.00000,0.00000,0.00000,0.00000,0.00000,0.00000,0.00000,0.00000,0.00000,0.00000,0.00000,0.00000,0.00000,0.00000,0.00000,0.00000,0.00000,0.00000,0.00000,0.00000,0.00000,0.00000,0.00000,0.00000,0.00000,0.00000,0.00000,0.00000,0.00000,0.00000,0.00000,0.00000,0.00000,0.00000,0.00000,0.00000,0.00000,0.00000,0.00000,0.00000,0.00000,0.00000,0.00000,0.00000,0.00000,0.00000,0.00000,0.00000,0.00000,0.00000,0.00000,0.00000,0.00000,0.00000,0.00000,0.00000,0.00000,0.00000,0.00000,0.00000,0.00000,0.00000,0.00000,0.00000,0.00000,0.00000,0.00000,0.00000,0.00000,0.00000,0.00000,0.00000,0.00000,0.00000,0.00000,0.00000,0.00000,0.00000,0.00000,0.00000,0.00000,0.00000,0.00000,0.00000,0.00000,0.00000,0.00000,0.00000,0.00000,0.00000,0.00000,0.00000,0.00000,0.00000,0.00000,0.00000,0.00000,0.00000,0.00000,0.00000,0.00000,0.00000,0.00000,0.00000,0.00000,0.00000,0.00000,0.00000,0.00000,0.00000,0.00000,0.00000,0.00000,0.00000,0.00000,0.00000,0.00000,0.00000,0.00000,0.00000,0.00000,0.00000,0.00000,0.00000,0.00000,0.00000,0.00000,0.00000,0.00000,0.00000,0.00000,0.00000,0.00000,0.00000,0.00000,0.00000,0.00000,0.00000,0.00000,0.00000,0.00000,0.00000,0.00000,0.00000,0.00000,0.00000,0.00000,0.00000,0.00000,0.00000,0.00000,0.00000,0.00000,0.00000,0.00000,0.00000,0.00000,0.00000,0.00000,0.00000,0.00000,0.00000,0.00000,0.00000,0.00000,0.00000,0.00000,0.00000,0.00000,0.00000,0.00000,0.00000,0.00000,0.00000,0.00000,0.00000,0.00000,0.00000,0.00000,0.00000,0.00000,0.00000,0.00000,0.00000,0.00000,0.00000,0.00000,0.00000,0.00000,0.00000,0.00000,0.00000,0.00000,0.00000,0.00000,0.00000,0.00000,0.00000,0.00000,0.00000,0.00000,0.00000,0.00000,0.00000,0.00000,0.00000,0.00000,0.00000,0.00000,0.00000,0.00000,0.00000,0.00000,0.00000,0.00000,0.00000,0.00000,0.00000,0.00000,0.00000,0.00000,0.00000,0.00000,0.00000,0.00000,0.00000,0.00000,0.00000,0.00000,0.00000,0.00000,0.00000,0.00000,0.00000,0.00000,0.00000,0.00000,0.00000,0.00000,0.00000,0.00000,0.00000,0.00000,0.00000,0.00000,0.00000,0.00000,0.00000,0.00000,0.00000,0.00000,0.00000,0.00000,0.00000,0.00000,0.00000,0.00000,0.00000,0.00000,0.00000,0.00000,0.00000,0.00000,0.00000,0.00000,0.00000,0.00000,0.00000,0.00000,0.00000,0.00000,0.00000,0.00000,0.00000,0.00000,0.00000,0.00000,0.00000,0.00000,0.00000,0.00000,0.00000,0.00000,0.00000,0.00000,0.00000,0.00000,0.00000,0.00000,0.00000,0.00000,0.00000,0.00000,0.00000,0.00000,0.00000,0.00000
GUST_SA_VTV_9_R,0.00000,0.00000,0.00000,0.00000,0.00000,0.00000,0.00000,0.00000,0.00000,0.00000,0.00000,0.00000,0.00000,0.00000,0.00000,0.00000,0.00000,0.00000,0.00000,0.00000,0.00000,0.00000,0.00000,0.00000,0.00000,0.00000,0.00000,0.00000,0.00000,0.00000,0.00000,0.00000,0.00000,0.00000,0.00000,0.00000,0.00000,0.00000,0.00000,0.00000,0.00000,0.00000,0.00000,0.00000,0.00000,0.00000,0.00000,0.00000,0.00000,0.00000,0.00000,0.00000,0.00000,0.00000,0.00000,0.00000,0.00000,0.00000,0.00000,0.00000,0.00000,0.00000,0.00000,0.00000,0.00000,0.00000,0.00000,0.00000,0.00000,0.00000,0.00000,0.00000,0.00000,0.00000,0.00000,0.00000,0.00000,0.00000,0.00000,0.00000,0.00000,0.00000,0.00000,0.00000,0.00000,0.00000,0.00000,0.00000,0.00000,0.00000,0.00000,0.00000,0.00000,0.00000,0.00000,0.00000,0.00000,0.00000,0.00000,0.00000,0.00000,0.00000,0.00000,0.00000,0.00000,0.00000,0.00000,0.00000,0.00000,0.00000,0.00000,0.00000,0.00000,0.00000,0.00000,0.00000,0.00000,0.00000,0.00000,0.00000,0.00000,0.00000,0.00000,0.00000,0.00000,0.00000,0.00000,0.00000,0.00000,0.00000,0.00000,0.00000,0.00000,0.00000,0.00000,0.00000,0.00000,0.00000,0.00000,0.00000,0.00000,0.00000,0.00000,0.00000,0.00000,0.00000,0.00000,0.00000,0.00000,0.00000,0.00000,0.00000,0.00000,0.00000,0.00000,0.00000,0.00000,0.00000,0.00000,0.00000,0.00000,0.00000,0.00000,0.00000,0.00000,0.00000,0.00000,0.00000,0.00000,0.00000,0.00000,0.00000,0.00000,0.00000,0.00000,0.00000,0.00000,0.00000,0.00000,0.00000,0.00000,0.00000,0.00000,0.00000,0.00000,0.00000,0.00000,0.00000,0.00000,0.00000,0.00000,0.00000,0.00000,0.00000,0.00000,0.00000,0.00000,0.00000,0.00000,0.00000,0.00000,0.00000,0.00000,0.00000,0.00000,0.00000,0.00000,0.00000,0.00000,0.00000,0.00000,0.00000,0.00000,0.00000,0.00000,0.00000,0.00000,0.00000,0.00000,0.00000,0.00000,0.00000,0.00000,0.00000,0.00000,0.00000,0.00000,0.00000,0.00000,0.00000,0.00000,0.00000,0.00000,0.00000,0.00000,0.00000,0.00000,0.00000,0.00000,0.00000,0.00000,0.00000,0.00000,0.00000,0.00000,0.00000,0.00000,0.00000,0.00000,0.00000,0.00000,0.00000,0.00000,0.00000,0.00000,0.00000,0.00000,0.00000,0.00000,0.00000,0.00000,0.00000,0.00000,0.00000,0.00000,0.00000,0.00000,0.00000,0.00000,0.00000,0.00000,0.00000,0.00000,0.00000,0.00000,0.00000,0.00000,0.00000,0.00000,0.00000,0.00000,0.00000,0.00000,0.00000,0.00000,0.00000,0.00000,0.00000,0.00000,0.00000,0.00000,0.00000,0.00000,0.00000,0.00000,0.00000,0.00000,0.00000,0.00000,0.00000,0.00000,0.00000,0.00000,0.00000,0.00000,0.00000,0.00000,0.00000,0.00000,0.00000,0.00000,0.00000,0.00000,0.00000,0.00000,0.00000,0.00000,0.00000,0.00000,0.00000,0.00000,0.00000
GUST_claw_tpGRN_L,0.00812,0.00730,0.00000,0.00732,0.00709,0.00737,0.00614,0.00918,0.00773,0.00651,0.00784,0.00769,0.00720,0.00662,0.00873,0.00792,0.00645,0.00662,0.00768,0.00733,0.00711,0.00876,0.00809,0.00769,0.00814,0.00846,0.00785,0.00755,0.00734,0.00730,0.00805,0.00732,0.00827,0.00953,0.00852,0.00786,0.00752,0.00775,0.00815,0.00767,0.01016,0.00708,0.00918,0.00607,0.00776,0.00692,0.00000,0.00000,0.00895,0.00784,0.00755,0.00832,0.00793,0.00806,0.00757,0.00806,0.00795,0.00729,0.00814,0.00811,0.00716,0.00757,0.00787,0.00720,0.00767,0.00748,0.00877,0.00743,0.00684,0.00833,0.00836,0.00805,0.00823,0.00793,0.00887,0.00727,0.00787,0.00698,0.00787,0.00745,0.00718,0.00773,0.00000,0.00953,0.00705,0.00754,0.00721,0.00000,0.00000,0.00000,0.00000,0.00000,0.00000,0.00000,0.00000,0.00000,0.00000,0.00000,0.00000,0.00000,0.00000,0.00000,0.00000,0.00000,0.00000,0.00000,0.00000,0.00000,0.00000,0.00000,0.00000,0.00000,0.00000,0.00000,0.00000,0.00000,0.00000,0.00000,0.00000,0.00000,0.00000,0.00000,0.00000,0.00000,0.00000,0.00000,0.00000,0.00000,0.00000,0.00000,0.00000,0.00000,0.00000,0.00000,0.00000,0.00000,0.00000,0.00000,0.00000,0.00000,0.00000,0.00000,0.00000,0.00000,0.00000,0.00000,0.00872,0.02019,0.00000,0.00000,0.00150,0.00000,0.00446,0.00227,0.00379,0.01434,0.00000,0.00060,0.00058,0.00000,0.00000,0.00000,0.00238,0.00283,0.00036,0.00185,0.00000,0.00000,0.00120,0.00261,0.00507,0.00146,0.00000,0.00000,0.00000,0.00000,0.00000,0.00000,0.00000,0.00532,0.00150,0.01160,0.00146,0.00000,0.00000,0.00000,0.00000,0.00582,0.00000,0.00000,0.00000,0.00000,0.00000,0.00115,0.00123,0.00000,0.00022,0.00089,0.00112,0.00000,0.00000,0.00000,0.00000,0.00000,0.00000,0.00000,0.00000,0.00000,0.00000,0.00000,0.00000,0.04458,0.00000,0.00000,0.00000,0.00000,0.00000,0.00000,0.00000,0.00000,0.00000,0.00000,0.00000,0.00000,0.00000,0.00000,0.00000,0.00000,0.00000,0.15096,0.03959,0.04349,0.05344,0.01025,0.02086,0.00000,0.00000,0.00000,0.00000,0.00306,0.00291,0.00000,0.00000,0.00000,0.00000,0.00000,0.04575,0.08045,0.04766,0.09658,0.09808,0.09602,0.07067,0.00000,0.00000,0.00000,0.00000,0.05093,0.07520,0.00000,0.00000,0.00000,0.00000,0.00000,0.00000,0.00000,0.00000,0.00430,0.00735,0.00000,0.00000,0.00000,0.00000,0.04388,0.00000,0.00000,0.00000,0.00000,0.00000,0.00187,0.00231,0.00000,0.00000,0.00000,0.00000,0.00000,0.00000,1.00000,0.10734,0.34589,0.06935,0.17641,0.00531,0.00000,0.00000,0.00000,0.00000,0.00000,0.00000,0.00000,0.00000,0.00000,0.00000,0.00000,0.00000,0.00000,0.00000,0.00000,0.00000,0.00000,0.00000,0.00000,0.00000,0.00000,0.00000,0.00000,0.00723,0.00552,0.00105,0.00000,0.00690,0.00584
GUST_claw_tpGRN_R,0.00552,0.00652,0.00000,0.00587,0.00606,0.00564,0.00578,0.00557,0.00542,0.00562,0.00549,0.00570,0.00597,0.00558,0.00578,0.00570,0.00536,0.00627,0.00553,0.00544,0.00522,0.00562,0.00550,0.00523,0.00439,0.00575,0.00534,0.00529,0.00549,0.00577,0.00563,0.00560,0.00515,0.00633,0.00511,0.00517,0.00604,0.00558,0.00618,0.00552,0.00592,0.00548,0.00576,0.00594,0.00605,0.00564,0.00000,0.00000,0.00608,0.00500,0.00513,0.00534,0.00588,0.00532,0.00655,0.00580,0.00589,0.00564,0.00553,0.00501,0.00566,0.00514,0.00551,0.00521,0.00555,0.00699,0.00613,0.00505,0.00517,0.00614,0.00569,0.00483,0.00559,0.00570,0.00571,0.00511,0.00535,0.00589,0.00518,0.00524,0.00556,0.00489,0.00000,0.00588,0.00603,0.00481,0.00506,0.00000,0.00000,0.00000,0.00000,0.00000,0.00000,0.00000,0.00000,0.00000,0.00000,0.00000,0.00000,0.00000,0.00000,0.00000,0.00000,0.00000,0.00000,0.00000,0.00000,0.00000,0.00000,0.00000,0.00000,0.00000,0.00000,0.00000,0.00000,0.00000,0.00000,0.00000,0.00000,0.00000,0.00000,0.00000,0.00000,0.00000,0.00000,0.00000,0.00000,0.00000,0.00000,0.00000,0.00000,0.00000,0.00000,0.00000,0.00381,0.00000,0.00000,0.00000,0.00000,0.00000,0.00000,0.00000,0.00000,0.00000,0.00432,0.00000,0.00000,0.03173,0.00616,0.00000,0.00000,0.03864,0.00000,0.03013,0.00000,0.02924,0.00000,0.01463,0.01907,0.02364,0.01648,0.00000,0.00000,0.00809,0.02044,0.00630,0.00000,0.01152,0.01472,0.00585,0.01464,0.01561,0.00000,0.00000,0.00000,0.00000,0.00000,0.00000,0.00000,0.00241,0.00204,0.00000,0.01886,0.00000,0.02717,0.00065,0.00264,0.00198,0.02309,0.00000,0.00765,0.00000,0.00000,0.00234,0.00250,0.00050,0.00000,0.00291,0.00380,0.00000,0.00000,0.00000,0.00000,0.00976,0.01271,0.00000,0.00000,0.00000,0.00000,0.00000,0.03325,0.00000,0.08313,0.00000,0.00000,0.00000,0.00000,0.00000,0.00000,0.00000,0.00000,0.00000,0.00000,0.00000,0.00000,0.00000,0.00000,0.00000,0.00000,0.15351,0.10933,0.05913,0.08310,0.03018,0.00000,0.00000,0.00000,0.00000,0.00000,0.00625,0.00198,0.00000,0.00000,0.00000,0.00000,0.00000,0.13330,0.11021,0.07107,0.13654,0.14608,0.10821,0.11553,0.00000,0.00000,0.00000,0.00000,0.07957,0.08804,0.00000,0.00000,0.00000,0.00000,0.00000,0.00000,0.00000,0.00000,0.00702,0.00499,0.00000,0.00000,0.00000,0.00000,0.00639,0.00000,0.00000,0.00000,0.00000,0.00000,0.00764,0.00000,0.00000,0.00000,0.00000,0.00000,0.00000,0.00000,0.10734,1.00000,0.27845,0.42934,0.16184,0.00000,0.00000,0.00000,0.00000,0.00000,0.00000,0.00000,0.00000,0.00000,0.00000,0.00000,0.00000,0.00000,0.00000,0.00000,0.00000,0.00000,0.00000,0.00000,0.00000,0.00000,0.00000,0.00000,0.00000,0.00558,0.00659,0.01718,0.00578,0.00448,0.00595
GUST_dorsal_tpGRN_L,0.05537,0.04949,0.00000,0.04776,0.04870,0.04863,0.04451,0.05569,0.05237,0.04668,0.05451,0.05053,0.04924,0.04384,0.05747,0.05230,0.04542,0.04274,0.05373,0.04735,0.04544,0.05049,0.05595,0.05187,0.05466,0.05943,0.05112,0.05249,0.04981,0.04976,0.04944,0.04571,0.04937,0.05732,0.05434,0.05548,0.05551,0.04940,0.05361,0.05195,0.06259,0.05063,0.05328,0.04528,0.05036,0.04780,0.00000,0.00000,0.05411,0.04897,0.05025,0.05701,0.04982,0.05054,0.05193,0.04963,0.05269,0.04881,0.05113,0.05047,0.04924,0.04930,0.04911,0.04551,0.05129,0.05096,0.05336,0.04765,0.04340,0.04667,0.05613,0.05494,0.05695,0.05588,0.05283,0.04961,0.05173,0.04903,0.05602,0.04643,0.04711,0.05072,0.00000,0.05777,0.04628,0.05067,0.05101,0.00000,0.00000,0.00000,0.00000,0.00000,0.00000,0.00000,0.00000,0.00000,0.00000,0.00000,0.00000,0.00000,0.00000,0.00000,0.00000,0.00000,0.00000,0.00000,0.00000,0.00000,0.00000,0.00000,0.00000,0.00000,0.00000,0.00000,0.00000,0.00000,0.00000,0.00000,0.00000,0.00000,0.00000,0.00000,0.00000,0.00000,0.00000,0.00000,0.00000,0.00000,0.00000,0.00000,0.00784,0.00000,0.00000,0.00000,0.00000,0.00000,0.00000,0.00000,0.00000,0.00000,0.05117,0.00000,0.03415,0.00000,0.02217,0.00000,0.01259,0.03841,0.00000,0.00000,0.00190,0.00000,0.00989,0.00865,0.01684,0.02591,0.00000,0.00227,0.02112,0.01838,0.00000,0.00000,0.00603,0.01401,0.00272,0.00823,0.00000,0.00239,0.00801,0.00992,0.04178,0.02219,0.00460,0.00000,0.00000,0.00000,0.00000,0.00000,0.00000,0.00000,0.00761,0.00325,0.00185,0.00000,0.00000,0.00121,0.00000,0.00000,0.00331,0.00000,0.00000,0.00000,0.00000,0.00764,0.00759,0.00000,0.00000,0.01120,0.00213,0.00000,0.00000,0.00000,0.00000,0.00000,0.00000,0.00000,0.00000,0.00000,0.00000,0.00000,0.00000,0.00942,0.00000,0.00000,0.00000,0.00000,0.00000,0.00000,0.00000,0.00000,0.00000,0.00000,0.01006,0.00000,0.00000,0.00000,0.00000,0.00000,0.00000,0.32555,0.11040,0.14783,0.17536,0.04548,0.15870,0.00000,0.00000,0.00000,0.00000,0.02137,0.02585,0.00000,0.00000,0.00000,0.00000,0.00000,0.37302,0.24734,0.15696,0.32572,0.33752,0.27559,0.25332,0.00000,0.00000,0.00000,0.00000,0.18830,0.22342,0.00000,0.00000,0.00000,0.00000,0.00000,0.00000,0.00000,0.00000,0.37972,0.29114,0.00000,0.00000,0.00000,0.00000,0.08646,0.00000,0.00000,0.00000,0.00000,0.00000,0.01425,0.02193,0.00000,0.00000,0.00000,0.00000,0.00000,0.00000,0.34589,0.27845,1.00000,0.56069,0.35650,0.00673,0.00000,0.00000,0.00000,0.00000,0.00000,0.00000,0.00000,0.00000,0.00000,0.00000,0.00000,0.00000,0.00000,0.00000,0.00000,0.00000,0.00000,0.00000,0.00000,0.00000,0.00000,0.00127,0.00000,0.10118,0.04486,0.00401,0.00000,0.04597,0.04166
GUST_dorsal_tpGRN_R,0.00000,0.00000,0.00000,0.00000,0.00000,0.00000,0.00000,0.00000,0.00000,0.00000,0.00000,0.00000,0.00000,0.00000,0.00000,0.00000,0.00000,0.00000,0.00000,0.00000,0.00000,0.00000,0.00000,0.00000,0.00000,0.00000,0.00000,0.00000,0.00000,0.00000,0.00000,0.00000,0.00000,0.00000,0.00000,0.00000,0.00000,0.00000,0.00000,0.00000,0.00000,0.00000,0.00000,0.00000,0.00000,0.00000,0.00000,0.00000,0.00000,0.00000,0.00000,0.00000,0.00000,0.00000,0.00000,0.00000,0.00000,0.00000,0.00000,0.00000,0.00000,0.00000,0.00000,0.00000,0.00000,0.00000,0.00000,0.00000,0.00000,0.00000,0.00000,0.00000,0.00000,0.00000,0.00000,0.00000,0.00000,0.00000,0.00000,0.00000,0.00000,0.00000,0.00000,0.00000,0.00000,0.00000,0.00000,0.00000,0.00000,0.00000,0.00000,0.00000,0.00000,0.00000,0.00000,0.00000,0.00000,0.00000,0.00000,0.00000,0.00000,0.00000,0.00000,0.00000,0.00000,0.00000,0.00000,0.00000,0.00000,0.00000,0.00000,0.00000,0.00000,0.00000,0.00000,0.00000,0.00000,0.00000,0.00000,0.00000,0.00000,0.00000,0.00000,0.00000,0.00000,0.00000,0.00000,0.00000,0.00000,0.00000,0.00000,0.00000,0.00000,0.00000,0.00000,0.00000,0.00000,0.00000,0.00000,0.00000,0.00000,0.00000,0.00000,0.00000,0.00000,0.00000,0.00000,0.00000,0.00000,0.00000,0.00000,0.00000,0.00000,0.00000,0.00000,0.00000,0.00000,0.00000,0.01936,0.02134,0.00000,0.00000,0.00000,0.00000,0.00000,0.00000,0.00000,0.00000,0.00000,0.00000,0.01487,0.01208,0.00000,0.00000,0.00000,0.00000,0.00000,0.00000,0.00000,0.00000,0.00000,0.00000,0.00000,0.00000,0.00000,0.00000,0.00000,0.00000,0.00000,0.00000,0.00000,0.00000,0.00000,0.00000,0.00000,0.00000,0.00000,0.00074,0.00000,0.00000,0.00000,0.00000,0.00000,0.00000,0.00000,0.00000,0.00000,0.00000,0.00000,0.00000,0.00000,0.00000,0.00000,0.00000,0.00000,0.00000,0.00000,0.00000,0.00000,0.00000,0.00000,0.00000,0.00000,0.00000,0.00000,0.00000,0.00000,0.00000,0.00000,0.28415,0.12984,0.37222,0.39140,0.38657,0.25910,0.00000,0.00000,0.00000,0.00000,0.00000,0.00000,0.00000,0.00000,0.00000,0.00000,0.00000,0.23007,0.32978,0.35121,0.20453,0.07986,0.29646,0.27450,0.00000,0.00000,0.00000,0.00000,0.35632,0.32487,0.00000,0.00000,0.00000,0.00000,0.00000,0.00000,0.00000,0.00000,0.42932,0.26618,0.00000,0.00000,0.00000,0.00000,0.00000,0.00000,0.00000,0.00000,0.00000,0.00000,0.00000,0.00000,0.00000,0.00000,0.00000,0.00000,0.00000,0.00000,0.06935,0.42934,0.56069,1.00000,0.23888,0.00000,0.00000,0.00000,0.00000,0.00000,0.00000,0.00000,0.00000,0.00000,0.00000,0.00000,0.00000,0.00000,0.00000,0.00000,0.00000,0.00000,0.00000,0.00000,0.00000,0.00000,0.00000,0.00000,0.00000,0.15304,0.09175,0.00000,0.00000,0.00000,0.00000
sugar_GRN_benchmark,0.06528,0.06097,0.00000,0.05772,0.05849,0.05817,0.05300,0.06836,0.06414,0.05596,0.06705,0.06076,0.06127,0.05373,0.07027,0.06366,0.05488,0.05376,0.06457,0.05863,0.05464,0.06267,0.06860,0.06166,0.06562,0.07072,0.06256,0.06450,0.06031,0.05898,0.06020,0.05518,0.06053,0.07009,0.06656,0.06562,0.06782,0.06033,0.06490,0.06213,0.07581,0.06024,0.06678,0.05398,0.05940,0.05711,0.00000,0.00000,0.06515,0.06049,0.05995,0.06688,0.06265,0.06155,0.06310,0.05967,0.06256,0.06007,0.06203,0.06061,0.06020,0.06097,0.05965,0.05730,0.06147,0.06406,0.06473,0.05885,0.05271,0.05917,0.06681,0.06601,0.06857,0.06614,0.06597,0.05982,0.06123,0.05844,0.06626,0.05552,0.05611,0.06116,0.00000,0.07239,0.05685,0.06099,0.06181,0.00000,0.00000,0.00000,0.00000,0.00000,0.00000,0.00000,0.00000,0.00000,0.00000,0.00000,0.00000,0.00000,0.00000,0.00000,0.00000,0.00000,0.00000,0.00000,0.00000,0.00000,0.00000,0.00000,0.00000,0.00000,0.00000,0.00000,0.00000,0.00000,0.00000,0.00000,0.00000,0.00000,0.00000,0.00060,0.00000,0.00000,0.00000,0.00000,0.00000,0.00079,0.00000,0.00000,0.01157,0.00000,0.00000,0.00000,0.00000,0.00000,0.00000,0.00000,0.00000,0.00000,0.07550,0.00000,0.05038,0.00000,0.03270,0.00000,0.03499,0.11502,0.00000,0.00381,0.01660,0.00665,0.03298,0.02040,0.03300,0.06000,0.01025,0.01372,0.04802,0.02646,0.02732,0.00298,0.01010,0.04149,0.02941,0.03705,0.00000,0.02850,0.03975,0.04239,0.06671,0.04669,0.00678,0.00000,0.00000,0.00000,0.00000,0.00000,0.00000,0.01863,0.02579,0.04833,0.02993,0.01186,0.00718,0.00480,0.00512,0.01225,0.03289,0.00192,0.00957,0.00000,0.00000,0.03002,0.02404,0.00267,0.00011,0.01484,0.00533,0.00000,0.00000,0.00000,0.00000,0.00684,0.00626,0.00000,0.00000,0.00000,0.00000,0.00000,0.00000,0.04992,0.01123,0.00000,0.00000,0.00000,0.00000,0.00000,0.00000,0.00000,0.00000,0.00000,0.02429,0.00000,0.00000,0.00000,0.00000,0.00000,0.00000,0.91939,0.32558,0.74190,0.73985,0.51849,0.52949,0.00000,0.00000,0.00000,0.00000,0.04899,0.05274,0.00000,0.00000,0.00000,0.00000,0.00000,0.31520,0.82210,0.70960,0.81521,0.62056,0.85563,0.83747,0.00000,0.00000,0.00000,0.00882,0.73179,0.79370,0.21179,0.00000,0.00000,0.00000,0.00000,0.00000,0.00000,0.00000,0.16640,0.16619,0.00000,0.00000,0.00000,0.00000,0.36110,0.26227,0.00000,0.00000,0.00000,0.00000,0.03584,0.04648,0.00000,0.00000,0.00000,0.00000,0.00000,0.00000,0.17641,0.16184,0.35650,0.23888,1.00000,0.02890,0.00000,0.00000,0.00000,0.00000,0.00000,0.00000,0.00000,0.00000,0.00000,0.00000,0.00000,0.00000,0.00000,0.00000,0.00000,0.00000,0.00000,0.00000,0.00000,0.00000,0.00000,0.00119,0.00745,0.14793,0.14470,0.01934,0.00831,0.05974,0.05057
bitter_pool_L,0.23162,0.23497,0.00000,0.22594,0.22215,0.22315,0.22409,0.22755,0.22006,0.22965,0.21955,0.21714,0.21574,0.22311,0.21366,0.22229,0.22250,0.21796,0.22296,0.22092,0.22128,0.22298,0.22079,0.22167,0.22245,0.21821,0.21953,0.21769,0.22118,0.22553,0.22726,0.22547,0.22965,0.21532,0.22315,0.23298,0.21887,0.21669,0.22224,0.21902,0.21224,0.22720,0.21169,0.22530,0.22250,0.22677,0.00000,0.00000,0.21821,0.22413,0.22217,0.21886,0.21894,0.21756,0.22364,0.22349,0.22731,0.21656,0.22433,0.22641,0.21845,0.22357,0.21711,0.22916,0.22248,0.22718,0.22673,0.22599,0.21825,0.23145,0.21791,0.21851,0.21873,0.22967,0.22335,0.22551,0.22301,0.23409,0.21743,0.22766,0.22311,0.22087,0.00000,0.21772,0.22165,0.21899,0.22834,0.00000,0.00000,0.00000,0.00000,0.00000,0.00000,0.00000,0.00000,0.00000,0.00000,0.00000,0.00000,0.00000,0.00000,0.00000,0.00000,0.00000,0.00000,0.02631,0.13884,0.00000,0.00000,0.00000,0.00000,0.00000,0.00000,0.00000,0.00000,0.00000,0.00000,0.00000,0.00819,0.00000,0.00000,0.00346,0.00000,0.00000,0.00969,0.00000,0.00235,0.00461,0.02250,0.00000,0.00000,0.00096,0.00000,0.00000,0.00000,0.00000,0.00000,0.00000,0.00000,0.00000,0.00000,0.00000,0.00000,0.10790,0.03134,0.00000,0.20242,0.15326,0.07146,0.13689,0.17698,0.04379,0.22690,0.11602,0.19553,0.14900,0.17582,0.24402,0.22566,0.23532,0.19578,0.11590,0.01874,0.19025,0.21815,0.25598,0.00000,0.20051,0.23579,0.24461,0.26556,0.27773,0.05959,0.15156,0.01077,0.05257,0.10371,0.02104,0.02879,0.09578,0.15174,0.21104,0.19548,0.15737,0.09260,0.12646,0.18383,0.09756,0.16171,0.07665,0.15103,0.06882,0.11190,0.14815,0.21342,0.10168,0.11141,0.04118,0.16162,0.00000,0.00000,0.00000,0.00000,0.07928,0.04304,0.00000,0.00000,0.00000,0.00000,0.01900,0.00000,0.24182,0.00724,0.00000,0.00000,0.46048,0.04576,0.00000,0.00000,0.43685,0.45154,0.00000,0.46560,0.00000,0.00000,0.00000,0.00000,0.00000,0.00000,0.01969,0.20117,0.03346,0.03557,0.01347,0.01543,0.00000,0.00000,0.00000,0.00000,0.48494,0.50106,0.00000,0.00000,0.00000,0.00000,0.00000,0.11603,0.05349,0.03715,0.07794,0.10270,0.04361,0.06998,0.00000,0.00000,0.00000,0.00000,0.03949,0.04258,0.00000,0.00000,0.00000,0.00000,0.00000,0.00000,0.00000,0.00000,0.00509,0.00362,0.00000,0.00000,0.00000,0.00000,0.00927,0.00000,0.00000,0.00000,0.35317,0.38220,0.49596,0.49630,0.00000,0.00000,0.00000,0.00000,0.00000,0.00000,0.00531,0.00000,0.00673,0.00000,0.02890,1.00000,0.41861,0.00000,0.00000,0.00000,0.00000,0.00000,0.00000,0.00000,0.00000,0.00000,0.00000,0.00000,0.00000,0.00000,0.00000,0.00000,0.00000,0.00000,0.00000,0.00000,0.00000,0.02659,0.00384,0.20075,0.22170,0.09034,0.07335,0.27301,0.30399
bitter_pool_R,0.00000,0.00000,0.00000,0.00000,0.00230,0.00000,0.00000,0.00000,0.00000,0.00000,0.00000,0.00000,0.00227,0.00000,0.00000,0.00235,0.00000,0.00000,0.00000,0.00000,0.00000,0.00000,0.00247,0.00235,0.00000,0.00000,0.00000,0.00000,0.00246,0.00000,0.00231,0.00000,0.00000,0.00000,0.00000,0.00000,0.00229,0.00000,0.00234,0.00000,0.00000,0.00000,0.00000,0.00000,0.00000,0.00000,0.00000,0.00000,0.00000,0.00000,0.00000,0.00000,0.00000,0.00000,0.00000,0.00000,0.00000,0.00000,0.00000,0.00000,0.00000,0.00000,0.00000,0.00000,0.00000,0.00000,0.00000,0.00000,0.00000,0.00000,0.00000,0.00000,0.00000,0.00000,0.00000,0.00000,0.00000,0.00000,0.00000,0.00000,0.00000,0.00000,0.00000,0.00000,0.00000,0.00000,0.00000,0.00000,0.00000,0.00000,0.00000,0.00000,0.00000,0.00000,0.00000,0.00000,0.00000,0.00000,0.00000,0.00000,0.00000,0.00000,0.00000,0.00000,0.00000,0.00000,0.00000,0.00000,0.00000,0.00000,0.00000,0.00000,0.00000,0.00000,0.00000,0.00000,0.00000,0.00000,0.00000,0.00000,0.00000,0.00000,0.00000,0.00000,0.00000,0.00000,0.00000,0.00000,0.00000,0.00000,0.00000,0.00000,0.00000,0.00000,0.00000,0.00000,0.00000,0.00000,0.00000,0.00000,0.00000,0.00000,0.00000,0.00000,0.00000,0.00000,0.00000,0.00000,0.00000,0.00000,0.00000,0.00000,0.00000,0.00000,0.00000,0.00000,0.00000,0.00000,0.00000,0.00000,0.00000,0.00000,0.00000,0.00000,0.00000,0.04355,0.00000,0.00000,0.00000,0.00000,0.00000,0.00000,0.00000,0.03438,0.00000,0.02129,0.00000,0.00000,0.00000,0.00000,0.00000,0.00000,0.00000,0.00000,0.00000,0.00000,0.00977,0.00000,0.00877,0.00000,0.00839,0.00000,0.00000,0.00000,0.00000,0.00000,0.00000,0.00000,0.00000,0.00000,0.00000,0.00000,0.00000,0.00000,0.00000,0.00000,0.00000,0.00000,0.00000,0.00000,0.00000,0.00000,0.00000,0.00000,0.00000,0.00000,0.46710,0.00000,0.00000,0.82572,0.85349,0.00000,0.00000,0.00000,0.00000,0.00000,0.00000,0.00000,0.00000,0.00000,0.00248,0.00000,0.00000,0.00000,0.00000,0.00000,0.00000,0.00000,0.00000,0.00000,0.00000,0.00000,0.00000,0.00000,0.00000,0.00000,0.00000,0.00000,0.00000,0.00000,0.00000,0.00000,0.00000,0.00000,0.00000,0.00000,0.00000,0.00000,0.00000,0.00000,0.00000,0.00000,0.00000,0.00000,0.00000,0.00000,0.00000,0.00000,0.00000,0.00000,0.00000,0.00000,0.00000,0.00000,0.00000,0.00000,0.34816,0.10681,0.81062,0.00000,0.00000,0.00000,0.00000,0.00000,0.00000,0.00000,0.00000,0.00000,0.00000,0.00000,0.00000,0.00000,0.41861,1.00000,0.00000,0.00000,0.00000,0.00000,0.00000,0.00000,0.00000,0.00000,0.00000,0.00000,0.00000,0.00000,0.00000,0.00000,0.00000,0.00000,0.00000,0.00000,0.00000,0.00000,0.00000,0.00000,0.00000,0.00000,0.00000,0.00000,0.00000,0.00000
ENDO_CAPA_L,0.00000,0.00000,0.00000,0.00000,0.00000,0.00000,0.00000,0.00000,0.00000,0.00000,0.00000,0.00000,0.00000,0.00000,0.00000,0.00000,0.00000,0.00000,0.00000,0.00000,0.00000,0.00000,0.00000,0.00000,0.00000,0.00000,0.00000,0.00000,0.00000,0.00000,0.00000,0.00000,0.00000,0.00000,0.00000,0.00000,0.00000,0.00000,0.00000,0.00000,0.00000,0.00000,0.00000,0.00000,0.00000,0.00000,0.00000,0.00000,0.00000,0.00000,0.00000,0.00000,0.00000,0.00000,0.00000,0.00000,0.00000,0.00000,0.00000,0.00000,0.00000,0.00000,0.00000,0.00000,0.00000,0.00000,0.00000,0.00000,0.00000,0.00000,0.00000,0.00000,0.00000,0.00000,0.00000,0.00000,0.00000,0.00000,0.00000,0.00000,0.00000,0.00000,0.00000,0.00000,0.00000,0.00000,0.00000,0.00000,0.00000,0.00000,0.00000,0.00000,0.00000,0.00000,0.00000,0.00000,0.00000,0.00000,0.00000,0.00000,0.00000,0.00000,0.00000,0.00000,0.00000,0.00000,0.00000,0.00000,0.00000,0.00000,0.00000,0.00000,0.00000,0.00000,0.00000,0.00000,0.00000,0.00000,0.00000,0.00000,0.00000,0.00000,0.00000,0.00000,0.00000,0.00000,0.00000,0.00000,0.00000,0.00000,0.00000,0.00000,0.00000,0.00000,0.00000,0.00000,0.00000,0.00000,0.00000,0.00000,0.00000,0.00000,0.00000,0.00000,0.00000,0.00000,0.00000,0.00000,0.00000,0.00000,0.00000,0.00000,0.00000,0.00000,0.00000,0.00000,0.00000,0.00000,0.00000,0.00000,0.00000,0.00000,0.00000,0.00000,0.00000,0.00000,0.00000,0.00000,0.00000,0.00000,0.00000,0.00000,0.00000,0.00000,0.00000,0.00000,0.00000,0.00000,0.00000,0.00000,0.00000,0.00000,0.00000,0.00000,0.00000,0.00000,0.00000,0.00000,0.00000,0.00000,0.00000,0.00000,0.00000,0.00000,0.00000,0.00000,0.00000,0.00000,0.00000,0.00000,0.00000,0.00000,0.00000,0.00000,0.00000,0.00000,0.00000,0.00000,0.00000,0.00000,0.00000,0.00000,0.00000,0.00000,0.00000,0.00000,0.00000,0.00000,0.00000,0.00000,0.00000,0.00000,0.00000,0.00000,0.00000,0.00000,0.00000,0.00000,0.00000,0.00000,0.00000,0.00000,0.00000,0.00000,0.00000,0.00000,0.00000,0.00000,0.00000,0.00000,0.00000,0.00000,0.00000,0.00000,0.00000,0.00000,0.00000,0.00000,0.00000,0.00000,0.00000,0.00000,0.00000,0.00000,0.00000,0.00000,0.00000,0.00000,0.00000,0.00000,0.00000,0.00000,0.00000,0.00000,0.00000,0.00000,0.00000,0.00000,0.00000,0.00000,0.00000,0.00000,0.00000,0.00000,0.00000,0.00000,0.00000,0.00000,0.00000,0.00000,0.00000,0.00000,0.00000,0.00000,0.00000,0.00000,0.00000,0.00000,0.00000,0.00000,0.00000,0.00000,0.00000,0.00000,0.00000,0.00000,0.00000,0.00000,0.00000,0.00000,0.00000,0.00000,0.00000,0.00000,0.00000,0.00000,0.00000,0.00000,0.00000,0.00000,0.00000,0.00000,0.00000,0.00000,0.00000,0.00000,0.00000,0.00000,0.00000,0.00000,0.00000,0.00000
ENDO_CAPA_R,0.00000,0.00000,0.00000,0.00000,0.00000,0.00000,0.00000,0.00000,0.00000,0.00000,0.00000,0.00000,0.00000,0.00000,0.00000,0.00000,0.00000,0.00000,0.00000,0.00000,0.00000,0.00000,0.00000,0.00000,0.00000,0.00000,0.00000,0.00000,0.00000,0.00000,0.00000,0.00000,0.00000,0.00000,0.00000,0.00000,0.00000,0.00000,0.00000,0.00000,0.00000,0.00000,0.00000,0.00000,0.00000,0.00000,0.00000,0.00000,0.00000,0.00000,0.00000,0.00000,0.00000,0.00000,0.00000,0.00000,0.00000,0.00000,0.00000,0.00000,0.00000,0.00000,0.00000,0.00000,0.00000,0.00000,0.00000,0.00000,0.00000,0.00000,0.00000,0.00000,0.00000,0.00000,0.00000,0.00000,0.00000,0.00000,0.00000,0.00000,0.00000,0.00000,0.00000,0.00000,0.00000,0.00000,0.00000,0.00000,0.00000,0.00000,0.00000,0.00000,0.00000,0.00000,0.00000,0.00000,0.00000,0.00000,0.00000,0.00000,0.00000,0.00000,0.00000,0.00000,0.00000,0.00000,0.00000,0.00000,0.00000,0.00000,0.00000,0.00000,0.00000,0.00000,0.00000,0.00000,0.00000,0.00000,0.00000,0.00000,0.00000,0.00000,0.00000,0.00000,0.00000,0.00000,0.00000,0.00000,0.00000,0.00000,0.00000,0.00000,0.00000,0.00000,0.00000,0.00000,0.00000,0.00000,0.00000,0.00000,0.00000,0.00000,0.00000,0.00000,0.00000,0.00000,0.00000,0.00000,0.00000,0.00000,0.00000,0.00000,0.00000,0.00000,0.00000,0.00000,0.00000,0.00000,0.00000,0.00000,0.00000,0.00000,0.00000,0.00000,0.00000,0.00000,0.00000,0.00000,0.00000,0.00000,0.00000,0.00000,0.00000,0.00000,0.00000,0.00000,0.00000,0.00000,0.00000,0.00000,0.00000,0.00000,0.00000,0.00000,0.00000,0.00000,0.00000,0.00000,0.00000,0.00000,0.00000,0.00000,0.00000,0.00000,0.00000,0.00000,0.00000,0.00000,0.00000,0.00000,0.00000,0.00000,0.00000,0.00000,0.00000,0.00000,0.00000,0.00000,0.00000,0.00000,0.00000,0.00000,0.00000,0.00000,0.00000,0.00000,0.00000,0.00000,0.00000,0.00000,0.00000,0.00000,0.00000,0.00000,0.00000,0.00000,0.00000,0.00000,0.00000,0.00000,0.00000,0.00000,0.00000,0.00000,0.00000,0.00000,0.00000,0.00000,0.00000,0.00000,0.00000,0.00000,0.00000,0.00000,0.00000,0.00000,0.00000,0.00000,0.00000,0.00000,0.00000,0.00000,0.00000,0.00000,0.00000,0.00000,0.00000,0.00000,0.00000,0.00000,0.00000,0.00000,0.00000,0.00000,0.00000,0.00000,0.00000,0.00000,0.00000,0.00000,0.00000,0.00000,0.00000,0.00000,0.00000,0.00000,0.00000,0.00000,0.00000,0.00000,0.00000,0.00000,0.00000,0.00000,0.00000,0.00000,0.00000,0.00000,0.00000,0.00000,0.00000,0.00000,0.00000,0.00000,0.00000,0.00000,0.00000,0.00000,0.00000,0.00000,0.00000,0.00000,0.00000,0.00000,0.00000,0.00000,0.00000,0.00000,0.00000,0.00000,0.00000,0.00000,0.00000,0.00000,0.00000,0.00000,0.00000,0.00000,0.00000,0.00000,0.00000,0.00000
ENDO_CRZ_L,0.00000,0.00000,0.00000,0.00000,0.00000,0.00000,0.00000,0.00000,0.00000,0.00000,0.00000,0.00000,0.00000,0.00000,0.00000,0.00000,0.00000,0.00000,0.00000,0.00000,0.00000,0.00000,0.00000,0.00000,0.00000,0.00000,0.00000,0.00000,0.00000,0.00000,0.00000,0.00000,0.00000,0.00000,0.00000,0.00000,0.00000,0.00000,0.00000,0.00000,0.00000,0.00000,0.00000,0.00000,0.00000,0.00000,0.00000,0.00000,0.00000,0.00000,0.00000,0.00000,0.00000,0.00000,0.00000,0.00000,0.00000,0.00000,0.00000,0.00000,0.00000,0.00000,0.00000,0.00000,0.00000,0.00000,0.00000,0.00000,0.00000,0.00000,0.00000,0.00000,0.00000,0.00000,0.00000,0.00000,0.00000,0.00000,0.00000,0.00000,0.00000,0.00000,0.00000,0.00000,0.00000,0.00000,0.00000,0.00000,0.00000,0.00000,0.00000,0.00000,0.00000,0.00000,0.00000,0.00000,0.00000,0.00000,0.00000,0.00000,0.00000,0.00000,0.00000,0.00000,0.00000,0.00000,0.00000,0.00000,0.00000,0.00000,0.00000,0.00000,0.00000,0.00000,0.00000,0.00000,0.00000,0.00000,0.00000,0.00000,0.00000,0.00000,0.00000,0.00000,0.00000,0.00000,0.00000,0.00000,0.00000,0.00000,0.00000,0.00000,0.00000,0.00000,0.00000,0.00000,0.00000,0.00000,0.00000,0.00000,0.00000,0.00000,0.00000,0.00000,0.00000,0.00000,0.00000,0.00000,0.00000,0.00000,0.00000,0.00000,0.00000,0.00000,0.00000,0.00000,0.00000,0.00000,0.00000,0.00000,0.00000,0.00000,0.00000,0.00000,0.00000,0.00000,0.00000,0.00000,0.00000,0.00000,0.00000,0.00000,0.00000,0.00000,0.00000,0.00000,0.00000,0.00000,0.00000,0.00000,0.00000,0.00000,0.00000,0.00000,0.00000,0.00000,0.00000,0.00000,0.00000,0.00000,0.00000,0.00000,0.00000,0.00000,0.00000,0.00000,0.00000,0.00000,0.00000,0.00000,0.00000,0.00000,0.00000,0.00000,0.00000,0.00000,0.00000,0.00000,0.00000,0.00000,0.00000,0.00000,0.00000,0.00000,0.00000,0.00000,0.00000,0.00000,0.00000,0.00000,0.00000,0.00000,0.00000,0.00000,0.00000,0.00000,0.00000,0.00000,0.00000,0.00000,0.00000,0.00000,0.00000,0.00000,0.00000,0.00000,0.00000,0.00000,0.00000,0.00000,0.00000,0.00000,0.00000,0.00000,0.00000,0.00000,0.00000,0.00000,0.00000,0.00000,0.00000,0.00000,0.00000,0.00000,0.00000,0.00000,0.00000,0.00000,0.00000,0.00000,0.00000,0.00000,0.00000,0.00000,0.00000,0.00000,0.00000,0.00000,0.00000,0.00000,0.00000,0.00000,0.00000,0.00000,0.00000,0.00000,0.00000,0.00000,0.00000,0.00000,0.00000,0.00000,0.00000,0.00000,0.00000,0.00000,0.00000,0.00000,0.00000,0.00000,0.00000,0.00000,0.00000,0.00000,0.00000,0.00000,1.00000,0.00000,0.00000,0.00000,0.00000,0.00000,0.00000,0.00000,0.00000,0.00000,0.00000,0.00000,0.00000,0.00000,0.00000,0.00000,0.00000,0.00000,0.00000,0.00000,0.00000,0.00000,0.00000,0.00000,0.00000,0.00000
ENDO_CRZ_R,0.00000,0.00000,0.00000,0.00000,0.00000,0.00000,0.00000,0.00000,0.00000,0.00000,0.00000,0.00000,0.00000,0.00000,0.00000,0.00000,0.00000,0.00000,0.00000,0.00000,0.00000,0.00000,0.00000,0.00000,0.00000,0.00000,0.00000,0.00000,0.00000,0.00000,0.00000,0.00000,0.00000,0.00000,0.00000,0.00000,0.00000,0.00000,0.00000,0.00000,0.00000,0.00000,0.00000,0.00000,0.00000,0.00000,0.00000,0.00000,0.00000,0.00000,0.00000,0.00000,0.00000,0.00000,0.00000,0.00000,0.00000,0.00000,0.00000,0.00000,0.00000,0.00000,0.00000,0.00000,0.00000,0.00000,0.00000,0.00000,0.00000,0.00000,0.00000,0.00000,0.00000,0.00000,0.00000,0.00000,0.00000,0.00000,0.00000,0.00000,0.00000,0.00000,0.00000,0.00000,0.00000,0.00000,0.00000,0.00000,0.00000,0.00000,0.00000,0.00000,0.00000,0.00000,0.00000,0.00000,0.00000,0.00000,0.00000,0.00000,0.00000,0.00000,0.00000,0.00000,0.00000,0.00000,0.00000,0.00000,0.00000,0.00000,0.00000,0.00000,0.00000,0.00000,0.00000,0.00000,0.00000,0.00000,0.00000,0.00000,0.00000,0.00000,0.00000,0.00000,0.00000,0.00000,0.00000,0.00000,0.00000,0.00000,0.00000,0.00000,0.00000,0.00000,0.00000,0.00000,0.00000,0.00000,0.00000,0.00000,0.00000,0.00000,0.00000,0.00000,0.00000,0.00000,0.00000,0.00000,0.00000,0.00000,0.00000,0.00000,0.00000,0.00000,0.00000,0.00000,0.00000,0.00000,0.00000,0.00000,0.00000,0.00000,0.00000,0.00000,0.00000,0.00000,0.00000,0.00000,0.00000,0.00000,0.00000,0.00000,0.00000,0.00000,0.00000,0.00000,0.00000,0.00000,0.00000,0.00000,0.00000,0.00000,0.00000,0.00000,0.00000,0.00000,0.00000,0.00000,0.00000,0.00000,0.00000,0.00000,0.00000,0.00000,0.00000,0.00000,0.00000,0.00000,0.00000,0.00000,0.00000,0.00000,0.00000,0.00000,0.00000,0.00000,0.00000,0.00000,0.00000,0.00000,0.00000,0.00000,0.00000,0.00000,0.00000,0.00000,0.00000,0.00000,0.00000,0.00000,0.00000,0.00000,0.00000,0.00000,0.00000,0.00000,0.00000,0.00000,0.00000,0.00000,0.00000,0.00000,0.00000,0.00000,0.00000,0.00000,0.00000,0.00000,0.00000,0.00000,0.00000,0.00000,0.00000,0.00000,0.00000,0.00000,0.00000,0.00000,0.00000,0.00000,0.00000,0.00000,0.00000,0.00000,0.00000,0.00000,0.00000,0.00000,0.00000,0.00000,0.00000,0.00000,0.00000,0.00000,0.00000,0.00000,0.00000,0.00000,0.00000,0.00000,0.00000,0.00000,0.00000,0.00000,0.00000,0.00000,0.00000,0.00000,0.00000,0.00000,0.00000,0.00000,0.00000,0.00000,0.00000,0.00000,0.00000,0.00000,0.00000,0.00000,0.00000,0.00000,0.00000,0.00000,0.00000,0.00000,0.00000,0.00000,0.00000,0.00000,0.00000,0.00000,0.00000,0.00000,0.00000,0.00000,0.00000,0.00000,0.00000,0.00000,0.00000,0.00000,0.00000,0.00000,0.00000,0.00000,0.00000,0.00000,0.00000,0.00000,0.00000,0.00000
ENDO_DH31_L,0.00000,0.00000,0.00000,0.00000,0.00000,0.00000,0.00000,0.00000,0.00000,0.00000,0.00000,0.00000,0.00000,0.00000,0.00000,0.00000,0.00000,0.00000,0.00000,0.00000,0.00000,0.00000,0.00000,0.00000,0.00000,0.00000,0.00000,0.00000,0.00000,0.00000,0.00000,0.00000,0.00000,0.00000,0.00000,0.00000,0.00000,0.00000,0.00000,0.00000,0.00000,0.00000,0.00000,0.00000,0.00000,0.00000,0.00000,0.00000,0.00000,0.00000,0.00000,0.00000,0.00000,0.00000,0.00000,0.00000,0.00000,0.00000,0.00000,0.00000,0.00000,0.00000,0.00000,0.00000,0.00000,0.00000,0.00000,0.00000,0.00000,0.00000,0.00000,0.00000,0.00000,0.00000,0.00000,0.00000,0.00000,0.00000,0.00000,0.00000,0.00000,0.00000,0.00000,0.00000,0.00000,0.00000,0.00000,0.00000,0.00000,0.00000,0.00000,0.00000,0.00000,0.00000,0.00000,0.00000,0.00000,0.00000,0.00000,0.00000,0.00000,0.00000,0.00000,0.00000,0.00000,0.00000,0.00000,0.00000,0.00000,0.00000,0.00000,0.00000,0.00000,0.00000,0.00000,0.00000,0.00000,0.00000,0.00000,0.00000,0.00000,0.00000,0.00000,0.00000,0.00000,0.00000,0.00000,0.00000,0.00000,0.00000,0.00000,0.00000,0.00000,0.00000,0.00000,0.00000,0.00000,0.00000,0.00000,0.00000,0.00000,0.00000,0.00000,0.00000,0.00000,0.00000,0.00000,0.00000,0.00000,0.00000,0.00000,0.00000,0.00000,0.00000,0.00000,0.00000,0.00000,0.00000,0.00000,0.00000,0.00000,0.00000,0.00000,0.00000,0.00000,0.00000,0.00000,0.00000,0.00000,0.00000,0.00000,0.00000,0.00000,0.00000,0.00000,0.00000,0.00000,0.00000,0.00000,0.00000,0.00000,0.00000,0.00000,0.00000,0.00000,0.00000,0.00000,0.00000,0.00000,0.00000,0.00000,0.00000,0.00000,0.00000,0.00000,0.00000,0.00000,0.00000,0.00000,0.00000,0.00000,0.00000,0.00000,0.00000,0.00000,0.00000,0.00000,0.00000,0.00000,0.00000,0.00000,0.00000,0.00000,0.00000,0.00000,0.00000,0.00000,0.00000,0.00000,0.00000,0.00000,0.00000,0.00000,0.00000,0.00000,0.00000,0.00000,0.00000,0.00000,0.00000,0.00000,0.00000,0.00000,0.00000,0.00000,0.00000,0.00000,0.00000,0.00000,0.00000,0.00000,0.00000,0.00000,0.00000,0.00000,0.00000,0.00000,0.00000,0.00000,0.00000,0.00000,0.00000,0.00000,0.00000,0.00000,0.00000,0.00000,0.00000,0.00000,0.00000,0.00000,0.00000,0.00000,0.00000,0.00000,0.00000,0.00000,0.00000,0.00000,0.00000,0.00000,0.00000,0.00000,0.00000,0.00000,0.00000,0.00000,0.00000,0.00000,0.00000,0.00000,0.00000,0.00000,0.00000,0.00000,0.00000,0.00000,0.00000,0.00000,0.00000,0.00000,0.00000,0.00000,0.00000,0.00000,0.00000,0.00000,0.00000,0.00000,0.00000,0.00000,0.00000,0.00000,0.00000,0.00000,0.00000,0.00000,0.00000,0.00000,0.00000,0.00000,0.00000,0.00000,0.00000,0.00000,0.00000,0.00000,0.00000,0.00000,0.00000,0.00000,0.00000
ENDO_DH31_R,0.00000,0.00000,0.00000,0.00000,0.00000,0.00000,0.00000,0.00000,0.00000,0.00000,0.00000,0.00000,0.00000,0.00000,0.00000,0.00000,0.00000,0.00000,0.00000,0.00000,0.00000,0.00000,0.00000,0.00000,0.00000,0.00000,0.00000,0.00000,0.00000,0.00000,0.00000,0.00000,0.00000,0.00000,0.00000,0.00000,0.00000,0.00000,0.00000,0.00000,0.00000,0.00000,0.00000,0.00000,0.00000,0.00000,0.00000,0.00000,0.00000,0.00000,0.00000,0.00000,0.00000,0.00000,0.00000,0.00000,0.00000,0.00000,0.00000,0.00000,0.00000,0.00000,0.00000,0.00000,0.00000,0.00000,0.00000,0.00000,0.00000,0.00000,0.00000,0.00000,0.00000,0.00000,0.00000,0.00000,0.00000,0.00000,0.00000,0.00000,0.00000,0.00000,0.00000,0.00000,0.00000,0.00000,0.00000,0.00000,0.00000,0.00000,0.00000,0.00000,0.00000,0.00000,0.00000,0.00000,0.00000,0.00000,0.00000,0.00000,0.00000,0.00000,0.00000,0.00000,0.00000,0.00000,0.00000,0.00000,0.00000,0.00000,0.00000,0.00000,0.00000,0.00000,0.00000,0.00000,0.00000,0.00000,0.00000,0.00000,0.00000,0.00000,0.00000,0.00000,0.00000,0.00000,0.00000,0.00000,0.00000,0.00000,0.00000,0.00000,0.00000,0.00000,0.00000,0.00000,0.00000,0.00000,0.00000,0.00000,0.00000,0.00000,0.00000,0.00000,0.00000,0.00000,0.00000,0.00000,0.00000,0.00000,0.00000,0.00000,0.00000,0.00000,0.00000,0.00000,0.00000,0.00000,0.00000,0.00000,0.00000,0.00000,0.00000,0.00000,0.00000,0.00000,0.00000,0.00000,0.00000,0.00000,0.00000,0.00000,0.00000,0.00000,0.00000,0.00000,0.00000,0.00000,0.00000,0.00000,0.00000,0.00000,0.00000,0.00000,0.00000,0.00000,0.00000,0.00000,0.00000,0.00000,0.00000,0.00000,0.00000,0.00000,0.00000,0.00000,0.00000,0.00000,0.00000,0.00000,0.00000,0.00000,0.00000,0.00000,0.00000,0.00000,0.00000,0.00000,0.00000,0.00000,0.00000,0.00000,0.00000,0.00000,0.00000,0.00000,0.00000,0.00000,0.00000,0.00000,0.00000,0.00000,0.00000,0.00000,0.00000,0.00000,0.00000,0.00000,0.00000,0.00000,0.00000,0.00000,0.00000,0.00000,0.00000,0.00000,0.00000,0.00000,0.00000,0.00000,0.00000,0.00000,0.00000,0.00000,0.00000,0.00000,0.00000,0.00000,0.00000,0.00000,0.00000,0.00000,0.00000,0.00000,0.00000,0.00000,0.00000,0.00000,0.00000,0.00000,0.00000,0.00000,0.00000,0.00000,0.00000,0.00000,0.00000,0.00000,0.00000,0.00000,0.00000,0.00000,0.00000,0.00000,0.00000,0.00000,0.00000,0.00000,0.00000,0.00000,0.00000,0.00000,0.00000,0.00000,0.00000,0.00000,0.00000,0.00000,0.00000,0.00000,0.00000,0.00000,0.00000,0.00000,0.00000,0.00000,0.00000,0.00000,0.00000,0.00000,0.00000,0.00000,0.00000,0.00000,0.00000,0.00000,0.00000,0.00000,0.00000,0.00000,0.00000,0.00000,0.00000,0.00000,0.00000,0.00000,0.00000,0.00000,0.00000,0.00000,0.00000,0.00000
ENDO_DH44_L,0.00000,0.00000,0.00000,0.00000,0.00000,0.00000,0.00000,0.00000,0.00000,0.00000,0.00000,0.00000,0.00000,0.00000,0.00000,0.00000,0.00000,0.00000,0.00000,0.00000,0.00000,0.00000,0.00000,0.00000,0.00000,0.00000,0.00000,0.00000,0.00000,0.00000,0.00000,0.00000,0.00000,0.00000,0.00000,0.00000,0.00000,0.00000,0.00000,0.00000,0.00000,0.00000,0.00000,0.00000,0.00000,0.00000,0.00000,0.00000,0.00000,0.00000,0.00000,0.00000,0.00000,0.00000,0.00000,0.00000,0.00000,0.00000,0.00000,0.00000,0.00000,0.00000,0.00000,0.00000,0.00000,0.00000,0.00000,0.00000,0.00000,0.00000,0.00000,0.00000,0.00000,0.00000,0.00000,0.00000,0.00000,0.00000,0.00000,0.00000,0.00000,0.00000,0.00000,0.00000,0.00000,0.00000,0.00000,0.00000,0.00000,0.00000,0.00000,0.00000,0.00000,0.00000,0.00000,0.00000,0.00000,0.00000,0.00000,0.00000,0.00000,0.00000,0.00000,0.00000,0.00000,0.00000,0.00000,0.00000,0.00000,0.00000,0.00000,0.00000,0.00000,0.00000,0.00000,0.00000,0.00000,0.00000,0.00000,0.00000,0.00000,0.00000,0.00000,0.00000,0.00000,0.00000,0.00000,0.00000,0.00000,0.00000,0.00000,0.00000,0.00000,0.00000,0.00000,0.00000,0.00000,0.00000,0.00000,0.00000,0.00000,0.00000,0.00000,0.00000,0.00000,0.00000,0.00000,0.00000,0.00000,0.00000,0.00000,0.00000,0.00000,0.00000,0.00000,0.00000,0.00000,0.00000,0.00000,0.00000,0.00000,0.00000,0.00000,0.00000,0.00000,0.00000,0.00000,0.00000,0.00000,0.00000,0.00000,0.00000,0.00000,0.00000,0.00000,0.00000,0.00000,0.00000,0.00000,0.00000,0.00000,0.00000,0.00000,0.00000,0.00000,0.00000,0.00000,0.00000,0.00000,0.00000,0.00000,0.00000,0.00000,0.00000,0.00000,0.00000,0.00000,0.00000,0.00000,0.00000,0.00000,0.00000,0.00000,0.00000,0.00000,0.00000,0.00000,0.00000,0.00000,0.00000,0.00000,0.00000,0.00000,0.00000,0.00000,0.00000,0.00000,0.00000,0.00000,0.00000,0.00000,0.00000,0.00000,0.00000,0.00000,0.00000,0.00000,0.00000,0.00000,0.00000,0.00000,0.00000,0.00000,0.00000,0.00000,0.00000,0.00000,0.00000,0.00000,0.00000,0.00000,0.00000,0.00000,0.00000,0.00000,0.00000,0.00000,0.00000,0.00000,0.00000,0.00000,0.00000,0.00000,0.00000,0.00000,0.00000,0.00000,0.00000,0.00000,0.00000,0.00000,0.00000,0.00000,0.00000,0.00000,0.00000,0.00000,0.00000,0.00000,0.00000,0.00000,0.00000,0.00000,0.00000,0.00000,0.00000,0.00000,0.00000,0.00000,0.00000,0.00000,0.00000,0.00000,0.00000,0.00000,0.00000,0.00000,0.00000,0.00000,0.00000,0.00000,0.00000,0.00000,0.00000,0.00000,0.00000,0.00000,0.00000,0.00000,0.00000,0.00000,0.00000,0.00000,0.00000,0.00000,0.00000,0.00000,0.00000,0.00000,0.00000,0.00000,0.00000,0.00000,0.00000,0.00000,0.00000,0.00000,0.00000,0.00000,0.00000,0.00000,0.00000
ENDO_DH44_R,0.00000,0.00000,0.00000,0.00000,0.00000,0.00000,0.00000,0.00000,0.00000,0.00000,0.00000,0.00000,0.00000,0.00000,0.00000,0.00000,0.00000,0.00000,0.00000,0.00000,0.00000,0.00000,0.00000,0.00000,0.00000,0.00000,0.00000,0.00000,0.00000,0.00000,0.00000,0.00000,0.00000,0.00000,0.00000,0.00000,0.00000,0.00000,0.00000,0.00000,0.00000,0.00000,0.00000,0.00000,0.00000,0.00000,0.00000,0.00000,0.00000,0.00000,0.00000,0.00000,0.00000,0.00000,0.00000,0.00000,0.00000,0.00000,0.00000,0.00000,0.00000,0.00000,0.00000,0.00000,0.00000,0.00000,0.00000,0.00000,0.00000,0.00000,0.00000,0.00000,0.00000,0.00000,0.00000,0.00000,0.00000,0.00000,0.00000,0.00000,0.00000,0.00000,0.00000,0.00000,0.00000,0.00000,0.00000,0.00000,0.00000,0.00000,0.00000,0.00000,0.00000,0.00000,0.00000,0.00000,0.00000,0.00000,0.00000,0.00000,0.00000,0.00000,0.00000,0.00000,0.00000,0.00000,0.00000,0.00000,0.00000,0.00000,0.00000,0.00000,0.00000,0.00000,0.00000,0.00000,0.00000,0.00000,0.00000,0.00000,0.00000,0.00000,0.00000,0.00000,0.00000,0.00000,0.00000,0.00000,0.00000,0.00000,0.00000,0.00000,0.00000,0.00000,0.00000,0.00000,0.00000,0.00000,0.00000,0.00000,0.00000,0.00000,0.00000,0.00000,0.00000,0.00000,0.00000,0.00000,0.00000,0.00000,0.00000,0.00000,0.00000,0.00000,0.00000,0.00000,0.00000,0.00000,0.00000,0.00000,0.00000,0.00000,0.00000,0.00000,0.00000,0.00000,0.00000,0.00000,0.00000,0.00000,0.00000,0.00000,0.00000,0.00000,0.00000,0.00000,0.00000,0.00000,0.00000,0.00000,0.00000,0.00000,0.00000,0.00000,0.00000,0.00000,0.00000,0.00000,0.00000,0.00000,0.00000,0.00000,0.00000,0.00000,0.00000,0.00000,0.00000,0.00000,0.00000,0.00000,0.00000,0.00000,0.00000,0.00000,0.00000,0.00000,0.00000,0.00000,0.00000,0.00000,0.00000,0.00000,0.00000,0.00000,0.00000,0.00000,0.00000,0.00000,0.00000,0.00000,0.00000,0.00000,0.00000,0.00000,0.00000,0.00000,0.00000,0.00000,0.00000,0.00000,0.00000,0.00000,0.00000,0.00000,0.00000,0.00000,0.00000,0.00000,0.00000,0.00000,0.00000,0.00000,0.00000,0.00000,0.00000,0.00000,0.00000,0.00000,0.00000,0.00000,0.00000,0.00000,0.00000,0.00000,0.00000,0.00000,0.00000,0.00000,0.00000,0.00000,0.00000,0.00000,0.00000,0.00000,0.00000,0.00000,0.00000,0.00000,0.00000,0.00000,0.00000,0.00000,0.00000,0.00000,0.00000,0.00000,0.00000,0.00000,0.00000,0.00000,0.00000,0.00000,0.00000,0.00000,0.00000,0.00000,0.00000,0.00000,0.00000,0.00000,0.00000,0.00000,0.00000,0.00000,0.00000,0.00000,0.00000,0.00000,0.00000,0.00000,0.00000,0.00000,0.00000,0.00000,0.00000,0.00000,0.00000,0.00000,0.00000,0.00000,0.00000,0.00000,0.00000,0.00000,0.00000,0.00000,0.00000,0.00000,0.00000,0.00000,0.00000,0.00000
ENDO_DMS_L,0.00000,0.00000,0.00000,0.00000,0.00000,0.00000,0.00000,0.00000,0.00000,0.00000,0.00000,0.00000,0.00000,0.00000,0.00000,0.00000,0.00000,0.00000,0.00000,0.00000,0.00000,0.00000,0.00000,0.00000,0.00000,0.00000,0.00000,0.00000,0.00000,0.00000,0.00000,0.00000,0.00000,0.00000,0.00000,0.00000,0.00000,0.00000,0.00000,0.00000,0.00000,0.00000,0.00000,0.00000,0.00000,0.00000,0.00000,0.00000,0.00000,0.00000,0.00000,0.00000,0.00000,0.00000,0.00000,0.00000,0.00000,0.00000,0.00000,0.00000,0.00000,0.00000,0.00000,0.00000,0.00000,0.00000,0.00000,0.00000,0.00000,0.00000,0.00000,0.00000,0.00000,0.00000,0.00000,0.00000,0.00000,0.00000,0.00000,0.00000,0.00000,0.00000,0.00000,0.00000,0.00000,0.00000,0.00000,0.00000,0.00000,0.00000,0.00000,0.00000,0.00000,0.00000,0.00000,0.00000,0.00000,0.00000,0.00000,0.00000,0.00000,0.00000,0.00000,0.00000,0.00000,0.00000,0.00000,0.00000,0.00000,0.00000,0.00000,0.00000,0.00000,0.00000,0.00000,0.00000,0.00000,0.00000,0.00000,0.00000,0.00000,0.00000,0.00000,0.00000,0.00000,0.00000,0.00000,0.00000,0.00000,0.00000,0.00000,0.00000,0.00000,0.00000,0.00000,0.00000,0.00000,0.00000,0.00000,0.00000,0.00000,0.00000,0.00000,0.00000,0.00000,0.00000,0.00000,0.00000,0.00000,0.00000,0.00000,0.00000,0.00000,0.00000,0.00000,0.00000,0.00000,0.00000,0.00000,0.00000,0.00000,0.00000,0.00000,0.00000,0.00000,0.00000,0.00000,0.00000,0.00000,0.00000,0.00000,0.00000,0.00000,0.00000,0.00000,0.00000,0.00000,0.00000,0.00000,0.00000,0.00000,0.00000,0.00000,0.00000,0.00000,0.00000,0.00000,0.00000,0.00000,0.00000,0.00000,0.00000,0.00000,0.00000,0.00000,0.00000,0.00000,0.00000,0.00000,0.00000,0.00000,0.00000,0.00000,0.00000,0.00000,0.00000,0.00000,0.00000,0.00000,0.00000,0.00000,0.00000,0.00000,0.00000,0.00000,0.00000,0.00000,0.00000,0.00000,0.00000,0.00000,0.00000,0.00000,0.00000,0.00000,0.00000,0.00000,0.00000,0.00000,0.00000,0.00000,0.00000,0.00000,0.00000,0.00000,0.00000,0.00000,0.00000,0.00000,0.00000,0.00000,0.00000,0.00000,0.00000,0.00000,0.00000,0.00000,0.00000,0.00000,0.00000,0.00000,0.00000,0.00000,0.00000,0.00000,0.00000,0.00000,0.00000,0.00000,0.00000,0.00000,0.00000,0.00000,0.00000,0.00000,0.00000,0.00000,0.00000,0.00000,0.00000,0.00000,0.00000,0.00000,0.00000,0.00000,0.00000,0.00000,0.00000,0.00000,0.00000,0.00000,0.00000,0.00000,0.00000,0.00000,0.00000,0.00000,0.00000,0.00000,0.00000,0.00000,0.00000,0.00000,0.00000,0.00000,0.00000,0.00000,0.00000,0.00000,0.00000,0.00000,0.00000,0.00000,0.00000,0.00000,0.00000,0.00000,0.00000,0.00000,0.00000,0.00000,0.00000,0.00000,0.00000,0.00000,0.00000,0.00000,0.00000,0.00000,0.00000,0.00000,0.00000
ENDO_DMS_R,0.00000,0.00000,0.00000,0.00000,0.00000,0.00000,0.00000,0.00000,0.00000,0.00000,0.00000,0.00000,0.00000,0.00000,0.00000,0.00000,0.00000,0.00000,0.00000,0.00000,0.00000,0.00000,0.00000,0.00000,0.00000,0.00000,0.00000,0.00000,0.00000,0.00000,0.00000,0.00000,0.00000,0.00000,0.00000,0.00000,0.00000,0.00000,0.00000,0.00000,0.00000,0.00000,0.00000,0.00000,0.00000,0.00000,0.00000,0.00000,0.00000,0.00000,0.00000,0.00000,0.00000,0.00000,0.00000,0.00000,0.00000,0.00000,0.00000,0.00000,0.00000,0.00000,0.00000,0.00000,0.00000,0.00000,0.00000,0.00000,0.00000,0.00000,0.00000,0.00000,0.00000,0.00000,0.00000,0.00000,0.00000,0.00000,0.00000,0.00000,0.00000,0.00000,0.00000,0.00000,0.00000,0.00000,0.00000,0.00000,0.00000,0.00000,0.00000,0.00000,0.00000,0.00000,0.00000,0.00000,0.00000,0.00000,0.00000,0.00000,0.00000,0.00000,0.00000,0.00000,0.00000,0.00000,0.00000,0.00000,0.00000,0.00000,0.00000,0.00000,0.00000,0.00000,0.00000,0.00000,0.00000,0.00000,0.00000,0.00000,0.00000,0.00000,0.00000,0.00000,0.00000,0.00000,0.00000,0.00000,0.00000,0.00000,0.00000,0.00000,0.00000,0.00000,0.00000,0.00000,0.00000,0.00000,0.00000,0.00000,0.00000,0.00000,0.00000,0.00000,0.00000,0.00000,0.00000,0.00000,0.00000,0.00000,0.00000,0.00000,0.00000,0.00000,0.00000,0.00000,0.00000,0.00000,0.00000,0.00000,0.00000,0.00000,0.00000,0.00000,0.00000,0.00000,0.00000,0.00000,0.00000,0.00000,0.00000,0.00000,0.00000,0.00000,0.00000,0.00000,0.00000,0.00000,0.00000,0.00000,0.00000,0.00000,0.00000,0.00000,0.00000,0.00000,0.00000,0.00000,0.00000,0.00000,0.00000,0.00000,0.00000,0.00000,0.00000,0.00000,0.00000,0.00000,0.00000,0.00000,0.00000,0.00000,0.00000,0.00000,0.00000,0.00000,0.00000,0.00000,0.00000,0.00000,0.00000,0.00000,0.00000,0.00000,0.00000,0.00000,0.00000,0.00000,0.00000,0.00000,0.00000,0.00000,0.00000,0.00000,0.00000,0.00000,0.00000,0.00000,0.00000,0.00000,0.00000,0.00000,0.00000,0.00000,0.00000,0.00000,0.00000,0.00000,0.00000,0.00000,0.00000,0.00000,0.00000,0.00000,0.00000,0.00000,0.00000,0.00000,0.00000,0.00000,0.00000,0.00000,0.00000,0.00000,0.00000,0.00000,0.00000,0.00000,0.00000,0.00000,0.00000,0.00000,0.00000,0.00000,0.00000,0.00000,0.00000,0.00000,0.00000,0.00000,0.00000,0.00000,0.00000,0.00000,0.00000,0.00000,0.00000,0.00000,0.00000,0.00000,0.00000,0.00000,0.00000,0.00000,0.00000,0.00000,0.00000,0.00000,0.00000,0.00000,0.00000,0.00000,0.00000,0.00000,0.00000,0.00000,0.00000,0.00000,0.00000,0.00000,0.00000,0.00000,0.00000,0.00000,0.00000,0.00000,0.00000,0.00000,0.00000,0.00000,0.00000,0.00000,0.00000,0.00000,0.00000,0.00000,0.00000,0.00000,0.00000,0.00000,0.00000,0.00000
ENDO_Hugin-RG_L,0.00000,0.00000,0.00000,0.00000,0.00000,0.00000,0.00000,0.00000,0.00000,0.00000,0.00000,0.00000,0.00000,0.00000,0.00000,0.00000,0.00000,0.00000,0.00000,0.00000,0.00000,0.00000,0.00000,0.00000,0.00000,0.00000,0.00000,0.00000,0.00000,0.00000,0.00000,0.00000,0.00000,0.00000,0.00000,0.00000,0.00000,0.00000,0.00000,0.00000,0.00000,0.00000,0.00000,0.00000,0.00000,0.00000,0.00000,0.00000,0.00000,0.00000,0.00000,0.00000,0.00000,0.00000,0.00000,0.00000,0.00000,0.00000,0.00000,0.00000,0.00000,0.00000,0.00000,0.00000,0.00000,0.00000,0.00000,0.00000,0.00000,0.00000,0.00000,0.00000,0.00000,0.00000,0.00000,0.00000,0.00000,0.00000,0.00000,0.00000,0.00000,0.00000,0.00000,0.00000,0.00000,0.00000,0.00000,0.00000,0.00000,0.00000,0.00000,0.00000,0.00000,0.00000,0.00000,0.00000,0.00000,0.00000,0.00000,0.00000,0.00000,0.00000,0.00000,0.00000,0.00000,0.00000,0.00000,0.00000,0.00000,0.00000,0.00000,0.00000,0.00000,0.00000,0.00000,0.00000,0.00000,0.00000,0.00000,0.00000,0.00000,0.00000,0.00000,0.00000,0.00000,0.00000,0.00000,0.00000,0.00000,0.00000,0.00000,0.00000,0.00000,0.00000,0.00000,0.00000,0.00000,0.00000,0.00000,0.00000,0.00000,0.00000,0.00000,0.00000,0.00000,0.00000,0.00000,0.00000,0.00000,0.00000,0.00000,0.00000,0.00000,0.00000,0.00000,0.00000,0.00000,0.00000,0.00000,0.00000,0.00000,0.00000,0.00000,0.00000,0.00000,0.00000,0.00000,0.00000,0.00000,0.00000,0.00000,0.00000,0.00000,0.00000,0.00000,0.00000,0.00000,0.00000,0.00000,0.00000,0.00000,0.00000,0.00000,0.00000,0.00000,0.00000,0.00000,0.00000,0.00000,0.00000,0.00000,0.00000,0.00000,0.00000,0.00000,0.00000,0.00000,0.00000,0.00000,0.00000,0.00000,0.00000,0.00000,0.00000,0.00000,0.00000,0.00000,0.00000,0.00000,0.00000,0.00000,0.00000,0.00000,0.00000,0.00000,0.00000,0.00000,0.00000,0.00000,0.00000,0.00000,0.00000,0.00000,0.00000,0.00000,0.00000,0.00000,0.00000,0.00000,0.00000,0.00000,0.00000,0.00000,0.00000,0.00000,0.00000,0.00000,0.00000,0.00000,0.00000,0.00000,0.00000,0.00000,0.00000,0.00000,0.00000,0.00000,0.00000,0.00000,0.00000,0.00000,0.00000,0.00000,0.00000,0.00000,0.00000,0.00000,0.00000,0.00000,0.00000,0.00000,0.00000,0.00000,0.00000,0.00000,0.00000,0.00000,0.00000,0.00000,0.00000,0.00000,0.00000,0.00000,0.00000,0.00000,0.00000,0.00000,0.00000,0.00000,0.00000,0.00000,0.00000,0.00000,0.00000,0.00000,0.00000,0.00000,0.00000,0.00000,0.00000,0.00000,0.00000,0.00000,0.00000,0.00000,0.00000,0.00000,0.00000,0.00000,0.00000,0.00000,0.00000,0.00000,0.00000,0.00000,0.00000,0.00000,0.00000,0.00000,0.00000,0.00000,0.00000,0.00000,0.00000,0.00000,0.00000,0.00000,0.00000,0.00000,0.00000,0.00000,0.00000
ENDO_Hugin-RG_R,0.00000,0.00000,0.00000,0.00000,0.00000,0.00000,0.00000,0.00000,0.00000,0.00000,0.00000,0.00000,0.00000,0.00000,0.00000,0.00000,0.00000,0.00000,0.00000,0.00000,0.00000,0.00000,0.00000,0.00000,0.00000,0.00000,0.00000,0.00000,0.00000,0.00000,0.00000,0.00000,0.00000,0.00000,0.00000,0.00000,0.00000,0.00000,0.00000,0.00000,0.00000,0.00000,0.00000,0.00000,0.00000,0.00000,0.00000,0.00000,0.00000,0.00000,0.00000,0.00000,0.00000,0.00000,0.00000,0.00000,0.00000,0.00000,0.00000,0.00000,0.00000,0.00000,0.00000,0.00000,0.00000,0.00000,0.00000,0.00000,0.00000,0.00000,0.00000,0.00000,0.00000,0.00000,0.00000,0.00000,0.00000,0.00000,0.00000,0.00000,0.00000,0.00000,0.00000,0.00000,0.00000,0.00000,0.00000,0.00000,0.00000,0.00000,0.00000,0.00000,0.00000,0.00000,0.00000,0.00000,0.00000,0.00000,0.00000,0.00000,0.00000,0.00000,0.00000,0.00000,0.00000,0.00000,0.00000,0.00000,0.00000,0.00000,0.00000,0.00000,0.00000,0.00000,0.00000,0.00000,0.00000,0.00000,0.00000,0.00000,0.00000,0.00000,0.00000,0.00000,0.00000,0.00000,0.00000,0.00000,0.00000,0.00000,0.00000,0.00000,0.00000,0.00000,0.00000,0.00000,0.00000,0.00000,0.00000,0.00000,0.00000,0.00000,0.00000,0.00000,0.00000,0.00000,0.00000,0.00000,0.00000,0.00000,0.00000,0.00000,0.00000,0.00000,0.00000,0.00000,0.00000,0.00000,0.00000,0.00000,0.00000,0.00000,0.00000,0.00000,0.00000,0.00000,0.00000,0.00000,0.00000,0.00000,0.00000,0.00000,0.00000,0.00000,0.00000,0.00000,0.00000,0.00000,0.00000,0.00000,0.00000,0.00000,0.00000,0.00000,0.00000,0.00000,0.00000,0.00000,0.00000,0.00000,0.00000,0.00000,0.00000,0.00000,0.00000,0.00000,0.00000,0.00000,0.00000,0.00000,0.00000,0.00000,0.00000,0.00000,0.00000,0.00000,0.00000,0.00000,0.00000,0.00000,0.00000,0.00000,0.00000,0.00000,0.00000,0.00000,0.00000,0.00000,0.00000,0.00000,0.00000,0.00000,0.00000,0.00000,0.00000,0.00000,0.00000,0.00000,0.00000,0.00000,0.00000,0.00000,0.00000,0.00000,0.00000,0.00000,0.00000,0.00000,0.00000,0.00000,0.00000,0.00000,0.00000,0.00000,0.00000,0.00000,0.00000,0.00000,0.00000,0.00000,0.00000,0.00000,0.00000,0.00000,0.00000,0.00000,0.00000,0.00000,0.00000,0.00000,0.00000,0.00000,0.00000,0.00000,0.00000,0.00000,0.00000,0.00000,0.00000,0.00000,0.00000,0.00000,0.00000,0.00000,0.00000,0.00000,0.00000,0.00000,0.00000,0.00000,0.00000,0.00000,0.00000,0.00000,0.00000,0.00000,0.00000,0.00000,0.00000,0.00000,0.00000,0.00000,0.00000,0.00000,0.00000,0.00000,0.00000,0.00000,0.00000,0.00000,0.00000,0.00000,0.00000,0.00000,0.00000,0.00000,0.00000,0.00000,0.00000,0.00000,0.00000,0.00000,0.00000,0.00000,0.00000,0.00000,0.00000,0.00000,0.00000,0.00000,0.00000,0.00000
ENDO_IPC_L,0.00000,0.00000,0.00000,0.00000,0.00000,0.00000,0.00000,0.00000,0.00000,0.00000,0.00000,0.00000,0.00000,0.00000,0.00000,0.00000,0.00000,0.00000,0.00000,0.00000,0.00000,0.00000,0.00000,0.00000,0.00000,0.00000,0.00000,0.00000,0.00000,0.00000,0.00000,0.00000,0.00000,0.00000,0.00000,0.00000,0.00000,0.00000,0.00000,0.00000,0.00000,0.00000,0.00000,0.00000,0.00000,0.00000,0.00000,0.00000,0.00000,0.00000,0.00000,0.00000,0.00000,0.00000,0.00000,0.00000,0.00000,0.00000,0.00000,0.00000,0.00000,0.00000,0.00000,0.00000,0.00000,0.00000,0.00000,0.00000,0.00000,0.00000,0.00000,0.00000,0.00000,0.00000,0.00000,0.00000,0.00000,0.00000,0.00000,0.00000,0.00000,0.00000,0.00000,0.00000,0.00000,0.00000,0.00000,0.00000,0.00000,0.00000,0.00000,0.00000,0.00000,0.00000,0.00000,0.00000,0.00000,0.00000,0.00000,0.00000,0.00000,0.00000,0.00000,0.00000,0.00000,0.00000,0.00000,0.00000,0.00000,0.00000,0.00000,0.00000,0.00000,0.00000,0.00000,0.00000,0.00000,0.00000,0.00000,0.00000,0.00000,0.00000,0.00000,0.00000,0.00000,0.00000,0.00000,0.00000,0.00000,0.00000,0.00000,0.00000,0.00000,0.00000,0.00000,0.00000,0.00000,0.00000,0.00000,0.00000,0.00000,0.00000,0.00000,0.00000,0.00000,0.00000,0.00000,0.00000,0.00000,0.00000,0.00000,0.00000,0.00000,0.00000,0.00000,0.00000,0.00000,0.00000,0.00000,0.00000,0.00000,0.00000,0.00000,0.00000,0.00000,0.00000,0.00000,0.00000,0.00000,0.00000,0.00000,0.00000,0.00000,0.00000,0.00000,0.00000,0.00000,0.00000,0.00000,0.00000,0.00000,0.00000,0.00000,0.00000,0.00000,0.00000,0.00000,0.00000,0.00000,0.00000,0.00000,0.00000,0.00000,0.00000,0.00000,0.00000,0.00000,0.00000,0.00000,0.00000,0.00000,0.00000,0.00000,0.00000,0.00000,0.00000,0.00000,0.00000,0.00000,0.00000,0.00000,0.00000,0.00000,0.00000,0.00000,0.00000,0.00000,0.00000,0.00000,0.00000,0.00000,0.00000,0.00000,0.00000,0.00000,0.00000,0.00000,0.00000,0.00000,0.00000,0.00000,0.00000,0.00000,0.00000,0.00000,0.00000,0.00000,0.00000,0.00000,0.00000,0.00000,0.00000,0.00000,0.00000,0.00000,0.00000,0.00000,0.00000,0.00000,0.00000,0.00000,0.00000,0.00000,0.00000,0.00000,0.00000,0.00000,0.00000,0.00000,0.00000,0.00000,0.00000,0.00000,0.00000,0.00000,0.00000,0.00000,0.00000,0.00000,0.00000,0.00000,0.00000,0.00000,0.00000,0.00000,0.00000,0.00000,0.00000,0.00000,0.00000,0.00000,0.00000,0.00000,0.00000,0.00000,0.00000,0.00000,0.00000,0.00000,0.00000,0.00000,0.00000,0.00000,0.00000,0.00000,0.00000,0.00000,0.00000,0.00000,0.00000,0.00000,0.00000,0.00000,0.00000,0.00000,0.00000,0.00000,0.00000,0.00000,0.00000,0.00000,0.00000,0.00000,0.00000,0.00000,0.00000,0.00000,0.00000,0.00000,0.00000,0.00000,0.00000
ENDO_IPC_R,0.00000,0.00000,0.00000,0.00000,0.00000,0.00000,0.00000,0.00000,0.00000,0.00000,0.00000,0.00000,0.00000,0.00000,0.00000,0.00000,0.00000,0.00000,0.00000,0.00000,0.00000,0.00000,0.00000,0.00000,0.00000,0.00000,0.00000,0.00000,0.00000,0.00000,0.00000,0.00000,0.00000,0.00000,0.00000,0.00000,0.00000,0.00000,0.00000,0.00000,0.00000,0.00000,0.00000,0.00000,0.00000,0.00000,0.00000,0.00000,0.00000,0.00000,0.00000,0.00000,0.00000,0.00000,0.00000,0.00000,0.00000,0.00000,0.00000,0.00000,0.00000,0.00000,0.00000,0.00000,0.00000,0.00000,0.00000,0.00000,0.00000,0.00000,0.00000,0.00000,0.00000,0.00000,0.00000,0.00000,0.00000,0.00000,0.00000,0.00000,0.00000,0.00000,0.00000,0.00000,0.00000,0.00000,0.00000,0.00000,0.00000,0.00000,0.00000,0.00000,0.00000,0.00000,0.00000,0.00000,0.00000,0.00000,0.00000,0.00000,0.00000,0.00000,0.00000,0.00000,0.00000,0.00000,0.00000,0.00000,0.00000,0.00000,0.00000,0.00000,0.00000,0.00000,0.00000,0.00000,0.00000,0.00000,0.00000,0.00000,0.00000,0.00000,0.00000,0.00000,0.00000,0.00000,0.00000,0.00000,0.00000,0.00000,0.00000,0.00000,0.00000,0.00000,0.00000,0.00000,0.00000,0.00000,0.00000,0.00000,0.00000,0.00000,0.00000,0.00000,0.00000,0.00000,0.00000,0.00000,0.00000,0.00000,0.00000,0.00000,0.00000,0.00000,0.00000,0.00000,0.00000,0.00000,0.00000,0.00000,0.00000,0.00000,0.00000,0.00000,0.00000,0.00000,0.00000,0.00000,0.00000,0.00000,0.00000,0.00000,0.00000,0.00000,0.00000,0.00000,0.00000,0.00000,0.00000,0.00000,0.00000,0.00000,0.00000,0.00000,0.00000,0.00000,0.00000,0.00000,0.00000,0.00000,0.00000,0.00000,0.00000,0.00000,0.00000,0.00000,0.00000,0.00000,0.00000,0.00000,0.00000,0.00000,0.00000,0.00000,0.00000,0.00000,0.00000,0.00000,0.00000,0.00000,0.00000,0.00000,0.00000,0.00000,0.00000,0.00000,0.00000,0.00000,0.00000,0.00000,0.00000,0.00000,0.00000,0.00000,0.00000,0.00000,0.00000,0.00000,0.00000,0.00000,0.00000,0.00000,0.00000,0.00000,0.00000,0.00000,0.00000,0.00000,0.00000,0.00000,0.00000,0.00000,0.00000,0.00000,0.00000,0.00000,0.00000,0.00000,0.00000,0.00000,0.00000,0.00000,0.00000,0.00000,0.00000,0.00000,0.00000,0.00000,0.00000,0.00000,0.00000,0.00000,0.00000,0.00000,0.00000,0.00000,0.00000,0.00000,0.00000,0.00000,0.00000,0.00000,0.00000,0.00000,0.00000,0.00000,0.00000,0.00000,0.00000,0.00000,0.00000,0.00000,0.00000,0.00000,0.00000,0.00000,0.00000,0.00000,0.00000,0.00000,0.00000,0.00000,0.00000,0.00000,0.00000,0.00000,0.00000,0.00000,0.00000,0.00000,0.00000,0.00000,0.00000,0.00000,0.00000,0.00000,0.00000,0.00000,0.00000,0.00000,0.00000,0.00000,0.00000,0.00000,0.00000,0.00000,0.00000,0.00000,0.00000,0.00000,0.00000,0.00000
ENDO_ITP_L,0.00000,0.00000,0.00000,0.00000,0.00000,0.00000,0.00000,0.00000,0.00000,0.00000,0.00000,0.00000,0.00000,0.00000,0.00000,0.00000,0.00000,0.00000,0.00000,0.00000,0.00000,0.00000,0.00000,0.00000,0.00000,0.00000,0.00000,0.00000,0.00000,0.00000,0.00000,0.00000,0.00000,0.00000,0.00000,0.00000,0.00000,0.00000,0.00000,0.00000,0.00000,0.00000,0.00000,0.00000,0.00000,0.00000,0.00000,0.00000,0.00000,0.00000,0.00000,0.00000,0.00000,0.00000,0.00000,0.00000,0.00000,0.00000,0.00000,0.00000,0.00000,0.00000,0.00000,0.00000,0.00000,0.00000,0.00000,0.00000,0.00000,0.00000,0.00000,0.00000,0.00000,0.00000,0.00000,0.00000,0.00000,0.00000,0.00000,0.00000,0.00000,0.00000,0.00000,0.00000,0.00000,0.00000,0.00000,0.00000,0.00000,0.00000,0.00000,0.00000,0.00000,0.00000,0.00000,0.00000,0.00000,0.00000,0.00000,0.00000,0.00000,0.00000,0.00000,0.00000,0.00000,0.00000,0.00000,0.00000,0.00000,0.00000,0.00000,0.00000,0.00000,0.00000,0.00000,0.00000,0.00000,0.00000,0.00000,0.00000,0.00000,0.00000,0.00000,0.00000,0.00000,0.00000,0.00000,0.00000,0.00000,0.00000,0.00000,0.00000,0.00000,0.00000,0.00000,0.00000,0.00000,0.00000,0.00000,0.00000,0.00000,0.00000,0.00000,0.00000,0.00000,0.00000,0.00000,0.00000,0.00000,0.00000,0.00000,0.00000,0.00000,0.00000,0.00000,0.00000,0.00000,0.00000,0.00000,0.00000,0.00000,0.00000,0.00000,0.00000,0.00000,0.00000,0.00000,0.00000,0.00000,0.00000,0.00000,0.00000,0.00000,0.00000,0.00000,0.00000,0.00000,0.00000,0.00000,0.00000,0.00000,0.00000,0.00000,0.00000,0.00000,0.00000,0.00000,0.00000,0.00000,0.00000,0.00000,0.00000,0.00000,0.00000,0.00000,0.00000,0.00000,0.00000,0.00000,0.00000,0.00000,0.00000,0.00000,0.00000,0.00000,0.00000,0.00000,0.00000,0.00000,0.00000,0.00000,0.00000,0.00000,0.00000,0.00000,0.00000,0.00000,0.00000,0.00000,0.00000,0.00000,0.00000,0.00000,0.00000,0.00000,0.00000,0.00000,0.00000,0.00000,0.00000,0.00000,0.00000,0.00000,0.00000,0.00000,0.00000,0.00000,0.00000,0.00000,0.00000,0.00000,0.00000,0.00000,0.00000,0.00000,0.00000,0.00000,0.00000,0.00000,0.00000,0.00000,0.00000,0.00000,0.00000,0.00000,0.00000,0.00000,0.00000,0.00000,0.00000,0.00000,0.00000,0.00000,0.00000,0.00000,0.00000,0.00000,0.00000,0.00000,0.00000,0.00000,0.00000,0.00000,0.00000,0.00000,0.00000,0.00000,0.00000,0.00000,0.00000,0.00000,0.00000,0.00000,0.00000,0.00000,0.00000,0.00000,0.00000,0.00000,0.00000,0.00000,0.00000,0.00000,0.00000,0.00000,0.00000,0.00000,0.00000,0.00000,0.00000,0.00000,0.00000,0.00000,0.00000,0.00000,0.00000,0.00000,0.00000,0.00000,0.00000,0.00000,0.00000,0.00000,0.00000,0.00000,0.00000,0.00000,0.00000,0.00000,0.00000,0.00000,0.00000
ENDO_ITP_R,0.00000,0.00000,0.00000,0.00000,0.00000,0.00000,0.00000,0.00000,0.00000,0.00000,0.00000,0.00000,0.00000,0.00000,0.00000,0.00000,0.00000,0.00000,0.00000,0.00000,0.00000,0.00000,0.00000,0.00000,0.00000,0.00000,0.00000,0.00000,0.00000,0.00000,0.00000,0.00000,0.00000,0.00000,0.00000,0.00000,0.00000,0.00000,0.00000,0.00000,0.00000,0.00000,0.00000,0.00000,0.00000,0.00000,0.00000,0.00000,0.00000,0.00000,0.00000,0.00000,0.00000,0.00000,0.00000,0.00000,0.00000,0.00000,0.00000,0.00000,0.00000,0.00000,0.00000,0.00000,0.00000,0.00000,0.00000,0.00000,0.00000,0.00000,0.00000,0.00000,0.00000,0.00000,0.00000,0.00000,0.00000,0.00000,0.00000,0.00000,0.00000,0.00000,0.00000,0.00000,0.00000,0.00000,0.00000,0.00000,0.00000,0.00000,0.00000,0.00000,0.00000,0.00000,0.00000,0.00000,0.00000,0.00000,0.00000,0.00000,0.00000,0.00000,0.00000,0.00000,0.00000,0.00000,0.00000,0.00000,0.00000,0.00000,0.00000,0.00000,0.00000,0.00000,0.00000,0.00000,0.00000,0.00000,0.00000,0.00000,0.00000,0.00000,0.00000,0.00000,0.00000,0.00000,0.00000,0.00000,0.00000,0.00000,0.00000,0.00000,0.00000,0.00000,0.00000,0.00000,0.00000,0.00000,0.00000,0.00000,0.00000,0.00000,0.00000,0.00000,0.00000,0.00000,0.00000,0.00000,0.00000,0.00000,0.00000,0.00000,0.00000,0.00000,0.00000,0.00000,0.00000,0.00000,0.00000,0.00000,0.00000,0.00000,0.00000,0.00000,0.00000,0.00000,0.00000,0.00000,0.00000,0.00000,0.00000,0.00000,0.00000,0.00000,0.00000,0.00000,0.00000,0.00000,0.00000,0.00000,0.00000,0.00000,0.00000,0.00000,0.00000,0.00000,0.00000,0.00000,0.00000,0.00000,0.00000,0.00000,0.00000,0.00000,0.00000,0.00000,0.00000,0.00000,0.00000,0.00000,0.00000,0.00000,0.00000,0.00000,0.00000,0.00000,0.00000,0.00000,0.00000,0.00000,0.00000,0.00000,0.00000,0.00000,0.00000,0.00000,0.00000,0.00000,0.00000,0.00000,0.00000,0.00000,0.00000,0.00000,0.00000,0.00000,0.00000,0.00000,0.00000,0.00000,0.00000,0.00000,0.00000,0.00000,0.00000,0.00000,0.00000,0.00000,0.00000,0.00000,0.00000,0.00000,0.00000,0.00000,0.00000,0.00000,0.00000,0.00000,0.00000,0.00000,0.00000,0.00000,0.00000,0.00000,0.00000,0.00000,0.00000,0.00000,0.00000,0.00000,0.00000,0.00000,0.00000,0.00000,0.00000,0.00000,0.00000,0.00000,0.00000,0.00000,0.00000,0.00000,0.00000,0.00000,0.00000,0.00000,0.00000,0.00000,0.00000,0.00000,0.00000,0.00000,0.00000,0.00000,0.00000,0.00000,0.00000,0.00000,0.00000,0.00000,0.00000,0.00000,0.00000,0.00000,0.00000,0.00000,0.00000,0.00000,0.00000,0.00000,0.00000,0.00000,0.00000,0.00000,0.00000,0.00000,0.00000,0.00000,0.00000,0.00000,0.00000,0.00000,0.00000,0.00000,0.00000,0.00000,0.00000,0.00000,0.00000,0.00000,0.00000,0.00000
ENDO_lNSC_unknown_L,0.00000,0.00000,0.00000,0.00000,0.00000,0.00000,0.00000,0.00000,0.00000,0.00000,0.00000,0.00000,0.00000,0.00000,0.00000,0.00000,0.00000,0.00000,0.00000,0.00000,0.00000,0.00000,0.00000,0.00000,0.00000,0.00000,0.00000,0.00000,0.00000,0.00000,0.00000,0.00000,0.00000,0.00000,0.00000,0.00000,0.00000,0.00000,0.00000,0.00000,0.00000,0.00000,0.00000,0.00000,0.00000,0.00000,0.00000,0.00000,0.00000,0.00000,0.00000,0.00000,0.00000,0.00000,0.00000,0.00000,0.00000,0.00000,0.00000,0.00000,0.00000,0.00000,0.00000,0.00000,0.00000,0.00000,0.00000,0.00000,0.00000,0.00000,0.00000,0.00000,0.00000,0.00000,0.00000,0.00000,0.00000,0.00000,0.00000,0.00000,0.00000,0.00000,0.00000,0.00000,0.00000,0.00000,0.00000,0.00000,0.00000,0.00000,0.00000,0.00000,0.00000,0.00000,0.00000,0.00000,0.00000,0.00000,0.00000,0.00000,0.00000,0.00000,0.00000,0.00000,0.00000,0.00000,0.00000,0.00000,0.00000,0.00000,0.00000,0.00000,0.00000,0.00000,0.00000,0.00000,0.00000,0.00000,0.00000,0.00000,0.00000,0.00000,0.00000,0.00000,0.00000,0.00000,0.00000,0.00000,0.00000,0.00000,0.00000,0.00000,0.00000,0.00000,0.00000,0.00000,0.00000,0.00000,0.00000,0.00000,0.00000,0.00000,0.00000,0.00000,0.00000,0.00000,0.00000,0.00000,0.00000,0.00000,0.00000,0.00000,0.00000,0.00000,0.00000,0.00000,0.00000,0.00000,0.00000,0.00000,0.00000,0.00000,0.00000,0.00000,0.00000,0.00000,0.00000,0.00000,0.00000,0.00000,0.00000,0.00000,0.00000,0.00000,0.00000,0.00000,0.00000,0.00000,0.00000,0.00000,0.00000,0.00000,0.00000,0.00000,0.00000,0.00000,0.00000,0.00000,0.00000,0.00000,0.00000,0.00000,0.00000,0.00000,0.00000,0.00000,0.00000,0.00000,0.00000,0.00000,0.00000,0.00000,0.00000,0.00000,0.00000,0.00000,0.00000,0.00000,0.00000,0.00000,0.00000,0.00000,0.00000,0.00000,0.00000,0.00000,0.00000,0.00000,0.00000,0.00000,0.00000,0.00000,0.00000,0.00000,0.00000,0.00000,0.00000,0.00000,0.00000,0.00000,0.00000,0.00000,0.00000,0.00000,0.00000,0.00000,0.00000,0.00000,0.00000,0.00000,0.00000,0.00000,0.00000,0.00000,0.00000,0.00000,0.00000,0.00000,0.00000,0.00000,0.00000,0.00000,0.00000,0.00000,0.00000,0.00000,0.00000,0.00000,0.00000,0.00000,0.00000,0.00000,0.00000,0.00000,0.00000,0.00000,0.00000,0.00000,0.00000,0.00000,0.00000,0.00000,0.00000,0.00000,0.00000,0.00000,0.00000,0.00000,0.00000,0.00000,0.00000,0.00000,0.00000,0.00000,0.00000,0.00000,0.00000,0.00000,0.00000,0.00000,0.00000,0.00000,0.00000,0.00000,0.00000,0.00000,0.00000,0.00000,0.00000,0.00000,0.00000,0.00000,0.00000,0.00000,0.00000,0.00000,0.00000,0.00000,0.00000,0.00000,0.00000,0.00000,0.00000,0.00000,0.00000,0.00000,0.00000,0.00000,0.00000,0.00000,0.00000,0.00000
ENDO_lNSC_unknown_R,0.00000,0.00000,0.00000,0.00000,0.00000,0.00000,0.00000,0.00000,0.00000,0.00000,0.00000,0.00000,0.00000,0.00000,0.00000,0.00000,0.00000,0.00000,0.00000,0.00000,0.00000,0.00000,0.00000,0.00000,0.00000,0.00000,0.00000,0.00000,0.00000,0.00000,0.00000,0.00000,0.00000,0.00000,0.00000,0.00000,0.00000,0.00000,0.00000,0.00000,0.00000,0.00000,0.00000,0.00000,0.00000,0.00000,0.00000,0.00000,0.00000,0.00000,0.00000,0.00000,0.00000,0.00000,0.00000,0.00000,0.00000,0.00000,0.00000,0.00000,0.00000,0.00000,0.00000,0.00000,0.00000,0.00000,0.00000,0.00000,0.00000,0.00000,0.00000,0.00000,0.00000,0.00000,0.00000,0.00000,0.00000,0.00000,0.00000,0.00000,0.00000,0.00000,0.00000,0.00000,0.00000,0.00000,0.00000,0.00000,0.00000,0.00000,0.00000,0.00000,0.00000,0.00000,0.00000,0.00000,0.00000,0.00000,0.00000,0.00000,0.00000,0.00000,0.00000,0.00000,0.00000,0.00000,0.00000,0.00000,0.00000,0.00000,0.00000,0.00000,0.00000,0.00000,0.00000,0.00000,0.00000,0.00000,0.00000,0.00000,0.00000,0.00000,0.00000,0.00000,0.00000,0.00000,0.00000,0.00000,0.00000,0.00000,0.00000,0.00000,0.00000,0.00000,0.00000,0.00000,0.00000,0.00000,0.00000,0.00000,0.00000,0.00000,0.00000,0.00000,0.00000,0.00000,0.00000,0.00000,0.00000,0.00000,0.00000,0.00000,0.00000,0.00000,0.00000,0.00000,0.00000,0.00000,0.00000,0.00000,0.00000,0.00000,0.00000,0.00000,0.00000,0.00000,0.00000,0.00000,0.00000,0.00000,0.00000,0.00000,0.00000,0.00000,0.00000,0.00000,0.00000,0.00000,0.00000,0.00000,0.00000,0.00000,0.00000,0.00000,0.00000,0.00000,0.00000,0.00000,0.00000,0.00000,0.00000,0.00000,0.00000,0.00000,0.00000,0.00000,0.00000,0.00000,0.00000,0.00000,0.00000,0.00000,0.00000,0.00000,0.00000,0.00000,0.00000,0.00000,0.00000,0.00000,0.00000,0.00000,0.00000,0.00000,0.00000,0.00000,0.00000,0.00000,0.00000,0.00000,0.00000,0.00000,0.00000,0.00000,0.00000,0.00000,0.00000,0.00000,0.00000,0.00000,0.00000,0.00000,0.00000,0.00000,0.00000,0.00000,0.00000,0.00000,0.00000,0.00000,0.00000,0.00000,0.00000,0.00000,0.00000,0.00000,0.00000,0.00000,0.00000,0.00000,0.00000,0.00000,0.00000,0.00000,0.00000,0.00000,0.00000,0.00000,0.00000,0.00000,0.00000,0.00000,0.00000,0.00000,0.00000,0.00000,0.00000,0.00000,0.00000,0.00000,0.00000,0.00000,0.00000,0.00000,0.00000,0.00000,0.00000,0.00000,0.00000,0.00000,0.00000,0.00000,0.00000,0.00000,0.00000,0.00000,0.00000,0.00000,0.00000,0.00000,0.00000,0.00000,0.00000,0.00000,0.00000,0.00000,0.00000,0.00000,0.00000,0.00000,0.00000,0.00000,0.00000,0.00000,0.00000,0.00000,0.00000,0.00000,0.00000,0.00000,0.00000,0.00000,0.00000,0.00000,0.00000,0.00000,0.00000,0.00000,0.00000,0.00000,0.00000,0.00000
ENDO_mNSC_unknown_L,0.00000,0.00000,0.00000,0.00000,0.00000,0.00000,0.00000,0.00000,0.00000,0.00000,0.00000,0.00000,0.00000,0.00000,0.00000,0.00000,0.00000,0.00000,0.00000,0.00000,0.00000,0.00000,0.00000,0.00000,0.00000,0.00000,0.00000,0.00000,0.00000,0.00000,0.00000,0.00000,0.00000,0.00000,0.00000,0.00000,0.00000,0.00000,0.00000,0.00000,0.00000,0.00000,0.00000,0.00000,0.00000,0.00000,0.00000,0.00000,0.00000,0.00000,0.00000,0.00000,0.00000,0.00000,0.00000,0.00000,0.00000,0.00000,0.00000,0.00000,0.00000,0.00000,0.00000,0.00000,0.00000,0.00000,0.00000,0.00000,0.00000,0.00000,0.00000,0.00000,0.00000,0.00000,0.00000,0.00000,0.00000,0.00000,0.00000,0.00000,0.00000,0.00000,0.00000,0.00000,0.00000,0.00000,0.00000,0.00000,0.00000,0.00000,0.00000,0.00000,0.00000,0.00000,0.00000,0.00000,0.00000,0.00000,0.00000,0.00000,0.00000,0.00000,0.00000,0.00000,0.00000,0.00000,0.00000,0.00000,0.00000,0.00000,0.00000,0.00000,0.00000,0.00000,0.00000,0.00000,0.00000,0.00000,0.00000,0.00000,0.00000,0.00000,0.00000,0.00000,0.00000,0.00000,0.00000,0.00000,0.00000,0.00000,0.00000,0.00000,0.00000,0.00000,0.00000,0.00000,0.00000,0.00000,0.00000,0.00000,0.00000,0.00000,0.00000,0.00000,0.00000,0.00000,0.00000,0.00000,0.00000,0.00000,0.00000,0.00000,0.00000,0.00000,0.00000,0.00000,0.00000,0.00000,0.00000,0.00000,0.00000,0.00000,0.00000,0.00000,0.00000,0.00000,0.00000,0.00000,0.00000,0.00000,0.00000,0.00000,0.00000,0.00000,0.00000,0.00000,0.00000,0.00000,0.00000,0.00000,0.00000,0.00000,0.00000,0.00000,0.00000,0.00000,0.00000,0.00000,0.00000,0.00000,0.00000,0.00000,0.00000,0.00000,0.00000,0.00000,0.00000,0.00000,0.00000,0.00000,0.00000,0.00000,0.00000,0.00000,0.00000,0.00000,0.00000,0.00000,0.00000,0.00000,0.00000,0.00000,0.00000,0.00000,0.00000,0.00000,0.00000,0.00000,0.00000,0.00000,0.00000,0.00000,0.00000,0.00000,0.00000,0.00000,0.00000,0.00000,0.00000,0.00000,0.00000,0.00000,0.00000,0.00000,0.00000,0.00000,0.00000,0.00000,0.00000,0.00000,0.00000,0.00000,0.00000,0.00000,0.00000,0.00000,0.00000,0.00000,0.00000,0.00000,0.00000,0.00000,0.00000,0.00000,0.00000,0.00000,0.00000,0.00000,0.00000,0.00000,0.00000,0.00000,0.00000,0.00000,0.00000,0.00000,0.00000,0.00000,0.00000,0.00000,0.00000,0.00000,0.00000,0.00000,0.00000,0.00000,0.00000,0.00000,0.00000,0.00000,0.00000,0.00000,0.00000,0.00000,0.00000,0.00000,0.00000,0.00000,0.00000,0.00000,0.00000,0.00000,0.00000,0.00000,0.00000,0.00000,0.00000,0.00000,0.00000,0.00000,0.00000,0.00000,0.00000,0.00000,0.00000,0.00000,0.00000,0.00000,0.00000,0.00000,0.00000,0.00000,0.00000,0.00000,0.00000,0.00000,0.00000,0.00000,0.00000,0.00000,0.00000,0.00000
ENDO_mNSC_unknown_R,0.00000,0.00000,0.00000,0.00000,0.00000,0.00000,0.00000,0.00000,0.00000,0.00000,0.00000,0.00000,0.00000,0.00000,0.00000,0.00000,0.00000,0.00000,0.00000,0.00000,0.00000,0.00000,0.00000,0.00000,0.00000,0.00000,0.00000,0.00000,0.00000,0.00000,0.00000,0.00000,0.00000,0.00000,0.00000,0.00000,0.00000,0.00000,0.00000,0.00000,0.00000,0.00000,0.00000,0.00000,0.00000,0.00000,0.00000,0.00000,0.00000,0.00000,0.00000,0.00000,0.00000,0.00000,0.00000,0.00000,0.00000,0.00000,0.00000,0.00000,0.00000,0.00000,0.00000,0.00000,0.00000,0.00000,0.00000,0.00000,0.00000,0.00000,0.00000,0.00000,0.00000,0.00000,0.00000,0.00000,0.00000,0.00000,0.00000,0.00000,0.00000,0.00000,0.00000,0.00000,0.00000,0.00000,0.00000,0.00000,0.00000,0.00000,0.00000,0.00000,0.00000,0.00000,0.00000,0.00000,0.00000,0.00000,0.00000,0.00000,0.00000,0.00000,0.00000,0.00000,0.00000,0.00000,0.00000,0.00000,0.00000,0.00000,0.00000,0.00000,0.00000,0.00000,0.00000,0.00000,0.00000,0.00000,0.00000,0.00000,0.00000,0.00000,0.00000,0.00000,0.00000,0.00000,0.00000,0.00000,0.00000,0.00000,0.00000,0.00000,0.00000,0.00000,0.00000,0.00000,0.00000,0.00000,0.00000,0.00000,0.00000,0.00000,0.00000,0.00000,0.00000,0.00000,0.00000,0.00000,0.00000,0.00000,0.00000,0.00000,0.00000,0.00000,0.00000,0.00000,0.00000,0.00000,0.00000,0.00000,0.00000,0.00000,0.00000,0.00000,0.00000,0.00000,0.00000,0.00000,0.00000,0.00000,0.00000,0.00000,0.00000,0.00000,0.00000,0.00000,0.00000,0.00000,0.00000,0.00000,0.00000,0.00000,0.00000,0.00000,0.00000,0.00000,0.00000,0.00000,0.00000,0.00000,0.00000,0.00000,0.00000,0.00000,0.00000,0.00000,0.00000,0.00000,0.00000,0.00000,0.00000,0.00000,0.00000,0.00000,0.00000,0.00000,0.00000,0.00000,0.00000,0.00000,0.00000,0.00000,0.00000,0.00000,0.00000,0.00000,0.00000,0.00000,0.00000,0.00000,0.00000,0.00000,0.00000,0.00000,0.00000,0.00000,0.00000,0.00000,0.00000,0.00000,0.00000,0.00000,0.00000,0.00000,0.00000,0.00000,0.00000,0.00000,0.00000,0.00000,0.00000,0.00000,0.00000,0.00000,0.00000,0.00000,0.00000,0.00000,0.00000,0.00000,0.00000,0.00000,0.00000,0.00000,0.00000,0.00000,0.00000,0.00000,0.00000,0.00000,0.00000,0.00000,0.00000,0.00000,0.00000,0.00000,0.00000,0.00000,0.00000,0.00000,0.00000,0.00000,0.00000,0.00000,0.00000,0.00000,0.00000,0.00000,0.00000,0.00000,0.00000,0.00000,0.00000,0.00000,0.00000,0.00000,0.00000,0.00000,0.00000,0.00000,0.00000,0.00000,0.00000,0.00000,0.00000,0.00000,0.00000,0.00000,0.00000,0.00000,0.00000,0.00000,0.00000,0.00000,0.00000,0.00000,0.00000,0.00000,0.00000,0.00000,0.00000,0.00000,0.00000,0.00000,0.00000,0.00000,0.00000,0.00000,0.00000,0.00000,0.00000,0.00000
octopaminergic_L,0.04200,0.03887,0.00000,0.04054,0.03842,0.03544,0.03584,0.03652,0.03830,0.03595,0.03851,0.03715,0.03952,0.03772,0.03789,0.03780,0.03920,0.04047,0.04106,0.03741,0.04020,0.03275,0.03519,0.03502,0.04285,0.03373,0.04150,0.04023,0.03888,0.04079,0.04153,0.03910,0.04160,0.03952,0.03549,0.04023,0.04041,0.04057,0.04109,0.03429,0.04120,0.04301,0.04303,0.03927,0.04179,0.03843,0.00000,0.00000,0.04035,0.03868,0.04277,0.04170,0.03778,0.04073,0.03786,0.04211,0.03988,0.03857,0.03705,0.04239,0.04045,0.04084,0.04112,0.03813,0.03992,0.03797,0.03499,0.04129,0.03950,0.03587,0.03673,0.03873,0.03701,0.03652,0.04188,0.03621,0.03492,0.04303,0.03928,0.03954,0.04218,0.03925,0.00000,0.03732,0.03461,0.03890,0.04126,0.00000,0.00000,0.00000,0.00000,0.00000,0.00000,0.00000,0.00000,0.00000,0.00000,0.00000,0.00000,0.00000,0.00000,0.00000,0.00000,0.00000,0.00000,0.00495,0.00871,0.00000,0.00000,0.00000,0.00000,0.00000,0.00000,0.00000,0.00000,0.00000,0.00000,0.00000,0.00000,0.00000,0.00000,0.00000,0.00000,0.00000,0.00182,0.00000,0.00000,0.00000,0.00141,0.00000,0.00000,0.00018,0.00000,0.00000,0.00000,0.00000,0.00000,0.00000,0.00000,0.00000,0.00000,0.00000,0.00200,0.00989,0.00265,0.00000,0.02059,0.00755,0.01008,0.02077,0.01950,0.00099,0.02522,0.00453,0.02323,0.00608,0.02343,0.01181,0.02488,0.02688,0.01434,0.01832,0.00110,0.02791,0.03426,0.04721,0.00000,0.02951,0.03498,0.04376,0.04784,0.06929,0.00560,0.02970,0.00203,0.00765,0.02036,0.00269,0.00608,0.01070,0.02075,0.01054,0.02126,0.01518,0.00665,0.01376,0.01315,0.00837,0.01430,0.01127,0.01450,0.00680,0.00556,0.01509,0.05817,0.01594,0.01908,0.01053,0.01556,0.00000,0.00000,0.00000,0.00000,0.01065,0.00127,0.00000,0.00000,0.00000,0.00000,0.00357,0.00000,0.02481,0.00000,0.00000,0.00000,0.00000,0.00000,0.00000,0.00000,0.00000,0.00000,0.00000,0.05520,0.00000,0.00000,0.00000,0.00000,0.00000,0.00000,0.00081,0.02902,0.00081,0.00167,0.00032,0.00290,0.00000,0.00000,0.00000,0.00000,0.05371,0.05239,0.00000,0.00000,0.00000,0.00000,0.00000,0.00182,0.00690,0.00114,0.00153,0.00215,0.00703,0.00211,0.00000,0.00000,0.00000,0.00000,0.00651,0.01318,0.00000,0.00000,0.00000,0.00000,0.00000,0.00000,0.00000,0.00000,0.00048,0.00034,0.00000,0.00000,0.00000,0.00000,0.00174,0.00000,0.00000,0.00000,0.00000,0.00000,0.05264,0.05550,0.00000,0.00000,0.00000,0.00000,0.00000,0.00000,0.00000,0.00000,0.00127,0.00000,0.00119,0.02659,0.00000,0.00000,0.00000,0.00000,0.00000,0.00000,0.00000,0.00000,0.00000,0.00000,0.00000,0.00000,0.00000,0.00000,0.00000,0.00000,0.00000,0.00000,0.00000,0.00000,0.00000,1.00000,0.00036,0.04168,0.04181,0.00615,0.00631,0.06088,0.07577
octopaminergic_R,0.02631,0.02754,0.00000,0.02468,0.02734,0.02786,0.02762,0.03028,0.02613,0.02934,0.02644,0.02736,0.02423,0.02407,0.02778,0.03406,0.02590,0.02848,0.03015,0.02688,0.02576,0.02635,0.02845,0.02743,0.02754,0.02892,0.02541,0.02462,0.02588,0.03100,0.02907,0.02830,0.02846,0.02668,0.02963,0.03350,0.02350,0.03003,0.02868,0.02449,0.02973,0.02523,0.02534,0.02912,0.03107,0.02663,0.00000,0.00000,0.02744,0.02573,0.03029,0.03516,0.02880,0.02554,0.02763,0.02811,0.03129,0.02627,0.02896,0.02659,0.02463,0.03409,0.02894,0.02154,0.02610,0.02408,0.02669,0.02538,0.02702,0.02429,0.02785,0.02523,0.03093,0.02447,0.03171,0.02326,0.02814,0.02900,0.02740,0.02738,0.02640,0.02799,0.00000,0.02747,0.02763,0.02864,0.02426,0.00000,0.00000,0.00000,0.00000,0.00000,0.00000,0.00000,0.00000,0.00000,0.00000,0.00000,0.00000,0.00000,0.00000,0.00000,0.00000,0.00000,0.00000,0.00000,0.00000,0.00000,0.00000,0.00000,0.00000,0.00000,0.00000,0.00000,0.00000,0.00000,0.00000,0.00000,0.00000,0.00000,0.00000,0.00063,0.00000,0.00000,0.00000,0.00000,0.00000,0.00000,0.00000,0.00000,0.00056,0.00000,0.00000,0.00000,0.00051,0.00000,0.00000,0.00000,0.00000,0.00000,0.00000,0.00000,0.00487,0.00000,0.00575,0.00000,0.02284,0.00251,0.00000,0.01498,0.03028,0.00000,0.02629,0.00000,0.02410,0.00000,0.02791,0.00000,0.03202,0.04087,0.00438,0.01876,0.01117,0.02182,0.02078,0.03411,0.00000,0.03761,0.02480,0.04400,0.04307,0.06229,0.00350,0.00926,0.00163,0.01044,0.00744,0.00000,0.00324,0.00016,0.01031,0.02370,0.03016,0.03575,0.00832,0.01116,0.00334,0.01157,0.02776,0.00971,0.01424,0.00727,0.00000,0.02794,0.04904,0.00013,0.00514,0.00862,0.00779,0.00000,0.00000,0.00000,0.00000,0.00454,0.00113,0.00000,0.00000,0.00000,0.00000,0.00697,0.00000,0.01344,0.00000,0.00000,0.00000,0.00000,0.00000,0.00000,0.00000,0.00000,0.00000,0.00000,0.00717,0.00000,0.00000,0.00000,0.00000,0.00000,0.00000,0.00000,0.02294,0.03460,0.04819,0.00000,0.00000,0.00000,0.00000,0.00000,0.00000,0.00609,0.00790,0.00000,0.00000,0.00000,0.00000,0.00000,0.00000,0.04364,0.05504,0.03989,0.07891,0.03518,0.03485,0.00000,0.00000,0.00000,0.00000,0.01003,0.01108,0.00000,0.00000,0.00000,0.00000,0.00000,0.00000,0.00000,0.00000,0.00000,0.00000,0.00000,0.00000,0.00000,0.00000,0.00000,0.00000,0.00000,0.00000,0.00000,0.00000,0.00813,0.00750,0.00000,0.00000,0.00000,0.00000,0.00000,0.00000,0.00000,0.00000,0.00000,0.00000,0.00745,0.00384,0.00000,0.00000,0.00000,0.00000,0.00000,0.00000,0.00000,0.00000,0.00000,0.00000,0.00000,0.00000,0.00000,0.00000,0.00000,0.00000,0.00000,0.00000,0.00000,0.00000,0.00000,0.00036,1.00000,0.03575,0.04127,0.03027,0.03574,0.04665,0.05544
serotonergic_central_L,0.93839,0.93971,0.00000,0.93906,0.93795,0.94317,0.94263,0.93769,0.94043,0.93935,0.93587,0.93987,0.93761,0.94069,0.93544,0.93866,0.93909,0.93757,0.93900,0.93983,0.93811,0.93947,0.93781,0.93647,0.93877,0.93728,0.93801,0.93931,0.93722,0.94172,0.94075,0.93762,0.93988,0.93842,0.94240,0.93969,0.93926,0.94049,0.93775,0.94224,0.93848,0.94187,0.93640,0.93978,0.94368,0.94215,0.09046,0.09046,0.94155,0.94078,0.94025,0.94153,0.93622,0.94115,0.93859,0.94334,0.94085,0.93453,0.93788,0.94092,0.93976,0.93995,0.94022,0.93914,0.93881,0.93772,0.94306,0.93842,0.93853,0.93998,0.93768,0.94054,0.93930,0.93897,0.94003,0.93906,0.94320,0.94028,0.93958,0.94071,0.94009,0.93837,0.00000,0.94015,0.93990,0.94250,0.94050,0.03917,0.00000,0.00000,0.01411,0.00000,0.00238,0.06219,0.00000,0.00000,0.00000,0.00000,0.00000,0.00000,0.01707,0.00000,0.02328,0.00000,0.13003,0.33179,0.34945,0.06219,0.06219,0.00000,0.02576,0.02775,0.00000,0.04172,0.00000,0.00000,0.05088,0.00000,0.00513,0.00000,0.08431,0.10419,0.06703,0.11698,0.16415,0.00000,0.02757,0.04812,0.11214,0.07350,0.06756,0.05596,0.00000,0.02601,0.07479,0.07764,0.00000,0.04696,0.00000,0.00000,0.07915,0.00000,0.13145,0.14154,0.17974,0.03679,0.18857,0.13488,0.13275,0.11833,0.10662,0.03648,0.12494,0.07321,0.26325,0.20185,0.28818,0.32249,0.14111,0.13833,0.04888,0.16826,0.04569,0.13724,0.15364,0.18769,0.05237,0.12114,0.15348,0.16605,0.17226,0.25308,0.11062,0.22595,0.10587,0.15151,0.36522,0.05045,0.11642,0.12236,0.18190,0.12368,0.16544,0.20746,0.15467,0.43689,0.38970,0.10368,0.11319,0.08662,0.13501,0.22530,0.31157,0.09803,0.14466,0.10012,0.15203,0.37873,0.44861,0.00000,0.00000,0.17510,0.14177,0.04975,0.05129,0.00000,0.00000,0.00000,0.00000,0.03150,0.01066,0.19798,0.01013,0.00000,0.00000,0.00000,0.00000,0.00000,0.00000,0.00000,0.00000,0.00000,0.44574,0.00000,0.00000,0.00000,0.00000,0.00000,0.00000,0.15761,0.88660,0.20637,0.21696,0.19986,0.17217,0.00000,0.00000,0.00000,0.00000,0.44004,0.44753,0.00000,0.00000,0.00000,0.00000,0.00000,0.04808,0.20124,0.20758,0.12074,0.08358,0.19536,0.17747,0.00000,0.00000,0.00000,0.00565,0.20806,0.20010,0.00000,0.00000,0.00000,0.00000,0.00000,0.00000,0.00000,0.00000,0.15119,0.11007,0.00000,0.00000,0.00000,0.00000,0.02869,0.00000,0.00000,0.00000,0.00000,0.00000,0.36494,0.36899,0.00000,0.00000,0.00000,0.00000,0.00000,0.00000,0.00723,0.00558,0.10118,0.15304,0.14793,0.20075,0.00000,0.00000,0.00000,0.00000,0.00000,0.00000,0.00000,0.00000,0.00000,0.00000,0.00000,0.00000,0.00000,0.00000,0.00000,0.00000,0.00000,0.00000,0.00000,0.00000,0.00000,0.04168,0.03575,1.00000,0.97865,0.05663,0.05604,0.92555,0.91250
serotonergic_central_R,0.94452,0.94475,0.00000,0.94682,0.94447,0.94763,0.94838,0.94416,0.94390,0.94520,0.93824,0.94200,0.93985,0.94559,0.93906,0.94126,0.94526,0.94259,0.94355,0.94488,0.94259,0.94404,0.94183,0.93940,0.94672,0.93937,0.94304,0.94077,0.94051,0.94587,0.94497,0.94404,0.94694,0.94098,0.94851,0.94743,0.94352,0.94618,0.94129,0.94486,0.94114,0.94951,0.93883,0.94595,0.94753,0.94876,0.09898,0.09898,0.94649,0.94547,0.94666,0.94521,0.94119,0.94480,0.94262,0.94632,0.94914,0.93650,0.94035,0.94695,0.94214,0.94528,0.94184,0.94437,0.94158,0.94399,0.94456,0.94503,0.94335,0.94692,0.93857,0.94381,0.94160,0.94792,0.94323,0.94795,0.94665,0.94728,0.94066,0.94984,0.94727,0.94049,0.00000,0.94285,0.94562,0.94611,0.94674,0.03492,0.00000,0.00000,0.00076,0.00000,0.00464,0.06049,0.00000,0.00000,0.00000,0.00000,0.00000,0.00000,0.02238,0.00000,0.02749,0.00000,0.13197,0.30746,0.38962,0.06049,0.06049,0.00000,0.02261,0.04049,0.00000,0.04831,0.00000,0.00000,0.04399,0.00000,0.00440,0.00000,0.08667,0.10078,0.07536,0.12380,0.15445,0.00000,0.02681,0.05931,0.11766,0.07588,0.06686,0.05618,0.00000,0.03024,0.08373,0.07602,0.00000,0.04874,0.00000,0.00000,0.06415,0.00000,0.11544,0.14718,0.16084,0.04346,0.20373,0.13745,0.12119,0.13170,0.11802,0.03266,0.13946,0.06704,0.27564,0.20083,0.28895,0.33494,0.14003,0.14929,0.05333,0.18234,0.02782,0.14817,0.17266,0.21620,0.03705,0.13718,0.17648,0.19961,0.18024,0.27844,0.09914,0.23796,0.10025,0.15221,0.35886,0.05359,0.12262,0.13523,0.20913,0.12312,0.18869,0.22410,0.15823,0.43578,0.41530,0.09175,0.11321,0.09309,0.14582,0.23493,0.33209,0.09863,0.16300,0.11812,0.17981,0.36776,0.47042,0.00000,0.00000,0.17419,0.15367,0.05752,0.05253,0.00000,0.00000,0.00000,0.00000,0.03982,0.01555,0.20201,0.00933,0.00000,0.00000,0.00000,0.00000,0.00000,0.00000,0.00000,0.00000,0.00000,0.48064,0.00000,0.00000,0.00000,0.00000,0.00000,0.00000,0.15389,0.89517,0.19168,0.20528,0.19167,0.16580,0.00000,0.00000,0.00000,0.00000,0.47296,0.48327,0.00000,0.00000,0.00000,0.00000,0.00000,0.03118,0.18921,0.19693,0.11308,0.07289,0.18459,0.17280,0.00000,0.00000,0.00000,0.00000,0.20067,0.19440,0.00000,0.00000,0.00000,0.00000,0.00000,0.00000,0.00000,0.00000,0.09124,0.06930,0.00000,0.00000,0.00000,0.00000,0.02392,0.00000,0.00000,0.00000,0.00000,0.00000,0.40498,0.40655,0.00000,0.00000,0.00000,0.00000,0.00000,0.00000,0.00552,0.00659,0.04486,0.09175,0.14470,0.22170,0.00000,0.00000,0.00000,0.00000,0.00000,0.00000,0.00000,0.00000,0.00000,0.00000,0.00000,0.00000,0.00000,0.00000,0.00000,0.00000,0.00000,0.00000,0.00000,0.00000,0.00000,0.04181,0.04127,0.97865,1.00000,0.05775,0.06036,0.93803,0.93040
DAN_PAM_L,0.05918,0.06850,0.00000,0.06377,0.05734,0.05818,0.05554,0.06573,0.06632,0.05510,0.06316,0.05537,0.05804,0.05061,0.04986,0.06090,0.06073,0.05371,0.05629,0.05692,0.05707,0.05796,0.05242,0.04841,0.05016,0.06574,0.05924,0.05252,0.05729,0.05932,0.06862,0.06124,0.06327,0.05714,0.05227,0.05670,0.05378,0.05915,0.06335,0.06178,0.06857,0.05008,0.05759,0.05858,0.06027,0.05073,0.00000,0.00000,0.05977,0.05567,0.06421,0.06427,0.05266,0.06076,0.05815,0.06430,0.05915,0.05092,0.05339,0.06228,0.05878,0.05733,0.05626,0.05008,0.05683,0.05374,0.06503,0.05718,0.05846,0.05500,0.05624,0.05417,0.05874,0.05499,0.06100,0.05275,0.05627,0.05851,0.06390,0.05902,0.05689,0.06125,0.00000,0.06653,0.05964,0.05976,0.05911,0.00000,0.00000,0.00000,0.00000,0.00000,0.00000,0.00000,0.00000,0.00000,0.00000,0.00000,0.00000,0.00000,0.00000,0.00000,0.00000,0.00000,0.00000,0.00000,0.00000,0.00000,0.00000,0.00000,0.00000,0.00000,0.00000,0.00000,0.00000,0.00000,0.00000,0.00000,0.00325,0.00000,0.00000,0.01183,0.00000,0.00000,0.00000,0.00000,0.00000,0.00274,0.00000,0.00512,0.00907,0.00571,0.00000,0.00000,0.01315,0.00000,0.00000,0.00000,0.00000,0.00000,0.00000,0.00000,0.00395,0.00000,0.02518,0.00000,0.39547,0.22258,0.11825,0.22990,0.54635,0.25430,0.43052,0.22778,0.43669,0.18363,0.54196,0.19254,0.24590,0.40759,0.16718,0.34847,0.01882,0.34757,0.19785,0.32284,0.15518,0.58767,0.15989,0.28466,0.28553,0.28141,0.05957,0.33818,0.06217,0.23683,0.12342,0.04395,0.10548,0.11320,0.20545,0.17483,0.38834,0.42469,0.20179,0.21394,0.11992,0.15793,0.27907,0.36155,0.27839,0.03540,0.00377,0.09471,0.20588,0.04119,0.12147,0.18928,0.22663,0.00000,0.00000,0.00000,0.00000,0.09645,0.09585,0.00000,0.00000,0.00000,0.00000,0.09045,0.12916,0.25943,0.25258,0.00000,0.00000,0.00000,0.00000,0.00000,0.00000,0.00000,0.00000,0.00000,0.13503,0.00000,0.00000,0.00000,0.00000,0.00000,0.00000,0.01135,0.06364,0.02195,0.02293,0.01002,0.00000,0.00000,0.00000,0.00000,0.00000,0.16090,0.17683,0.00000,0.00000,0.00000,0.00000,0.00000,0.08054,0.02933,0.02300,0.05990,0.05626,0.02595,0.03856,0.00000,0.00000,0.00000,0.00000,0.02675,0.02901,0.00000,0.00000,0.00000,0.00000,0.00000,0.00000,0.00000,0.00000,0.00000,0.00000,0.00000,0.00000,0.00000,0.00000,0.00000,0.00000,0.00000,0.00000,0.00000,0.00000,0.18464,0.15425,0.00000,0.00000,0.00000,0.00000,0.00000,0.00000,0.00105,0.01718,0.00401,0.00000,0.01934,0.09034,0.00000,0.00000,0.00000,0.00000,0.00000,0.00000,0.00000,0.00000,0.00000,0.00000,0.00000,0.00000,0.00000,0.00000,0.00000,0.00000,0.00000,0.00000,0.00000,0.00000,0.00000,0.00615,0.03027,0.05663,0.05775,1.00000,0.90782,0.07266,0.09510
DAN_PAM_R,0.06359,0.07595,0.00000,0.07620,0.06010,0.06137,0.05626,0.07698,0.07322,0.05486,0.06932,0.05629,0.06264,0.04999,0.04668,0.06484,0.06984,0.05854,0.05968,0.06159,0.05928,0.05782,0.05079,0.04940,0.04991,0.06982,0.06253,0.04804,0.06086,0.06447,0.07681,0.06993,0.07099,0.05877,0.05015,0.05677,0.05049,0.06394,0.07089,0.06415,0.07651,0.04829,0.06077,0.06329,0.06163,0.04641,0.00000,0.00000,0.06303,0.05546,0.07240,0.06535,0.05378,0.06911,0.05950,0.06657,0.06361,0.05213,0.05432,0.06750,0.06240,0.06410,0.05736,0.04978,0.06181,0.05608,0.06644,0.06226,0.06455,0.05619,0.05779,0.05999,0.06252,0.06046,0.05997,0.05434,0.05791,0.06304,0.07125,0.06420,0.06189,0.06410,0.00000,0.07350,0.06489,0.06756,0.06618,0.00000,0.00000,0.00000,0.00000,0.00000,0.00000,0.00000,0.00000,0.00000,0.00000,0.00000,0.00000,0.00000,0.00000,0.00000,0.00000,0.00000,0.00000,0.00000,0.00000,0.00000,0.00000,0.00000,0.00000,0.00000,0.00000,0.00000,0.00000,0.00000,0.00000,0.00000,0.00000,0.00000,0.00000,0.01245,0.00000,0.00000,0.00000,0.00000,0.00000,0.00000,0.00000,0.00689,0.00977,0.00768,0.00000,0.00000,0.01327,0.00000,0.00000,0.00000,0.00000,0.00000,0.00000,0.00000,0.00000,0.00000,0.02007,0.00000,0.49578,0.19522,0.09654,0.29696,0.66398,0.23208,0.53396,0.18712,0.55125,0.15877,0.62495,0.16634,0.18966,0.36230,0.10290,0.37214,0.02157,0.32206,0.12717,0.27153,0.11983,0.51873,0.07658,0.25205,0.15908,0.19126,0.03626,0.31346,0.05374,0.26153,0.17689,0.03189,0.11645,0.06478,0.17422,0.07963,0.29483,0.52334,0.18905,0.27237,0.13146,0.15277,0.23004,0.29847,0.24330,0.09525,0.00507,0.03534,0.16068,0.02194,0.12863,0.18852,0.23339,0.00000,0.00000,0.00000,0.00000,0.09861,0.07433,0.00000,0.00000,0.00000,0.00000,0.15213,0.15448,0.29920,0.25102,0.00000,0.00000,0.00000,0.00000,0.00000,0.00000,0.00000,0.00000,0.00000,0.12843,0.00000,0.00000,0.00000,0.00000,0.00000,0.00000,0.00172,0.06174,0.00962,0.01345,0.00135,0.00000,0.00000,0.00000,0.00000,0.00000,0.13183,0.15977,0.00000,0.00000,0.00000,0.00000,0.00000,0.03096,0.01155,0.01153,0.03120,0.01958,0.00798,0.01522,0.00000,0.00000,0.00000,0.00000,0.01362,0.01210,0.00000,0.00000,0.00000,0.00000,0.00000,0.00000,0.00000,0.00000,0.00000,0.00000,0.00000,0.00000,0.00000,0.00000,0.00000,0.00000,0.00000,0.00000,0.00000,0.00000,0.16858,0.14883,0.00000,0.00000,0.00000,0.00000,0.00000,0.00000,0.00000,0.00578,0.00000,0.00000,0.00831,0.07335,0.00000,0.00000,0.00000,0.00000,0.00000,0.00000,0.00000,0.00000,0.00000,0.00000,0.00000,0.00000,0.00000,0.00000,0.00000,0.00000,0.00000,0.00000,0.00000,0.00000,0.00000,0.00631,0.03574,0.05604,0.06036,0.90782,1.00000,0.07137,0.10202
DAN_PPL_L,0.98212,0.97968,0.00000,0.98162,0.98108,0.98229,0.98005,0.98267,0.98045,0.98189,0.97760,0.97683,0.97814,0.98222,0.97826,0.97990,0.98000,0.97861,0.97921,0.98110,0.97850,0.98005,0.97977,0.97968,0.98011,0.97298,0.98080,0.97732,0.97839,0.98193,0.98120,0.98344,0.98136,0.98057,0.98060,0.98211,0.97870,0.98003,0.97933,0.97792,0.97779,0.98258,0.97597,0.98166,0.98226,0.98069,0.00000,0.00000,0.98002,0.97967,0.98138,0.98019,0.98104,0.97952,0.97888,0.98152,0.98032,0.97927,0.97957,0.98201,0.97838,0.97852,0.97529,0.98217,0.97932,0.97882,0.97802,0.97924,0.97785,0.97914,0.97680,0.97934,0.97721,0.97938,0.98043,0.98062,0.98060,0.98350,0.97831,0.98047,0.98090,0.98028,0.00000,0.97949,0.97947,0.97877,0.98401,0.03668,0.00000,0.00000,0.00629,0.00000,0.01148,0.05445,0.00000,0.00000,0.00000,0.00000,0.00000,0.00000,0.04290,0.00000,0.02402,0.00000,0.11797,0.30543,0.36938,0.05445,0.07260,0.00000,0.02521,0.04455,0.00000,0.04518,0.00000,0.00000,0.04537,0.00000,0.00581,0.00000,0.10977,0.14485,0.07732,0.11383,0.15179,0.00000,0.03945,0.06437,0.10950,0.09239,0.07004,0.07417,0.00000,0.05082,0.08526,0.10212,0.00000,0.04954,0.00000,0.00000,0.08470,0.00000,0.14247,0.20413,0.19845,0.03797,0.24926,0.15841,0.14575,0.16134,0.16050,0.04753,0.19508,0.09235,0.33585,0.21745,0.33610,0.35016,0.20503,0.21900,0.10471,0.19813,0.06648,0.19176,0.19891,0.26381,0.04827,0.18572,0.19585,0.22329,0.23306,0.33296,0.12366,0.29122,0.12366,0.17493,0.41308,0.05248,0.14244,0.13769,0.21740,0.15895,0.22130,0.26904,0.19767,0.47487,0.44220,0.14734,0.16169,0.11037,0.15985,0.24268,0.34602,0.11527,0.20916,0.12285,0.18367,0.42469,0.49931,0.00000,0.00000,0.14502,0.09114,0.07458,0.06881,0.00000,0.00000,0.00000,0.00000,0.03707,0.01711,0.26384,0.01326,0.00000,0.00000,0.00000,0.00000,0.00000,0.00000,0.00000,0.00000,0.00000,0.58640,0.00000,0.00000,0.00000,0.00000,0.00000,0.00000,0.05341,0.88319,0.02937,0.04171,0.01284,0.03283,0.00000,0.00000,0.00000,0.00000,0.58654,0.59561,0.00000,0.00000,0.00000,0.00000,0.00000,0.04973,0.05735,0.03698,0.05299,0.07836,0.05967,0.06283,0.00000,0.00000,0.00000,0.00000,0.04127,0.05262,0.00000,0.00000,0.00000,0.00000,0.00000,0.00000,0.00000,0.00000,0.02619,0.01863,0.00000,0.00000,0.00000,0.00000,0.02755,0.00000,0.00000,0.00000,0.00000,0.00000,0.50814,0.51666,0.00000,0.00000,0.00000,0.00000,0.00000,0.00000,0.00690,0.00448,0.04597,0.00000,0.05974,0.27301,0.00000,0.00000,0.00000,0.00000,0.00000,0.00000,0.00000,0.00000,0.00000,0.00000,0.00000,0.00000,0.00000,0.00000,0.00000,0.00000,0.00000,0.00000,0.00000,0.00000,0.00000,0.06088,0.04665,0.92555,0.93803,0.07266,0.07137,1.00000,0.98354
DAN_PPL_R,0.96831,0.96785,0.00000,0.96766,0.96244,0.96390,0.96385,0.96684,0.96364,0.96514,0.95910,0.95867,0.95805,0.96332,0.95544,0.95942,0.96258,0.96176,0.96071,0.96192,0.96376,0.96201,0.95933,0.96046,0.96275,0.95433,0.96142,0.95737,0.96052,0.96618,0.96443,0.96420,0.96831,0.96058,0.96282,0.96823,0.96216,0.96293,0.96256,0.96019,0.95888,0.96631,0.95501,0.96549,0.96534,0.96433,0.00000,0.00000,0.96392,0.96124,0.96487,0.96424,0.96030,0.96170,0.96385,0.96579,0.96696,0.95791,0.96122,0.96600,0.96171,0.96496,0.95550,0.96417,0.96331,0.96112,0.96229,0.96274,0.96235,0.96692,0.95835,0.96064,0.95951,0.96674,0.96350,0.96412,0.96328,0.96912,0.95869,0.96704,0.96570,0.96150,0.00000,0.96153,0.96103,0.96150,0.96899,0.03656,0.00000,0.00000,0.00146,0.00000,0.00445,0.06332,0.00000,0.00000,0.00000,0.00000,0.00000,0.00000,0.01524,0.00000,0.02483,0.00000,0.10553,0.28946,0.38501,0.06332,0.05277,0.00000,0.02228,0.04317,0.00000,0.04389,0.00000,0.00000,0.04221,0.00000,0.00958,0.00000,0.10322,0.11497,0.07327,0.10409,0.14321,0.00000,0.02889,0.05917,0.11549,0.06260,0.06730,0.05321,0.00000,0.02111,0.08148,0.08095,0.00000,0.03872,0.00000,0.00000,0.07387,0.00000,0.12241,0.20030,0.17777,0.03925,0.28317,0.18462,0.14370,0.20675,0.20299,0.04986,0.23820,0.10543,0.36712,0.25014,0.36248,0.38569,0.22345,0.25664,0.11437,0.21515,0.04131,0.22403,0.22531,0.30406,0.03976,0.23167,0.22253,0.26548,0.26524,0.37442,0.11701,0.32330,0.08346,0.19595,0.41248,0.04921,0.13730,0.13883,0.23893,0.17141,0.25253,0.29369,0.20817,0.47078,0.46230,0.14930,0.18298,0.12893,0.18436,0.24565,0.35340,0.12949,0.23893,0.13551,0.20496,0.38459,0.52616,0.00000,0.00000,0.14626,0.08426,0.08352,0.06075,0.00000,0.00000,0.00000,0.00000,0.05487,0.01492,0.28718,0.01492,0.00000,0.00000,0.00000,0.00000,0.00000,0.00000,0.00000,0.00000,0.00000,0.63997,0.00000,0.00000,0.00000,0.00000,0.00000,0.00000,0.04536,0.86898,0.02619,0.03852,0.01320,0.02864,0.00000,0.00000,0.00000,0.00000,0.63879,0.64882,0.00000,0.00000,0.00000,0.00000,0.00000,0.04587,0.05095,0.03331,0.04622,0.06860,0.05410,0.05578,0.00000,0.00000,0.00000,0.00000,0.03634,0.04703,0.00000,0.00000,0.00000,0.00000,0.00000,0.00000,0.00000,0.00000,0.02678,0.01905,0.00000,0.00000,0.00000,0.00000,0.02487,0.00000,0.00000,0.00000,0.00000,0.00000,0.56749,0.57374,0.00000,0.00000,0.00000,0.00000,0.00000,0.00000,0.00584,0.00595,0.04166,0.00000,0.05057,0.30399,0.00000,0.00000,0.00000,0.00000,0.00000,0.00000,0.00000,0.00000,0.00000,0.00000,0.00000,0.00000,0.00000,0.00000,0.00000,0.00000,0.00000,0.00000,0.00000,0.00000,0.00000,0.07577,0.05544,0.91250,0.93040,0.09510,0.10202,0.98354,1.00000
